fecha_registro,pais,localidad,temperatura_ambiente,tipo_inmueble,numero_habitantes,cantidad_equipos,frecuencia_uso,horas_alto_consumo,uso_horario_pico,consumo_kwh,categoria,costo_estimado
2026-04-13,México,Monterrey,26.6,Departamento,2,5,Media,8,False,193.23,Eficiente,144.92
2026-09-15,México,Guadalajara,23.4,Casa,4,13,Media,4,True,259.09,Moderado,194.32
2026-07-07,Colombia,Cali,22.8,Local,5,26,Media,4,True,1163.51,Ineficiente,872.63
2026-08-30,Colombia,Medellín,20.2,Departamento,2,5,Media,10,True,169.67,Eficiente,127.25
2026-01-02,Colombia,Medellín,22.1,Casa,6,12,Media,7,True,424.04,Moderado,318.03
2026-08-03,Colombia,Bucaramanga,21.8,Casa,6,11,Media,7,True,281.15,Moderado,210.86
2026-12-11,México,Ciudad de México,13.4,Casa,6,15,Alta,8,True,616.94,Ineficiente,462.71
2026-01-28,México,Mérida,23.7,Casa,4,10,Alta,15,True,444.89,Moderado,333.67
2026-05-11,México,Guadalajara,25.5,Casa,1,15,Baja,4,True,148.89,Eficiente,111.67
2026-02-21,México,Mérida,25.8,Casa,4,16,Baja,3,True,337.09,Moderado,252.82
2026-03-03,México,Mérida,27.6,Casa,7,13,Alta,11,True,613.73,Ineficiente,460.3
2026-10-10,Colombia,Barranquilla,28.7,Casa,3,13,Media,4,True,314.79,Moderado,236.09
2026-06-09,Colombia,Bogotá,12.8,Casa,3,10,Media,6,True,226.31,Eficiente,169.73
2026-04-23,México,Mérida,28.1,Casa,7,9,Baja,4,True,307.67,Moderado,230.75
2026-07-22,Colombia,Bogotá,13.5,Casa,5,14,Media,4,True,325.46,Moderado,244.09
2026-09-16,México,Monterrey,28.4,Departamento,4,7,Baja,1,False,165.58,Eficiente,124.18
2026-05-09,México,Ciudad de México,18.2,Local,15,15,Media,5,False,867.68,Ineficiente,650.76
2026-10-31,México,Tijuana,21.8,Departamento,2,7,Alta,10,False,242.49,Eficiente,181.87
2026-04-26,Perú,Piura,28.8,Departamento,1,5,Media,8,True,173.66,Eficiente,130.24
2026-06-12,México,Ciudad de México,18.4,Casa,4,9,Media,10,False,283.89,Moderado,212.92
2026-01-22,Perú,Puno,12.0,Local,5,16,Media,10,True,602.56,Ineficiente,451.92
2026-05-27,México,Ciudad de México,18.1,Local,5,15,Alta,11,True,1217.18,Ineficiente,912.88
2026-06-30,México,Mérida,31.7,Casa,4,18,Media,5,True,540.97,Ineficiente,405.73
2026-12-26,Perú,Arequipa,17.2,Local,2,19,Alta,8,True,592.3,Ineficiente,444.22
2026-02-08,Colombia,Medellín,22.6,Local,15,19,Media,8,True,696.49,Ineficiente,522.37
2026-05-22,México,Mérida,30.2,Casa,5,10,Baja,6,True,288.34,Moderado,216.26
2026-06-29,Perú,Cusco,10.3,Casa,6,9,Media,7,False,256.02,Moderado,192.02
2026-12-21,México,Mérida,24.3,Local,10,11,Media,6,True,443.79,Moderado,332.84
2026-04-27,Perú,Lima,25.4,Casa,7,12,Baja,6,False,310.85,Moderado,233.14
2026-09-29,Colombia,Bucaramanga,22.2,Casa,3,11,Alta,8,True,245.84,Eficiente,184.38
2026-04-04,México,Mérida,28.4,Casa,6,17,Media,9,True,450.03,Ineficiente,337.52
2026-11-21,México,Mérida,26.7,Departamento,3,11,Media,7,False,332.85,Moderado,249.64
2026-06-09,México,Mérida,30.8,Departamento,3,8,Alta,10,False,318.83,Moderado,239.12
2026-10-12,Perú,Arequipa,15.1,Departamento,2,9,Media,5,True,225.08,Eficiente,168.81
2026-07-15,México,Guadalajara,24.3,Local,10,25,Media,5,True,984.55,Ineficiente,738.41
2026-04-09,Colombia,Medellín,21.5,Departamento,4,9,Baja,5,False,142.0,Eficiente,106.5
2026-03-03,Colombia,Bogotá,13.6,Local,5,9,Alta,11,True,1131.57,Ineficiente,848.68
2026-02-21,México,Tijuana,14.2,Departamento,3,6,Alta,15,False,194.27,Eficiente,145.7
2026-08-11,Perú,Cusco,11.8,Casa,2,8,Alta,11,False,417.32,Moderado,312.99
2026-06-17,Perú,Arequipa,14.8,Casa,5,9,Media,8,True,402.6,Moderado,301.95
2026-08-05,México,Mérida,30.8,Casa,6,13,Media,5,True,353.08,Moderado,264.81
2026-08-30,Colombia,Medellín,21.5,Departamento,4,10,Media,7,False,199.06,Eficiente,149.3
2026-11-08,Colombia,Bucaramanga,23.9,Casa,8,6,Alta,13,False,562.18,Ineficiente,421.64
2026-05-27,México,Guadalajara,25.3,Casa,3,24,Media,6,False,243.69,Eficiente,182.77
2026-08-12,Perú,Piura,22.2,Casa,3,14,Media,7,True,239.98,Eficiente,179.98
2026-07-11,Colombia,Bogotá,12.6,Casa,5,10,Baja,3,False,331.81,Moderado,248.86
2026-10-30,México,Guadalajara,23.9,Local,1,10,Media,4,True,661.93,Ineficiente,496.45
2026-10-09,Colombia,Cali,24.7,Departamento,3,8,Media,10,False,294.34,Moderado,220.76
2026-12-24,México,Tijuana,15.5,Departamento,2,6,Baja,1,False,131.57,Eficiente,98.68
2026-10-15,Perú,Arequipa,16.0,Casa,6,10,Alta,11,True,542.94,Ineficiente,407.21
2026-04-22,Colombia,Bucaramanga,23.2,Departamento,2,6,Baja,6,False,165.46,Eficiente,124.1
2026-11-04,Colombia,Bogotá,14.6,Casa,5,18,Alta,11,True,646.45,Ineficiente,484.84
2026-12-06,Colombia,Medellín,22.2,Casa,3,13,Media,10,True,240.78,Eficiente,180.58
2026-01-08,Perú,Piura,27.7,Local,5,22,Baja,2,True,685.86,Ineficiente,514.4
2026-06-19,Perú,Puno,8.1,Casa,4,19,Baja,2,True,184.93,Eficiente,138.7
2026-05-01,México,Monterrey,29.8,Casa,3,17,Alta,12,False,575.27,Ineficiente,431.45
2026-01-14,México,Guadalajara,19.5,Casa,3,15,Alta,13,False,306.46,Moderado,229.84
2026-10-21,Colombia,Bogotá,14.5,Casa,5,18,Baja,6,True,405.26,Moderado,303.94
2026-03-09,Colombia,Bogotá,14.0,Casa,5,14,Alta,8,True,387.42,Moderado,290.56
2026-06-29,México,Guadalajara,24.5,Casa,4,20,Baja,5,True,244.57,Eficiente,183.43
2026-11-27,Perú,Lima,22.2,Casa,4,23,Baja,2,True,354.45,Moderado,265.84
2026-04-28,Colombia,Cali,24.6,Departamento,3,8,Alta,12,True,243.4,Eficiente,182.55
2026-08-13,México,Mérida,30.2,Departamento,2,9,Baja,4,True,183.92,Eficiente,137.94
2026-01-10,Colombia,Medellín,23.0,Casa,6,10,Media,4,True,297.77,Moderado,223.33
2026-04-04,Perú,Puno,11.7,Local,2,23,Alta,11,True,1308.09,Ineficiente,981.07
2026-03-01,México,Monterrey,22.6,Casa,3,9,Alta,10,True,457.45,Ineficiente,343.09
2026-02-11,Colombia,Cali,24.2,Casa,4,13,Media,10,True,378.92,Moderado,284.19
2026-02-08,Perú,Cusco,14.3,Casa,2,17,Media,7,False,358.67,Moderado,269.0
2026-04-07,México,Monterrey,26.5,Casa,5,16,Alta,8,True,444.62,Moderado,333.46
2026-12-31,Perú,Puno,12.1,Casa,4,17,Baja,3,True,261.25,Moderado,195.94
2026-03-10,México,Guadalajara,21.7,Casa,4,10,Media,5,True,286.6,Moderado,214.95
2026-04-21,México,Monterrey,26.9,Departamento,3,12,Alta,9,False,244.67,Eficiente,183.5
2026-02-20,México,Ciudad de México,14.9,Casa,2,23,Alta,13,False,449.95,Moderado,337.46
2026-05-29,Colombia,Bucaramanga,22.7,Departamento,1,7,Media,4,False,224.52,Eficiente,168.39
2026-12-13,Colombia,Cali,23.1,Local,3,20,Baja,5,False,498.66,Ineficiente,374.0
2026-05-30,Perú,Arequipa,15.3,Casa,8,8,Media,7,True,262.77,Moderado,197.08
2026-08-12,Perú,Cusco,10.4,Local,3,14,Baja,6,True,497.37,Ineficiente,373.03
2026-06-24,Colombia,Barranquilla,29.0,Casa,6,8,Media,10,False,346.02,Moderado,259.52
2026-06-11,Colombia,Barranquilla,29.7,Local,5,19,Media,10,True,483.27,Ineficiente,362.45
2026-08-27,México,Monterrey,31.3,Casa,2,10,Alta,15,False,680.35,Ineficiente,510.26
2026-07-01,Perú,Arequipa,12.0,Casa,3,6,Baja,4,True,236.55,Eficiente,177.41
2026-07-16,Colombia,Medellín,21.7,Casa,1,18,Media,9,True,393.99,Moderado,295.49
2026-12-08,México,Ciudad de México,14.7,Casa,7,17,Media,6,True,461.18,Ineficiente,345.88
2026-10-08,Colombia,Cali,23.8,Casa,7,15,Media,9,False,308.88,Moderado,231.66
2026-02-03,México,Ciudad de México,14.0,Departamento,1,6,Media,10,False,202.44,Eficiente,151.83
2026-11-05,Perú,Puno,12.7,Casa,6,12,Media,9,False,263.58,Moderado,197.68
2026-10-09,Perú,Cusco,12.6,Casa,6,10,Media,5,True,397.43,Moderado,298.07
2026-11-08,Perú,Piura,27.1,Casa,6,18,Alta,10,True,563.46,Ineficiente,422.6
2026-07-20,Colombia,Bogotá,13.0,Departamento,2,6,Alta,12,True,339.7,Moderado,254.77
2026-01-12,Colombia,Barranquilla,28.6,Local,10,22,Media,7,True,1462.36,Ineficiente,1096.77
2026-05-29,México,Tijuana,19.4,Departamento,2,8,Baja,2,True,145.99,Eficiente,109.49
2026-01-16,México,Guadalajara,19.1,Local,1,22,Media,5,True,761.66,Ineficiente,571.24
2026-04-13,Perú,Cusco,13.1,Casa,7,13,Media,10,True,358.72,Moderado,269.04
2026-12-15,México,Tijuana,15.3,Local,8,15,Baja,2,False,248.48,Eficiente,186.36
2026-10-01,México,Monterrey,24.1,Casa,2,7,Baja,4,True,264.18,Moderado,198.14
2026-09-23,Perú,Piura,24.5,Casa,2,11,Media,7,False,281.67,Moderado,211.25
2026-03-14,Perú,Lima,27.4,Casa,8,17,Baja,6,False,446.23,Moderado,334.67
2026-03-03,México,Ciudad de México,16.5,Casa,4,18,Baja,3,True,218.26,Eficiente,163.7
2026-08-06,Perú,Arequipa,14.6,Casa,2,22,Alta,10,True,451.68,Ineficiente,338.76
2026-06-27,Colombia,Bogotá,12.3,Departamento,2,6,Media,4,False,214.9,Eficiente,161.18
2026-11-19,Colombia,Bucaramanga,23.8,Local,15,25,Media,8,True,992.51,Ineficiente,744.38
2026-02-07,Colombia,Bucaramanga,22.1,Casa,8,8,Alta,12,False,454.29,Ineficiente,340.72
2026-12-15,México,Monterrey,15.7,Departamento,3,7,Alta,10,False,202.36,Eficiente,151.77
2026-10-31,México,Monterrey,24.5,Local,2,22,Baja,5,False,651.61,Ineficiente,488.71
2026-01-23,Perú,Cusco,13.5,Local,1,20,Alta,11,True,715.2,Ineficiente,536.4
2026-04-23,México,Guadalajara,24.3,Casa,6,8,Alta,9,True,473.41,Ineficiente,355.06
2026-12-01,México,Tijuana,15.6,Casa,6,21,Baja,4,True,332.05,Moderado,249.04
2026-04-30,Perú,Arequipa,17.0,Departamento,2,9,Media,7,True,111.28,Eficiente,83.46
2026-03-20,México,Monterrey,22.4,Casa,3,24,Media,8,False,425.14,Moderado,318.86
2026-03-16,Perú,Arequipa,17.5,Casa,2,19,Alta,15,True,659.02,Ineficiente,494.26
2026-03-25,Colombia,Bogotá,13.9,Casa,4,16,Alta,10,True,478.2,Ineficiente,358.65
2026-09-28,Colombia,Cali,23.9,Casa,7,17,Alta,13,True,361.75,Moderado,271.31
2026-06-30,México,Guadalajara,25.2,Departamento,3,5,Baja,4,True,143.14,Eficiente,107.35
2026-11-15,México,Tijuana,17.5,Departamento,2,8,Baja,2,False,140.74,Eficiente,105.56
2026-06-15,Colombia,Bucaramanga,22.5,Local,15,23,Alta,8,True,2006.64,Ineficiente,1504.98
2026-03-21,Colombia,Barranquilla,29.4,Departamento,1,7,Media,4,False,133.77,Eficiente,100.33
2026-06-03,Colombia,Medellín,22.0,Casa,5,18,Baja,4,True,325.81,Moderado,244.36
2026-01-09,México,Ciudad de México,13.4,Local,10,25,Media,6,True,1075.97,Ineficiente,806.98
2026-11-10,México,Monterrey,19.1,Casa,4,16,Media,7,True,416.77,Moderado,312.58
2026-02-24,Colombia,Bucaramanga,22.4,Departamento,3,8,Media,5,False,171.75,Eficiente,128.81
2026-02-28,México,Guadalajara,19.8,Casa,4,9,Alta,8,False,423.24,Moderado,317.43
2026-10-20,Colombia,Barranquilla,29.5,Casa,5,13,Media,5,False,382.3,Moderado,286.73
2026-09-19,México,Monterrey,29.2,Local,3,21,Media,10,True,1020.27,Ineficiente,765.2
2026-03-28,México,Guadalajara,21.4,Local,5,15,Alta,14,True,1021.98,Ineficiente,766.48
2026-08-19,Perú,Cusco,10.6,Casa,7,5,Media,7,True,410.41,Moderado,307.81
2026-01-10,Perú,Arequipa,16.9,Departamento,1,8,Media,7,False,133.73,Eficiente,100.3
2026-05-01,México,Tijuana,19.1,Departamento,3,8,Alta,13,True,195.91,Eficiente,146.93
2026-05-10,Perú,Puno,10.9,Casa,2,12,Alta,12,True,420.49,Moderado,315.37
2026-10-03,México,Monterrey,24.0,Local,8,27,Media,10,True,936.45,Ineficiente,702.34
2026-05-31,Perú,Puno,9.3,Local,10,14,Baja,5,True,783.29,Ineficiente,587.47
2026-10-17,México,Guadalajara,22.7,Casa,3,18,Alta,8,True,583.41,Ineficiente,437.56
2026-10-16,México,Tijuana,21.3,Departamento,2,6,Media,10,False,196.17,Eficiente,147.13
2026-03-14,Perú,Lima,26.2,Departamento,4,12,Media,5,False,270.26,Moderado,202.7
2026-11-27,Colombia,Bogotá,13.7,Departamento,3,9,Media,8,True,173.58,Eficiente,130.18
2026-04-12,Perú,Cusco,12.3,Departamento,4,8,Media,5,True,114.34,Eficiente,85.76
2026-01-12,Perú,Puno,11.5,Casa,4,13,Alta,11,False,252.16,Moderado,189.12
2026-12-02,México,Mérida,25.9,Departamento,2,6,Media,6,True,168.19,Eficiente,126.14
2026-02-21,México,Tijuana,15.6,Casa,4,14,Alta,8,False,495.72,Ineficiente,371.79
2026-09-20,México,Guadalajara,24.6,Casa,3,17,Baja,4,True,198.3,Eficiente,148.73
2026-06-21,Perú,Arequipa,13.2,Casa,5,13,Media,5,True,332.06,Moderado,249.04
2026-05-05,México,Ciudad de México,18.5,Departamento,2,11,Media,5,False,223.32,Eficiente,167.49
2026-08-30,Perú,Lima,18.5,Local,3,12,Baja,3,True,416.81,Moderado,312.61
2026-03-19,México,Ciudad de México,16.0,Local,2,22,Media,9,True,758.04,Ineficiente,568.53
2026-10-07,Perú,Cusco,13.2,Casa,7,17,Media,8,False,327.67,Moderado,245.75
2026-03-11,Colombia,Barranquilla,28.9,Departamento,3,5,Media,9,True,243.17,Eficiente,182.38
2026-02-27,Colombia,Medellín,23.0,Departamento,3,10,Media,9,True,310.81,Moderado,233.11
2026-10-14,México,Guadalajara,22.2,Casa,6,11,Media,7,True,294.58,Moderado,220.94
2026-04-25,Perú,Puno,11.5,Departamento,2,9,Baja,6,True,183.29,Eficiente,137.47
2026-09-29,Colombia,Barranquilla,29.4,Casa,4,10,Media,8,True,300.61,Moderado,225.46
2026-11-19,Colombia,Medellín,22.2,Casa,7,12,Alta,12,True,480.21,Ineficiente,360.16
2026-06-15,México,Monterrey,31.3,Casa,6,8,Baja,6,True,263.75,Moderado,197.81
2026-05-10,Perú,Piura,26.1,Local,8,18,Media,10,True,963.59,Ineficiente,722.69
2026-01-25,México,Guadalajara,18.1,Casa,2,22,Media,7,True,353.25,Moderado,264.94
2026-11-12,México,Tijuana,17.0,Departamento,2,7,Media,5,True,122.9,Eficiente,92.18
2026-09-10,México,Ciudad de México,17.9,Casa,2,17,Media,10,True,241.06,Eficiente,180.8
2026-04-13,Perú,Puno,11.2,Casa,5,13,Media,10,False,354.35,Moderado,265.76
2026-01-07,Colombia,Bucaramanga,22.8,Local,3,13,Media,9,True,685.13,Ineficiente,513.85
2026-03-06,Colombia,Medellín,21.5,Local,10,30,Media,6,True,1155.28,Ineficiente,866.46
2026-09-13,Perú,Arequipa,14.3,Local,3,21,Alta,12,True,953.61,Ineficiente,715.21
2026-04-23,México,Ciudad de México,18.3,Local,10,12,Media,5,True,950.0,Ineficiente,712.5
2026-07-22,Colombia,Cali,22.9,Casa,7,12,Alta,12,False,504.46,Ineficiente,378.34
2026-11-29,Perú,Cusco,14.3,Departamento,1,4,Media,5,True,256.1,Moderado,192.08
2026-07-30,México,Mérida,30.7,Casa,5,18,Baja,2,True,242.95,Eficiente,182.21
2026-08-11,México,Ciudad de México,19.0,Departamento,1,7,Media,4,False,153.88,Eficiente,115.41
2026-09-23,México,Mérida,29.9,Casa,4,20,Media,7,True,270.39,Moderado,202.79
2026-07-02,Perú,Cusco,10.1,Casa,3,10,Alta,11,True,497.46,Ineficiente,373.1
2026-05-02,México,Ciudad de México,18.5,Casa,5,9,Alta,13,False,513.29,Ineficiente,384.97
2026-07-22,Colombia,Cali,22.5,Casa,6,8,Media,7,False,257.18,Moderado,192.88
2026-03-29,Colombia,Cali,24.5,Departamento,3,5,Baja,6,False,173.94,Eficiente,130.45
2026-04-21,Perú,Arequipa,15.0,Casa,6,23,Baja,2,True,295.73,Moderado,221.8
2026-10-29,México,Monterrey,25.4,Casa,5,13,Alta,9,True,468.61,Ineficiente,351.46
2026-01-20,Colombia,Cali,24.7,Casa,5,8,Media,7,False,383.26,Moderado,287.44
2026-10-20,México,Tijuana,20.1,Casa,3,11,Media,10,True,319.63,Moderado,239.72
2026-12-02,Perú,Piura,28.1,Departamento,3,11,Media,7,True,259.94,Moderado,194.96
2026-06-01,Colombia,Medellín,21.4,Departamento,3,8,Baja,1,True,93.98,Eficiente,70.48
2026-09-08,México,Monterrey,29.5,Casa,3,14,Media,10,True,392.81,Moderado,294.61
2026-03-16,México,Guadalajara,22.2,Casa,4,11,Baja,1,True,232.94,Eficiente,174.7
2026-12-31,México,Monterrey,15.5,Casa,7,18,Baja,1,True,400.98,Moderado,300.74
2026-03-31,Perú,Arequipa,17.8,Departamento,1,5,Baja,4,True,158.58,Eficiente,118.94
2026-02-05,Perú,Piura,28.1,Casa,3,10,Alta,9,True,478.81,Ineficiente,359.11
2026-07-24,Colombia,Bogotá,13.0,Casa,2,20,Baja,4,True,291.87,Moderado,218.9
2026-06-09,México,Mérida,30.3,Local,5,25,Alta,13,True,1911.92,Ineficiente,1433.94
2026-05-11,México,Tijuana,19.1,Casa,8,14,Media,4,True,398.54,Moderado,298.91
2026-11-23,México,Ciudad de México,15.0,Casa,7,16,Baja,6,True,329.53,Moderado,247.15
2026-04-08,Colombia,Bucaramanga,22.3,Departamento,2,5,Alta,10,False,220.3,Eficiente,165.23
2026-10-21,México,Guadalajara,24.0,Departamento,3,7,Alta,9,True,297.82,Moderado,223.36
2026-08-20,México,Mérida,31.7,Casa,4,23,Alta,14,True,470.47,Ineficiente,352.85
2026-02-13,Colombia,Barranquilla,28.6,Casa,4,11,Baja,5,False,233.97,Eficiente,175.48
2026-10-24,México,Tijuana,20.6,Departamento,2,12,Media,7,False,254.68,Moderado,191.01
2026-12-31,México,Guadalajara,18.3,Casa,5,6,Media,7,False,262.32,Moderado,196.74
2026-09-03,México,Ciudad de México,18.6,Casa,8,11,Alta,12,False,482.03,Ineficiente,361.52
2026-08-11,México,Monterrey,31.4,Casa,1,18,Baja,6,False,253.92,Moderado,190.44
2026-05-14,México,Mérida,31.0,Local,8,16,Media,9,True,790.04,Ineficiente,592.53
2026-10-04,Perú,Arequipa,15.2,Casa,2,11,Media,5,True,256.21,Moderado,192.16
2026-09-30,México,Monterrey,29.7,Casa,1,16,Baja,3,True,172.08,Eficiente,129.06
2026-07-20,México,Ciudad de México,18.7,Casa,5,15,Media,9,True,271.26,Moderado,203.44
2026-10-29,México,Mérida,29.7,Departamento,4,9,Media,4,False,103.95,Eficiente,77.96
2026-12-20,Colombia,Barranquilla,27.8,Casa,4,17,Media,4,True,394.25,Moderado,295.69
2026-08-03,Perú,Lima,17.6,Local,10,25,Baja,6,True,752.51,Ineficiente,564.38
2026-10-02,México,Tijuana,21.1,Casa,3,5,Media,4,False,153.45,Eficiente,115.09
2026-11-30,México,Mérida,26.1,Local,15,16,Media,10,True,1125.66,Ineficiente,844.25
2026-06-07,Colombia,Cali,24.0,Local,8,11,Alta,10,True,1039.31,Ineficiente,779.48
2026-11-20,México,Guadalajara,21.8,Departamento,3,8,Media,7,True,146.44,Eficiente,109.83
2026-11-04,Colombia,Bucaramanga,23.3,Departamento,3,6,Media,7,True,249.88,Eficiente,187.41
2026-07-13,Colombia,Cali,23.5,Casa,5,7,Media,4,True,295.5,Moderado,221.62
2026-12-28,México,Tijuana,14.9,Departamento,3,8,Media,4,True,89.42,Eficiente,67.06
2026-07-09,México,Mérida,30.2,Casa,6,13,Media,6,True,360.33,Moderado,270.25
2026-11-01,México,Tijuana,17.7,Casa,7,12,Alta,10,True,586.92,Ineficiente,440.19
2026-06-17,Colombia,Barranquilla,29.8,Departamento,2,9,Media,5,False,248.7,Eficiente,186.52
2026-12-13,Perú,Puno,12.7,Casa,7,10,Media,4,True,271.58,Moderado,203.68
2026-03-25,México,Mérida,26.2,Casa,8,15,Media,5,False,396.35,Moderado,297.26
2026-02-20,México,Ciudad de México,13.3,Casa,5,16,Media,6,True,251.7,Moderado,188.77
2026-09-25,Colombia,Bogotá,12.2,Casa,7,17,Baja,1,False,323.87,Moderado,242.9
2026-04-17,Colombia,Cali,23.2,Casa,7,14,Baja,3,True,305.87,Moderado,229.4
2026-01-23,Colombia,Medellín,21.7,Casa,4,13,Media,7,True,264.89,Moderado,198.67
2026-07-12,México,Monterrey,31.1,Departamento,3,7,Baja,6,True,138.4,Eficiente,103.8
2026-06-25,Perú,Piura,24.1,Casa,3,22,Baja,3,True,203.85,Eficiente,152.89
2026-12-29,Colombia,Medellín,21.8,Casa,2,12,Baja,2,True,278.07,Moderado,208.55
2026-03-28,Colombia,Medellín,22.7,Local,3,30,Media,8,False,1081.43,Ineficiente,811.07
2026-11-01,Colombia,Bucaramanga,23.5,Departamento,2,7,Media,6,True,187.3,Eficiente,140.48
2026-01-21,México,Mérida,23.7,Departamento,1,8,Media,6,True,223.82,Eficiente,167.86
2026-12-04,México,Ciudad de México,14.6,Casa,6,8,Alta,12,True,381.66,Moderado,286.24
2026-04-27,México,Tijuana,16.9,Casa,6,13,Baja,4,True,190.02,Eficiente,142.52
2026-05-27,Colombia,Barranquilla,29.0,Local,8,17,Media,4,True,802.17,Ineficiente,601.63
2026-07-11,Colombia,Medellín,21.5,Local,5,18,Media,10,True,1057.98,Ineficiente,793.48
2026-11-25,Perú,Puno,11.9,Departamento,4,5,Alta,10,True,359.59,Moderado,269.69
2026-07-27,México,Tijuana,22.1,Local,8,21,Media,7,True,697.21,Ineficiente,522.91
2026-02-26,México,Monterrey,19.0,Departamento,4,7,Baja,1,True,147.79,Eficiente,110.84
2026-05-21,México,Tijuana,19.6,Departamento,4,10,Baja,1,False,139.5,Eficiente,104.62
2026-12-24,Colombia,Cali,24.3,Departamento,3,4,Baja,6,True,100.05,Eficiente,75.04
2026-08-22,Perú,Piura,22.3,Departamento,3,6,Alta,10,False,342.4,Moderado,256.8
2026-01-27,Perú,Puno,12.7,Casa,3,6,Baja,3,True,154.62,Eficiente,115.96
2026-01-23,México,Guadalajara,19.2,Departamento,1,9,Baja,4,True,123.86,Eficiente,92.9
2026-01-30,Colombia,Bucaramanga,23.8,Departamento,2,6,Alta,15,False,178.08,Eficiente,133.56
2026-03-20,Perú,Lima,27.0,Casa,3,15,Baja,2,True,229.16,Eficiente,171.87
2026-11-16,Colombia,Cali,24.7,Casa,5,19,Media,5,False,372.18,Moderado,279.14
2026-04-22,México,Monterrey,25.2,Departamento,3,7,Media,10,True,169.72,Eficiente,127.29
2026-01-13,Perú,Piura,27.3,Departamento,5,7,Media,6,False,129.09,Eficiente,96.82
2026-10-31,Colombia,Bogotá,14.0,Casa,5,17,Baja,1,True,263.75,Moderado,197.81
2026-01-16,Colombia,Cali,24.5,Departamento,4,10,Baja,1,True,180.35,Eficiente,135.26
2026-01-28,México,Mérida,23.8,Departamento,2,12,Media,6,False,272.44,Moderado,204.33
2026-02-22,Colombia,Bucaramanga,23.4,Casa,7,18,Alta,13,True,563.44,Ineficiente,422.58
2026-01-17,México,Mérida,23.0,Casa,8,13,Media,7,True,316.29,Moderado,237.22
2026-04-02,México,Monterrey,26.2,Casa,4,11,Baja,5,True,269.49,Moderado,202.12
2026-11-09,Colombia,Cali,24.3,Casa,7,15,Media,4,True,296.21,Moderado,222.16
2026-02-28,Colombia,Cali,24.4,Local,8,18,Baja,4,True,962.64,Ineficiente,721.98
2026-05-13,Colombia,Barranquilla,29.1,Local,2,16,Baja,4,True,744.94,Ineficiente,558.71
2026-10-28,Colombia,Bucaramanga,23.6,Departamento,2,9,Media,4,False,168.19,Eficiente,126.14
2026-02-26,México,Ciudad de México,14.4,Departamento,5,8,Baja,6,True,166.39,Eficiente,124.79
2026-08-12,Colombia,Bucaramanga,22.9,Departamento,5,10,Media,9,True,145.9,Eficiente,109.43
2026-04-03,Colombia,Bucaramanga,22.1,Departamento,6,11,Alta,11,False,242.99,Eficiente,182.24
2026-09-09,México,Monterrey,30.0,Departamento,2,8,Media,10,True,122.81,Eficiente,92.11
2026-04-18,México,Monterrey,25.7,Departamento,2,13,Alta,15,True,327.41,Moderado,245.56
2026-04-04,México,Ciudad de México,17.3,Departamento,4,8,Baja,2,False,143.71,Eficiente,107.78
2026-09-12,México,Guadalajara,23.6,Departamento,3,5,Media,4,True,210.58,Eficiente,157.94
2026-08-16,Colombia,Cali,23.9,Casa,5,12,Media,7,False,462.31,Ineficiente,346.73
2026-04-01,Colombia,Bogotá,14.6,Casa,5,11,Media,5,False,410.9,Moderado,308.17
2026-12-09,Colombia,Cali,24.5,Casa,8,8,Media,4,False,316.04,Moderado,237.03
2026-05-29,Colombia,Medellín,22.7,Casa,4,19,Alta,12,True,592.6,Ineficiente,444.45
2026-08-30,Perú,Puno,8.5,Casa,5,6,Media,6,True,366.67,Moderado,275.0
2026-07-14,Perú,Cusco,10.7,Casa,5,17,Media,6,True,326.23,Moderado,244.67
2026-04-26,Colombia,Bucaramanga,22.8,Casa,5,14,Baja,6,True,384.08,Moderado,288.06
2026-03-26,Colombia,Cali,24.8,Casa,3,10,Alta,11,False,465.64,Ineficiente,349.23
2026-11-02,México,Tijuana,18.4,Departamento,2,7,Alta,13,True,223.03,Eficiente,167.27
2026-11-06,México,Ciudad de México,14.8,Casa,6,6,Media,9,True,391.72,Moderado,293.79
2026-09-30,México,Mérida,30.3,Casa,5,17,Alta,10,True,775.85,Ineficiente,581.89
2026-04-14,Perú,Cusco,13.6,Casa,2,18,Media,5,False,247.42,Eficiente,185.56
2026-09-19,México,Tijuana,23.7,Departamento,3,9,Alta,8,True,253.05,Moderado,189.79
2026-12-18,México,Guadalajara,18.0,Departamento,1,11,Media,5,True,159.32,Eficiente,119.49
2026-12-05,México,Ciudad de México,14.9,Casa,5,16,Alta,12,False,596.6,Ineficiente,447.45
2026-03-21,Perú,Arequipa,17.6,Departamento,3,7,Alta,8,False,207.32,Eficiente,155.49
2026-04-24,México,Monterrey,26.3,Casa,3,9,Baja,5,True,208.59,Eficiente,156.44
2026-04-07,Colombia,Barranquilla,28.8,Casa,6,10,Media,6,True,244.55,Eficiente,183.41
2026-06-16,México,Tijuana,21.6,Departamento,1,10,Alta,12,True,219.05,Eficiente,164.29
2026-07-21,México,Guadalajara,23.9,Local,2,19,Alta,8,True,875.88,Ineficiente,656.91
2026-08-07,Colombia,Cali,23.2,Casa,6,14,Media,9,False,375.18,Moderado,281.38
2026-06-06,México,Mérida,30.6,Casa,5,14,Media,9,True,460.18,Ineficiente,345.14
2026-10-10,México,Ciudad de México,17.3,Departamento,3,6,Baja,4,False,99.75,Eficiente,74.81
2026-03-20,Perú,Cusco,14.8,Casa,5,15,Media,7,True,353.13,Moderado,264.85
2026-05-17,Colombia,Bogotá,13.4,Departamento,3,10,Baja,6,True,93.39,Eficiente,70.04
2026-09-01,México,Ciudad de México,17.9,Casa,4,16,Baja,4,True,277.74,Moderado,208.3
2026-07-31,Perú,Lima,18.6,Casa,7,6,Media,9,True,256.31,Moderado,192.23
2026-03-02,Colombia,Medellín,22.2,Departamento,2,7,Alta,14,False,380.29,Moderado,285.22
2026-06-23,Colombia,Bogotá,12.5,Local,3,24,Media,8,True,738.11,Ineficiente,553.58
2026-10-11,México,Tijuana,21.3,Departamento,3,9,Baja,4,False,161.95,Eficiente,121.46
2026-04-17,México,Mérida,28.8,Casa,6,14,Baja,6,True,232.98,Eficiente,174.74
2026-11-20,Perú,Lima,23.5,Casa,5,10,Baja,5,True,208.27,Eficiente,156.2
2026-04-19,México,Monterrey,25.2,Casa,4,10,Media,10,True,347.76,Moderado,260.82
2026-12-10,México,Tijuana,14.7,Casa,5,21,Alta,12,False,410.75,Moderado,308.06
2026-02-08,Perú,Puno,12.4,Departamento,4,10,Media,9,True,226.27,Eficiente,169.7
2026-06-09,México,Tijuana,20.3,Casa,6,16,Media,9,True,359.63,Moderado,269.72
2026-05-02,Colombia,Barranquilla,29.2,Casa,3,10,Baja,6,True,255.85,Moderado,191.89
2026-06-01,México,Tijuana,20.8,Departamento,4,9,Media,5,True,201.99,Eficiente,151.49
2026-09-03,México,Tijuana,23.1,Casa,5,8,Media,5,True,217.85,Eficiente,163.39
2026-01-07,México,Tijuana,14.6,Departamento,4,9,Media,8,False,243.8,Eficiente,182.85
2026-01-25,México,Ciudad de México,13.1,Departamento,4,11,Media,6,True,227.14,Eficiente,170.36
2026-05-27,México,Tijuana,19.0,Casa,4,14,Baja,2,True,299.76,Moderado,224.82
2026-07-04,México,Mérida,31.1,Local,5,19,Alta,11,False,1116.51,Ineficiente,837.38
2026-12-05,Perú,Cusco,14.4,Casa,4,6,Media,6,True,334.16,Moderado,250.62
2026-12-14,México,Guadalajara,19.5,Casa,2,16,Media,8,True,304.56,Moderado,228.42
2026-07-28,Perú,Cusco,10.2,Departamento,2,6,Alta,12,True,213.79,Eficiente,160.34
2026-10-04,México,Mérida,29.7,Casa,6,10,Media,6,True,291.36,Moderado,218.52
2026-02-09,México,Guadalajara,19.8,Local,8,14,Baja,2,True,508.08,Ineficiente,381.06
2026-11-14,México,Ciudad de México,14.5,Local,8,16,Media,7,True,671.17,Ineficiente,503.38
2026-10-05,Perú,Puno,11.6,Departamento,4,6,Baja,5,False,115.94,Eficiente,86.96
2026-06-14,Colombia,Bucaramanga,22.8,Casa,5,6,Media,9,True,243.71,Eficiente,182.78
2026-09-12,México,Tijuana,23.7,Departamento,2,9,Baja,3,False,137.95,Eficiente,103.46
2026-03-02,México,Tijuana,15.9,Departamento,2,7,Alta,10,True,299.61,Moderado,224.71
2026-10-31,Colombia,Medellín,22.4,Casa,2,13,Baja,3,True,280.29,Moderado,210.22
2026-01-25,Perú,Puno,12.5,Casa,6,11,Baja,3,False,230.73,Eficiente,173.05
2026-01-28,Colombia,Cali,23.9,Casa,4,18,Media,9,True,257.04,Moderado,192.78
2026-06-04,México,Guadalajara,24.2,Local,8,11,Media,4,True,502.79,Ineficiente,377.09
2026-03-05,México,Ciudad de México,15.4,Departamento,3,9,Alta,13,True,305.39,Moderado,229.04
2026-02-28,México,Mérida,24.9,Departamento,5,9,Alta,12,True,314.7,Moderado,236.02
2026-10-19,Perú,Cusco,13.2,Casa,2,6,Media,9,False,262.53,Moderado,196.9
2026-11-14,México,Tijuana,19.0,Departamento,2,11,Alta,8,False,162.75,Eficiente,122.06
2026-08-27,México,Ciudad de México,17.9,Departamento,1,7,Baja,4,False,190.54,Eficiente,142.9
2026-01-11,México,Mérida,23.3,Casa,2,21,Baja,5,True,382.84,Moderado,287.13
2026-03-13,Colombia,Cali,23.7,Casa,3,8,Media,4,True,236.27,Eficiente,177.2
2026-10-09,México,Guadalajara,22.7,Local,3,12,Media,10,True,621.12,Ineficiente,465.84
2026-07-11,México,Monterrey,31.0,Casa,7,12,Alta,9,False,351.57,Moderado,263.68
2026-09-22,Perú,Lima,19.1,Departamento,4,11,Media,10,True,268.92,Moderado,201.69
2026-02-09,Colombia,Cali,24.0,Casa,5,13,Media,7,True,414.37,Moderado,310.78
2026-10-22,Colombia,Bogotá,14.0,Local,15,25,Media,8,True,1214.12,Ineficiente,910.59
2026-05-12,México,Ciudad de México,19.5,Casa,2,18,Baja,3,True,210.19,Eficiente,157.64
2026-04-06,México,Ciudad de México,18.6,Casa,8,19,Media,6,False,478.84,Ineficiente,359.13
2026-12-11,Perú,Puno,12.7,Casa,3,4,Alta,9,True,272.64,Moderado,204.48
2026-09-30,Colombia,Medellín,21.9,Local,8,29,Alta,12,True,1373.13,Ineficiente,1029.85
2026-09-29,México,Guadalajara,24.0,Departamento,5,7,Alta,9,True,155.64,Eficiente,116.73
2026-02-24,México,Monterrey,18.2,Local,8,19,Baja,4,True,872.35,Ineficiente,654.26
2026-01-01,México,Monterrey,14.9,Casa,1,16,Baja,1,True,286.49,Moderado,214.87
2026-04-17,México,Monterrey,26.5,Casa,6,9,Media,8,False,424.41,Moderado,318.31
2026-04-12,Perú,Cusco,13.0,Departamento,2,7,Baja,3,True,89.18,Eficiente,66.89
2026-09-30,México,Mérida,30.7,Local,15,23,Media,6,True,1248.94,Ineficiente,936.7
2026-04-15,Colombia,Barranquilla,30.0,Casa,4,7,Media,4,True,426.55,Moderado,319.91
2026-07-27,Colombia,Barranquilla,28.3,Casa,6,10,Media,8,True,369.42,Moderado,277.06
2026-04-28,México,Guadalajara,24.3,Casa,3,10,Baja,3,True,119.19,Eficiente,89.39
2026-06-30,Perú,Arequipa,14.7,Casa,6,10,Media,4,True,362.46,Moderado,271.84
2026-05-29,Colombia,Bogotá,14.6,Casa,4,8,Media,5,True,277.83,Moderado,208.37
2026-10-04,México,Guadalajara,23.1,Local,5,23,Media,5,True,973.86,Ineficiente,730.4
2026-07-11,México,Guadalajara,24.1,Local,2,15,Alta,9,True,667.81,Ineficiente,500.86
2026-08-25,México,Tijuana,23.1,Departamento,3,4,Media,7,True,247.18,Eficiente,185.38
2026-08-08,México,Ciudad de México,17.1,Departamento,2,6,Baja,1,False,119.41,Eficiente,89.56
2026-04-21,México,Ciudad de México,18.2,Casa,6,17,Media,8,False,291.22,Moderado,218.42
2026-03-31,Perú,Lima,26.7,Local,8,14,Baja,6,True,706.15,Ineficiente,529.61
2026-06-12,Perú,Puno,8.9,Departamento,3,4,Media,7,True,202.48,Eficiente,151.86
2026-09-30,México,Tijuana,22.4,Casa,5,17,Baja,3,True,258.25,Moderado,193.69
2026-05-02,México,Tijuana,18.9,Local,20,18,Alta,13,True,1694.46,Ineficiente,1270.84
2026-08-27,Colombia,Cali,22.1,Local,3,14,Media,5,True,457.97,Ineficiente,343.48
2026-06-20,Colombia,Bucaramanga,22.7,Casa,4,11,Media,6,True,248.55,Eficiente,186.41
2026-08-09,Colombia,Medellín,21.6,Casa,6,13,Alta,13,True,575.87,Ineficiente,431.9
2026-04-16,México,Guadalajara,24.0,Casa,5,10,Baja,3,False,273.15,Moderado,204.86
2026-12-03,México,Tijuana,15.7,Departamento,2,6,Media,10,True,283.47,Moderado,212.6
2026-11-12,Perú,Lima,22.9,Casa,3,7,Alta,12,True,363.31,Moderado,272.48
2026-08-25,México,Ciudad de México,18.6,Departamento,3,7,Alta,8,False,245.37,Eficiente,184.03
2026-04-09,Perú,Puno,11.7,Local,2,15,Alta,11,True,1021.37,Ineficiente,766.03
2026-09-29,México,Guadalajara,24.7,Departamento,5,10,Media,10,True,263.59,Moderado,197.69
2026-09-03,Colombia,Cali,23.1,Departamento,4,6,Media,10,True,217.18,Eficiente,162.88
2026-01-17,Perú,Lima,26.5,Departamento,5,5,Media,8,False,174.52,Eficiente,130.89
2026-09-27,México,Tijuana,23.7,Departamento,3,8,Media,7,True,221.24,Eficiente,165.93
2026-01-27,México,Tijuana,13.3,Casa,4,11,Media,8,False,320.89,Moderado,240.67
2026-02-03,Perú,Puno,11.7,Casa,4,8,Baja,6,True,269.81,Moderado,202.36
2026-01-09,Colombia,Medellín,21.8,Casa,6,11,Media,8,False,218.25,Eficiente,163.69
2026-04-05,México,Monterrey,25.3,Casa,6,13,Media,10,True,400.42,Moderado,300.32
2026-05-10,México,Ciudad de México,19.0,Departamento,1,8,Media,6,True,199.48,Eficiente,149.61
2026-11-02,Colombia,Bogotá,14.8,Local,3,14,Alta,9,True,699.58,Ineficiente,524.69
2026-10-23,Perú,Cusco,13.7,Casa,5,14,Media,5,True,301.57,Moderado,226.18
2026-10-08,Perú,Arequipa,16.4,Casa,5,16,Baja,5,True,226.69,Eficiente,170.02
2026-08-30,Perú,Lima,19.0,Casa,5,11,Baja,2,True,160.94,Eficiente,120.7
2026-10-03,Colombia,Medellín,21.9,Casa,3,10,Media,9,True,366.19,Moderado,274.64
2026-12-06,México,Tijuana,14.1,Casa,5,11,Alta,11,True,571.06,Ineficiente,428.29
2026-01-22,Colombia,Bucaramanga,23.8,Departamento,3,9,Alta,10,True,301.32,Moderado,225.99
2026-05-29,México,Mérida,29.6,Departamento,3,7,Baja,4,False,171.01,Eficiente,128.26
2026-09-18,Perú,Piura,24.3,Casa,3,19,Baja,3,True,211.14,Eficiente,158.35
2026-10-15,México,Monterrey,25.6,Local,8,25,Media,5,True,773.26,Ineficiente,579.94
2026-09-04,Colombia,Barranquilla,28.2,Casa,10,12,Media,5,True,553.42,Ineficiente,415.06
2026-02-27,Colombia,Bogotá,13.8,Departamento,3,7,Baja,3,False,155.55,Eficiente,116.66
2026-07-31,México,Ciudad de México,18.6,Casa,10,7,Alta,12,True,418.37,Moderado,313.78
2026-12-31,México,Monterrey,15.5,Departamento,3,7,Media,8,True,129.07,Eficiente,96.8
2026-02-08,México,Monterrey,18.3,Departamento,1,8,Media,9,True,202.05,Eficiente,151.54
2026-12-21,México,Monterrey,15.3,Local,2,28,Alta,11,True,1009.0,Ineficiente,756.75
2026-04-27,Colombia,Bucaramanga,22.6,Casa,6,15,Media,9,True,532.71,Ineficiente,399.53
2026-05-02,Colombia,Bogotá,13.5,Casa,5,22,Media,9,True,291.42,Moderado,218.56
2026-02-04,México,Ciudad de México,13.2,Casa,8,19,Media,4,True,383.47,Moderado,287.6
2026-03-05,Colombia,Medellín,21.1,Departamento,5,9,Alta,8,True,238.78,Eficiente,179.08
2026-11-02,Colombia,Barranquilla,28.6,Casa,5,6,Media,9,True,353.64,Moderado,265.23
2026-07-08,México,Tijuana,22.5,Casa,5,15,Media,4,True,270.68,Moderado,203.01
2026-02-16,México,Mérida,25.2,Casa,4,12,Media,9,True,333.47,Moderado,250.1
2026-08-10,Colombia,Medellín,20.6,Local,2,27,Alta,12,True,1121.55,Ineficiente,841.16
2026-01-19,Colombia,Bucaramanga,22.0,Local,2,24,Media,10,False,540.38,Ineficiente,405.28
2026-06-10,México,Tijuana,20.9,Departamento,2,5,Media,6,True,216.44,Eficiente,162.33
2026-12-30,Perú,Arequipa,16.9,Casa,3,12,Baja,2,False,245.05,Eficiente,183.79
2026-07-04,Perú,Cusco,10.9,Casa,5,9,Media,4,True,353.72,Moderado,265.29
2026-07-16,México,Monterrey,31.5,Departamento,1,8,Baja,3,False,134.19,Eficiente,100.64
2026-04-21,México,Tijuana,17.0,Casa,6,8,Media,8,True,326.9,Moderado,245.18
2026-07-14,México,Mérida,30.5,Casa,7,17,Alta,13,True,651.74,Ineficiente,488.8
2026-07-27,México,Ciudad de México,17.2,Casa,2,8,Media,4,True,166.46,Eficiente,124.84
2026-01-25,Perú,Puno,11.2,Casa,5,9,Baja,3,False,223.42,Eficiente,167.56
2026-08-08,Colombia,Bogotá,12.2,Local,8,23,Media,9,True,672.0,Ineficiente,504.0
2026-12-04,México,Guadalajara,19.2,Casa,4,17,Media,10,True,486.03,Ineficiente,364.52
2026-11-05,México,Tijuana,17.4,Casa,4,22,Baja,6,True,375.89,Moderado,281.92
2026-07-06,Colombia,Barranquilla,29.6,Local,2,22,Baja,3,True,660.44,Ineficiente,495.33
2026-11-06,Perú,Piura,27.4,Casa,2,8,Alta,12,True,265.0,Moderado,198.75
2026-05-14,Colombia,Cali,24.4,Departamento,5,7,Baja,5,True,180.21,Eficiente,135.16
2026-03-29,México,Monterrey,21.7,Departamento,3,7,Media,8,True,161.15,Eficiente,120.86
2026-10-28,Colombia,Barranquilla,28.5,Casa,5,13,Media,5,True,456.92,Ineficiente,342.69
2026-03-16,México,Monterrey,21.3,Casa,2,14,Media,8,True,270.84,Moderado,203.13
2026-06-02,Perú,Piura,23.2,Departamento,2,9,Alta,8,False,338.4,Moderado,253.8
2026-12-02,Perú,Arequipa,16.6,Departamento,3,8,Media,6,True,152.64,Eficiente,114.48
2026-09-01,México,Mérida,29.7,Departamento,2,11,Media,5,False,122.69,Eficiente,92.02
2026-11-04,México,Tijuana,18.1,Departamento,3,12,Alta,9,True,214.44,Eficiente,160.83
2026-07-10,Perú,Lima,17.3,Casa,7,6,Baja,5,True,215.39,Eficiente,161.54
2026-11-04,Colombia,Barranquilla,28.4,Local,8,29,Media,6,False,789.5,Ineficiente,592.12
2026-10-03,Colombia,Bogotá,13.4,Local,5,21,Alta,10,True,952.75,Ineficiente,714.56
2026-07-11,México,Monterrey,31.0,Casa,7,17,Alta,14,False,901.07,Ineficiente,675.8
2026-12-24,México,Monterrey,16.6,Local,3,25,Baja,4,True,631.78,Ineficiente,473.84
2026-01-07,México,Guadalajara,18.5,Local,2,26,Media,10,True,859.43,Ineficiente,644.57
2026-04-25,Colombia,Barranquilla,29.6,Local,2,30,Media,10,True,1282.9,Ineficiente,962.18
2026-08-12,México,Ciudad de México,19.0,Departamento,1,9,Media,6,True,120.69,Eficiente,90.52
2026-08-07,Perú,Piura,22.4,Departamento,3,9,Media,8,True,226.78,Eficiente,170.08
2026-02-17,México,Mérida,25.9,Casa,4,15,Alta,14,False,518.3,Ineficiente,388.72
2026-02-19,Colombia,Medellín,21.1,Local,8,21,Media,6,True,1015.16,Ineficiente,761.37
2026-12-18,México,Mérida,25.1,Local,5,16,Media,5,True,575.93,Ineficiente,431.95
2026-07-11,Colombia,Cali,22.5,Casa,5,14,Media,8,True,454.68,Ineficiente,341.01
2026-11-02,México,Ciudad de México,14.3,Casa,1,20,Media,9,True,504.42,Ineficiente,378.32
2026-05-28,Perú,Cusco,11.1,Casa,4,9,Baja,4,True,208.36,Eficiente,156.27
2026-06-06,Perú,Lima,20.4,Local,5,13,Media,5,True,723.56,Ineficiente,542.67
2026-04-16,Perú,Piura,28.8,Casa,3,16,Media,4,True,404.72,Moderado,303.54
2026-08-17,México,Tijuana,24.0,Local,15,9,Alta,9,True,1248.82,Ineficiente,936.62
2026-09-20,México,Guadalajara,24.1,Local,15,12,Alta,13,False,1179.18,Ineficiente,884.38
2026-07-03,México,Mérida,31.7,Casa,4,10,Baja,3,True,171.01,Eficiente,128.26
2026-03-03,Colombia,Cali,24.8,Casa,4,8,Alta,15,False,595.93,Ineficiente,446.95
2026-07-26,México,Monterrey,32.3,Casa,2,20,Baja,4,False,219.23,Eficiente,164.42
2026-08-07,México,Mérida,30.9,Casa,3,8,Alta,15,False,586.71,Ineficiente,440.03
2026-06-30,Colombia,Medellín,20.8,Casa,5,8,Media,5,True,284.36,Moderado,213.27
2026-05-30,México,Mérida,30.3,Casa,4,17,Baja,1,True,267.7,Moderado,200.77
2026-02-13,México,Ciudad de México,13.1,Casa,4,21,Baja,2,True,393.36,Moderado,295.02
2026-11-30,Colombia,Cali,24.3,Casa,2,21,Alta,10,False,540.39,Ineficiente,405.29
2026-04-15,Colombia,Barranquilla,29.3,Casa,2,14,Alta,13,True,497.39,Ineficiente,373.04
2026-06-19,México,Mérida,31.2,Departamento,2,11,Baja,6,True,190.37,Eficiente,142.78
2026-04-24,México,Ciudad de México,18.4,Casa,5,10,Baja,5,True,172.3,Eficiente,129.23
2026-12-10,Perú,Lima,24.2,Local,1,18,Baja,1,True,297.48,Moderado,223.11
2026-04-04,Perú,Cusco,12.5,Casa,3,7,Alta,9,True,426.0,Moderado,319.5
2026-03-14,México,Tijuana,15.7,Local,10,20,Alta,8,True,1054.57,Ineficiente,790.93
2026-09-04,México,Mérida,30.0,Departamento,2,9,Alta,10,True,408.79,Moderado,306.59
2026-03-17,México,Monterrey,21.9,Departamento,2,11,Alta,14,True,285.92,Moderado,214.44
2026-11-06,Colombia,Bogotá,13.0,Casa,4,14,Media,9,True,293.81,Moderado,220.36
2026-10-26,Perú,Lima,21.5,Casa,3,22,Alta,10,True,566.01,Ineficiente,424.51
2026-08-06,Colombia,Bucaramanga,22.2,Departamento,3,8,Media,5,True,169.28,Eficiente,126.96
2026-12-03,México,Mérida,25.5,Local,15,18,Alta,15,False,1521.62,Ineficiente,1141.21
2026-08-26,Perú,Piura,22.2,Casa,6,14,Media,10,True,389.11,Moderado,291.83
2026-02-22,Perú,Cusco,14.4,Casa,6,16,Alta,8,True,364.17,Moderado,273.13
2026-11-24,Colombia,Cali,24.4,Local,10,16,Media,5,False,758.33,Ineficiente,568.75
2026-06-18,México,Ciudad de México,18.2,Casa,5,13,Media,8,False,413.62,Moderado,310.22
2026-12-04,México,Guadalajara,18.2,Departamento,2,7,Media,4,False,170.51,Eficiente,127.88
2026-05-19,Perú,Piura,25.4,Departamento,2,5,Media,9,False,231.55,Eficiente,173.66
2026-08-24,Colombia,Barranquilla,29.8,Casa,4,16,Baja,4,True,356.39,Moderado,267.29
2026-05-25,México,Monterrey,28.2,Local,8,21,Baja,1,True,434.36,Moderado,325.77
2026-12-18,México,Guadalajara,18.4,Casa,6,7,Media,6,False,272.98,Moderado,204.74
2026-12-09,Perú,Lima,25.7,Casa,4,6,Media,5,True,267.92,Moderado,200.94
2026-03-13,Perú,Piura,28.5,Casa,10,19,Media,4,True,534.03,Ineficiente,400.52
2026-07-29,Colombia,Cali,22.4,Casa,3,7,Media,4,True,320.01,Moderado,240.01
2026-07-01,Perú,Puno,7.4,Casa,2,16,Alta,11,False,397.54,Moderado,298.16
2026-09-15,Perú,Arequipa,15.7,Casa,1,16,Alta,14,False,493.22,Ineficiente,369.92
2026-11-29,Colombia,Medellín,22.7,Casa,5,11,Media,10,True,401.1,Moderado,300.83
2026-01-11,México,Tijuana,13.1,Casa,4,8,Alta,15,True,555.42,Ineficiente,416.56
2026-09-12,Colombia,Bucaramanga,21.6,Casa,4,10,Baja,1,True,271.15,Moderado,203.36
2026-11-08,Perú,Arequipa,17.9,Departamento,5,9,Media,5,True,222.83,Eficiente,167.12
2026-04-15,México,Monterrey,25.4,Departamento,3,5,Media,6,True,277.19,Moderado,207.89
2026-12-02,México,Ciudad de México,13.8,Casa,5,14,Alta,10,False,365.18,Moderado,273.88
2026-04-15,México,Tijuana,17.2,Casa,6,9,Baja,5,True,242.28,Eficiente,181.71
2026-09-30,Colombia,Cali,23.7,Departamento,3,4,Media,10,True,219.97,Eficiente,164.98
2026-07-18,Colombia,Bogotá,13.4,Departamento,1,7,Alta,10,True,298.43,Moderado,223.82
2026-03-21,Colombia,Bucaramanga,23.7,Casa,4,11,Alta,13,True,580.04,Ineficiente,435.03
2026-05-04,Perú,Puno,9.8,Local,3,25,Media,10,True,698.41,Ineficiente,523.81
2026-05-25,Colombia,Bucaramanga,23.3,Departamento,2,8,Alta,10,True,195.24,Eficiente,146.43
2026-03-09,Colombia,Medellín,21.7,Local,5,14,Alta,9,True,765.24,Ineficiente,573.93
2026-07-12,México,Tijuana,23.5,Casa,1,6,Baja,4,True,159.92,Eficiente,119.94
2026-11-02,Perú,Lima,23.1,Departamento,6,6,Media,4,False,182.37,Eficiente,136.78
2026-05-07,Perú,Piura,25.9,Casa,8,8,Media,9,False,443.02,Moderado,332.26
2026-08-25,Perú,Puno,8.8,Casa,6,11,Baja,4,True,181.83,Eficiente,136.37
2026-07-17,Colombia,Bucaramanga,21.7,Departamento,3,13,Media,9,True,356.51,Moderado,267.38
2026-01-17,Perú,Arequipa,16.9,Departamento,3,14,Media,6,True,285.05,Moderado,213.79
2026-07-16,Perú,Piura,23.2,Casa,5,15,Media,4,True,261.39,Moderado,196.04
2026-07-22,Perú,Lima,18.8,Casa,3,6,Media,6,True,237.48,Eficiente,178.11
2026-11-17,Perú,Puno,12.0,Casa,1,14,Media,5,False,197.59,Eficiente,148.19
2026-06-16,México,Guadalajara,25.7,Departamento,3,7,Baja,6,True,176.5,Eficiente,132.38
2026-07-19,México,Monterrey,32.1,Casa,5,18,Media,7,True,451.47,Ineficiente,338.6
2026-10-06,Perú,Puno,10.1,Casa,4,11,Media,7,False,318.69,Moderado,239.02
2026-12-25,Colombia,Medellín,22.0,Departamento,4,7,Baja,3,False,109.77,Eficiente,82.33
2026-07-17,Colombia,Bucaramanga,22.5,Casa,6,6,Alta,9,True,510.59,Ineficiente,382.94
2026-02-20,Perú,Piura,29.0,Casa,3,19,Baja,1,True,343.17,Moderado,257.38
2026-08-07,Colombia,Bucaramanga,21.8,Local,20,25,Baja,6,True,933.81,Ineficiente,700.36
2026-11-20,México,Tijuana,17.7,Departamento,2,5,Alta,8,False,169.78,Eficiente,127.34
2026-01-22,Colombia,Cali,23.6,Casa,6,15,Alta,8,True,472.74,Ineficiente,354.56
2026-12-19,Colombia,Bucaramanga,22.0,Casa,5,16,Baja,2,True,247.03,Eficiente,185.27
2026-03-16,Colombia,Bucaramanga,22.6,Casa,5,10,Media,4,True,251.88,Moderado,188.91
2026-11-22,México,Monterrey,20.2,Casa,7,14,Media,4,False,364.74,Moderado,273.56
2026-10-05,México,Tijuana,20.1,Departamento,1,8,Media,5,True,177.47,Eficiente,133.1
2026-03-28,Perú,Cusco,14.0,Casa,5,10,Alta,11,False,518.03,Ineficiente,388.52
2026-12-13,Colombia,Bucaramanga,22.1,Casa,2,10,Media,10,False,409.44,Moderado,307.08
2026-02-17,Perú,Lima,28.9,Local,3,18,Media,8,False,458.77,Ineficiente,344.08
2026-01-21,Colombia,Medellín,21.1,Departamento,3,9,Baja,4,False,219.14,Eficiente,164.36
2026-07-10,Colombia,Medellín,20.1,Departamento,4,11,Media,9,False,257.64,Moderado,193.23
2026-03-26,Perú,Lima,28.0,Departamento,4,10,Media,10,True,232.21,Eficiente,174.16
2026-05-03,Perú,Puno,9.3,Departamento,6,14,Media,5,False,306.21,Moderado,229.66
2026-12-24,México,Monterrey,15.7,Casa,5,11,Media,9,False,365.83,Moderado,274.37
2026-02-27,México,Guadalajara,19.7,Casa,2,16,Media,7,True,237.09,Eficiente,177.82
2026-08-20,Perú,Piura,22.2,Casa,10,13,Media,6,True,261.47,Moderado,196.1
2026-08-08,México,Tijuana,24.4,Casa,4,8,Baja,1,False,198.98,Eficiente,149.23
2026-06-02,Perú,Cusco,11.2,Casa,6,7,Media,5,True,343.93,Moderado,257.95
2026-07-31,México,Ciudad de México,17.9,Casa,8,9,Alta,14,True,418.44,Moderado,313.83
2026-11-29,Perú,Arequipa,17.5,Casa,7,8,Media,9,False,344.71,Moderado,258.53
2026-07-12,México,Monterrey,32.8,Local,3,9,Alta,8,True,737.32,Ineficiente,552.99
2026-09-16,Colombia,Bogotá,13.8,Casa,5,20,Baja,4,True,322.72,Moderado,242.04
2026-11-29,Colombia,Cali,23.6,Casa,2,8,Media,4,True,223.79,Eficiente,167.84
2026-04-19,Perú,Puno,11.1,Casa,3,9,Baja,2,True,229.55,Eficiente,172.16
2026-04-13,Perú,Puno,10.1,Casa,7,13,Alta,13,True,384.35,Moderado,288.26
2026-02-28,México,Guadalajara,20.4,Casa,6,8,Alta,12,False,409.61,Moderado,307.21
2026-09-27,Colombia,Cali,23.1,Casa,4,21,Alta,9,False,390.81,Moderado,293.11
2026-01-09,Colombia,Bucaramanga,23.3,Departamento,2,10,Baja,5,True,148.29,Eficiente,111.22
2026-08-19,Perú,Cusco,10.8,Departamento,1,4,Alta,14,True,129.91,Eficiente,97.43
2026-07-15,Colombia,Bogotá,13.9,Local,8,24,Baja,5,False,537.61,Ineficiente,403.21
2026-01-30,Perú,Puno,12.6,Casa,2,11,Alta,13,True,466.94,Ineficiente,350.2
2026-06-12,México,Ciudad de México,18.0,Casa,5,16,Alta,15,True,649.36,Ineficiente,487.02
2026-10-27,México,Monterrey,24.7,Departamento,3,5,Media,6,False,185.43,Eficiente,139.07
2026-02-22,Colombia,Barranquilla,28.2,Local,5,20,Media,5,True,803.59,Ineficiente,602.69
2026-02-13,México,Monterrey,17.9,Casa,3,14,Alta,14,False,592.94,Ineficiente,444.71
2026-09-18,Colombia,Cali,22.0,Casa,5,12,Media,5,False,337.26,Moderado,252.94
2026-08-17,México,Guadalajara,23.4,Casa,4,7,Media,8,True,364.83,Moderado,273.62
2026-10-06,Perú,Arequipa,15.4,Departamento,2,14,Media,4,True,188.15,Eficiente,141.11
2026-02-19,Colombia,Medellín,22.2,Casa,3,12,Baja,6,False,241.69,Eficiente,181.27
2026-05-20,México,Monterrey,28.3,Casa,2,14,Media,8,True,238.15,Eficiente,178.61
2026-09-26,México,Guadalajara,23.8,Casa,2,23,Media,4,False,310.07,Moderado,232.55
2026-05-13,México,Ciudad de México,19.4,Departamento,3,9,Alta,12,True,163.88,Eficiente,122.91
2026-01-24,Colombia,Barranquilla,29.0,Departamento,4,9,Baja,2,False,157.06,Eficiente,117.8
2026-06-09,Colombia,Medellín,20.5,Local,15,17,Alta,9,True,1258.18,Ineficiente,943.64
2026-11-19,México,Guadalajara,20.7,Departamento,4,7,Alta,13,True,165.16,Eficiente,123.87
2026-01-17,México,Guadalajara,19.9,Departamento,4,6,Alta,13,True,378.9,Moderado,284.17
2026-12-13,Perú,Lima,24.5,Casa,10,13,Media,4,True,413.58,Moderado,310.18
2026-12-25,México,Guadalajara,18.0,Casa,4,12,Baja,2,True,255.36,Moderado,191.52
2026-06-18,Perú,Lima,20.1,Local,3,20,Baja,3,True,345.08,Moderado,258.81
2026-07-24,Perú,Cusco,10.2,Local,3,23,Alta,15,True,1011.77,Ineficiente,758.83
2026-11-28,Colombia,Medellín,22.7,Casa,2,10,Alta,8,True,207.7,Eficiente,155.77
2026-07-07,Colombia,Medellín,21.4,Casa,3,10,Alta,9,True,460.41,Ineficiente,345.31
2026-03-01,Colombia,Cali,23.3,Departamento,4,5,Media,4,True,170.75,Eficiente,128.06
2026-07-05,Colombia,Barranquilla,29.2,Departamento,2,11,Media,4,False,200.52,Eficiente,150.39
2026-07-08,México,Monterrey,31.5,Departamento,3,7,Baja,2,False,122.04,Eficiente,91.53
2026-09-10,Colombia,Bogotá,12.1,Casa,5,13,Media,4,True,269.58,Moderado,202.18
2026-10-15,Perú,Cusco,13.5,Casa,6,6,Media,9,True,373.46,Moderado,280.09
2026-10-28,México,Tijuana,21.7,Casa,7,11,Alta,15,True,433.74,Moderado,325.3
2026-08-20,Perú,Arequipa,13.4,Local,20,17,Alta,9,True,1985.25,Ineficiente,1488.94
2026-08-15,México,Mérida,31.5,Casa,3,8,Media,6,False,357.6,Moderado,268.2
2026-03-28,Perú,Cusco,13.8,Departamento,3,5,Baja,4,True,206.83,Eficiente,155.12
2026-03-31,Colombia,Barranquilla,28.7,Casa,7,17,Baja,2,True,343.21,Moderado,257.41
2026-07-10,México,Monterrey,31.1,Casa,3,6,Alta,10,False,417.96,Moderado,313.47
2026-11-02,México,Tijuana,17.5,Casa,4,23,Baja,2,True,275.14,Moderado,206.36
2026-12-03,México,Guadalajara,19.8,Casa,7,13,Media,10,True,309.93,Moderado,232.45
2026-06-05,Colombia,Bogotá,12.0,Casa,2,10,Baja,6,False,310.03,Moderado,232.52
2026-09-03,Perú,Arequipa,15.7,Casa,2,15,Media,5,True,260.92,Moderado,195.69
2026-02-11,Colombia,Medellín,21.6,Departamento,3,12,Media,7,True,283.33,Moderado,212.5
2026-10-13,Colombia,Medellín,21.3,Departamento,3,6,Media,7,True,159.24,Eficiente,119.43
2026-12-30,Colombia,Barranquilla,27.0,Casa,4,22,Baja,4,True,406.3,Moderado,304.73
2026-07-08,Perú,Arequipa,13.1,Departamento,4,9,Baja,2,True,110.83,Eficiente,83.12
2026-02-08,Perú,Cusco,13.0,Casa,5,14,Media,10,False,474.25,Ineficiente,355.69
2026-01-22,Perú,Lima,26.9,Local,2,26,Media,7,True,695.06,Ineficiente,521.29
2026-09-15,Colombia,Medellín,21.2,Departamento,2,7,Alta,11,True,309.78,Moderado,232.33
2026-09-14,México,Ciudad de México,17.9,Casa,2,13,Baja,1,True,207.6,Eficiente,155.7
2026-11-06,México,Ciudad de México,14.6,Departamento,3,7,Baja,3,False,114.88,Eficiente,86.16
2026-08-07,Perú,Arequipa,14.1,Departamento,2,8,Media,8,True,287.61,Moderado,215.71
2026-07-05,México,Guadalajara,24.4,Departamento,2,5,Media,5,False,151.4,Eficiente,113.55
2026-06-26,Perú,Cusco,10.8,Casa,4,7,Baja,1,True,183.41,Eficiente,137.56
2026-10-18,México,Monterrey,25.6,Departamento,4,8,Media,5,False,106.5,Eficiente,79.88
2026-05-08,Perú,Arequipa,14.9,Casa,8,20,Media,10,True,453.72,Ineficiente,340.29
2026-05-21,México,Guadalajara,26.2,Casa,3,12,Alta,11,True,332.61,Moderado,249.46
2026-09-27,Perú,Puno,10.4,Departamento,5,5,Baja,5,True,92.6,Eficiente,69.45
2026-11-23,México,Monterrey,21.0,Casa,6,12,Media,7,False,410.34,Moderado,307.76
2026-08-26,Colombia,Barranquilla,29.7,Departamento,4,6,Alta,8,False,266.35,Moderado,199.76
2026-02-07,Colombia,Bogotá,14.5,Casa,3,9,Baja,2,False,246.26,Eficiente,184.7
2026-08-12,Colombia,Barranquilla,28.9,Casa,3,12,Baja,2,True,296.87,Moderado,222.65
2026-09-01,México,Monterrey,28.5,Casa,2,14,Media,10,True,286.01,Moderado,214.51
2026-02-15,México,Monterrey,18.3,Casa,2,25,Media,4,True,373.02,Moderado,279.76
2026-04-23,Perú,Lima,25.4,Casa,5,23,Media,9,False,402.32,Moderado,301.74
2026-02-14,Colombia,Cali,23.5,Local,10,14,Media,9,False,1019.45,Ineficiente,764.59
2026-12-23,México,Mérida,24.3,Departamento,3,9,Baja,6,True,145.93,Eficiente,109.45
2026-06-20,Colombia,Bogotá,12.6,Casa,6,9,Media,8,True,281.35,Moderado,211.01
2026-05-07,Colombia,Bucaramanga,22.4,Casa,4,5,Baja,4,False,279.4,Moderado,209.55
2026-08-17,Perú,Lima,18.7,Departamento,3,6,Alta,9,True,256.47,Moderado,192.35
2026-07-15,Perú,Arequipa,13.9,Departamento,5,10,Alta,14,True,432.68,Moderado,324.51
2026-07-22,México,Tijuana,22.4,Local,15,19,Baja,2,True,623.96,Ineficiente,467.97
2026-06-14,Colombia,Bogotá,12.2,Departamento,3,6,Media,4,True,167.08,Eficiente,125.31
2026-07-14,México,Monterrey,32.1,Casa,3,19,Media,8,True,409.85,Moderado,307.39
2026-06-13,México,Tijuana,21.1,Casa,4,13,Baja,6,True,307.09,Moderado,230.32
2026-08-26,México,Mérida,30.8,Local,8,21,Alta,13,True,1510.78,Ineficiente,1133.08
2026-04-01,México,Tijuana,16.4,Departamento,3,7,Media,10,True,210.95,Eficiente,158.21
2026-01-12,Colombia,Bucaramanga,23.8,Casa,5,21,Baja,1,True,201.1,Eficiente,150.82
2026-12-22,México,Monterrey,15.4,Casa,5,7,Media,5,False,218.75,Eficiente,164.06
2026-12-12,Perú,Puno,12.3,Departamento,4,13,Media,9,False,271.36,Moderado,203.52
2026-05-19,México,Ciudad de México,19.9,Local,2,18,Media,8,True,633.73,Ineficiente,475.3
2026-09-16,México,Monterrey,28.2,Casa,3,16,Baja,1,False,204.34,Eficiente,153.26
2026-04-15,Perú,Piura,27.8,Casa,4,8,Media,5,True,315.14,Moderado,236.36
2026-03-02,México,Mérida,26.7,Departamento,2,6,Media,9,False,125.07,Eficiente,93.8
2026-11-07,México,Tijuana,17.5,Departamento,3,9,Baja,3,True,158.6,Eficiente,118.95
2026-02-23,Colombia,Barranquilla,28.4,Casa,6,17,Media,5,False,446.99,Moderado,335.24
2026-02-25,México,Guadalajara,19.6,Departamento,3,7,Media,5,False,220.2,Eficiente,165.15
2026-12-22,Perú,Puno,11.2,Casa,6,18,Alta,8,True,523.37,Ineficiente,392.53
2026-09-29,México,Tijuana,23.8,Departamento,1,9,Alta,15,True,423.07,Moderado,317.3
2026-01-20,Perú,Cusco,14.9,Casa,3,13,Alta,9,False,356.05,Moderado,267.04
2026-02-27,Perú,Piura,29.3,Local,10,27,Media,10,False,1165.2,Ineficiente,873.9
2026-11-16,Colombia,Barranquilla,28.9,Departamento,3,15,Media,4,True,252.43,Moderado,189.32
2026-06-18,Colombia,Medellín,22.0,Casa,7,10,Baja,4,False,180.63,Eficiente,135.47
2026-11-03,Colombia,Medellín,21.0,Casa,5,8,Media,8,True,283.06,Moderado,212.3
2026-05-18,México,Guadalajara,26.6,Local,8,25,Media,4,True,916.52,Ineficiente,687.39
2026-01-28,México,Tijuana,13.2,Casa,2,8,Baja,3,True,240.9,Eficiente,180.68
2026-01-10,México,Tijuana,13.6,Departamento,1,4,Alta,8,True,129.49,Eficiente,97.12
2026-10-08,México,Mérida,29.0,Local,20,14,Alta,9,True,1213.44,Ineficiente,910.08
2026-03-13,México,Tijuana,15.8,Casa,8,11,Media,9,True,324.22,Moderado,243.17
2026-10-04,México,Guadalajara,22.2,Casa,7,9,Media,7,True,329.7,Moderado,247.27
2026-04-21,México,Ciudad de México,18.4,Departamento,1,8,Alta,8,False,229.77,Eficiente,172.33
2026-10-05,México,Guadalajara,22.5,Casa,6,10,Media,4,False,278.61,Moderado,208.96
2026-03-26,Colombia,Medellín,22.7,Casa,3,9,Alta,11,True,204.85,Eficiente,153.64
2026-05-12,Colombia,Medellín,21.0,Local,2,26,Media,6,True,1008.72,Ineficiente,756.54
2026-08-27,México,Ciudad de México,18.8,Departamento,1,7,Media,10,False,255.39,Moderado,191.54
2026-01-03,Colombia,Bogotá,13.5,Departamento,2,12,Baja,3,False,174.07,Eficiente,130.55
2026-05-16,México,Mérida,30.2,Casa,8,6,Baja,4,False,296.53,Moderado,222.4
2026-01-04,México,Tijuana,14.4,Local,8,19,Baja,3,True,392.79,Moderado,294.59
2026-03-07,Colombia,Bucaramanga,23.6,Local,8,11,Media,4,False,481.18,Ineficiente,360.88
2026-10-30,Perú,Arequipa,15.5,Local,2,18,Alta,13,True,998.13,Ineficiente,748.6
2026-02-18,Colombia,Bogotá,14.9,Local,15,17,Media,9,True,1157.09,Ineficiente,867.82
2026-08-22,México,Ciudad de México,18.1,Casa,6,18,Alta,8,True,503.25,Ineficiente,377.44
2026-10-08,México,Guadalajara,22.9,Local,1,25,Media,8,False,550.75,Ineficiente,413.06
2026-04-12,Perú,Piura,28.2,Departamento,5,7,Media,6,False,219.59,Eficiente,164.69
2026-03-24,Colombia,Bucaramanga,22.7,Departamento,1,9,Baja,1,False,108.58,Eficiente,81.44
2026-10-06,Perú,Lima,21.8,Casa,7,9,Alta,9,False,505.6,Ineficiente,379.2
2026-04-19,Perú,Piura,29.0,Casa,3,15,Media,7,True,380.73,Moderado,285.55
2026-07-09,Colombia,Barranquilla,28.3,Local,3,20,Media,4,True,974.83,Ineficiente,731.12
2026-04-26,México,Ciudad de México,17.3,Casa,6,10,Media,4,True,235.59,Eficiente,176.69
2026-01-14,México,Guadalajara,19.8,Local,8,22,Alta,15,True,1126.19,Ineficiente,844.64
2026-10-10,México,Ciudad de México,16.0,Casa,8,9,Alta,11,True,498.56,Ineficiente,373.92
2026-12-03,Perú,Piura,27.9,Casa,5,6,Media,6,True,191.44,Eficiente,143.58
2026-03-14,México,Mérida,26.9,Casa,4,10,Alta,14,True,508.43,Ineficiente,381.32
2026-02-22,México,Guadalajara,19.4,Casa,4,15,Media,8,True,418.22,Moderado,313.67
2026-08-30,México,Tijuana,24.0,Local,10,12,Media,7,True,901.25,Ineficiente,675.94
2026-08-06,Colombia,Bogotá,13.0,Casa,6,20,Media,9,True,445.34,Moderado,334.0
2026-11-09,Perú,Lima,22.3,Local,2,24,Media,4,True,721.45,Ineficiente,541.09
2026-12-31,Perú,Piura,28.3,Casa,3,17,Media,6,True,357.5,Moderado,268.12
2026-12-23,México,Guadalajara,19.7,Casa,4,14,Media,6,True,266.33,Moderado,199.75
2026-01-13,México,Monterrey,14.8,Departamento,1,8,Alta,15,True,244.86,Eficiente,183.64
2026-03-09,Colombia,Bucaramanga,22.6,Casa,4,12,Baja,1,True,236.42,Eficiente,177.32
2026-03-30,México,Ciudad de México,15.4,Departamento,3,6,Alta,15,True,336.12,Moderado,252.09
2026-12-25,Colombia,Bogotá,14.9,Casa,3,11,Media,5,False,378.07,Moderado,283.55
2026-04-19,Colombia,Bogotá,14.2,Departamento,3,13,Alta,8,False,273.91,Moderado,205.43
2026-03-31,México,Tijuana,16.7,Casa,8,12,Baja,5,False,277.54,Moderado,208.16
2026-06-05,Colombia,Cali,23.4,Casa,6,22,Alta,15,True,617.4,Ineficiente,463.05
2026-08-10,México,Guadalajara,23.3,Casa,4,18,Alta,10,True,448.7,Moderado,336.52
2026-04-21,México,Tijuana,16.9,Casa,3,15,Baja,6,True,177.33,Eficiente,133.0
2026-05-08,Colombia,Bucaramanga,22.3,Casa,2,6,Baja,1,True,130.15,Eficiente,97.61
2026-08-27,México,Ciudad de México,17.1,Casa,5,9,Media,4,False,382.36,Moderado,286.77
2026-09-25,México,Ciudad de México,17.1,Departamento,3,12,Media,6,True,224.94,Eficiente,168.7
2026-03-02,México,Mérida,26.1,Casa,6,12,Media,8,False,345.71,Moderado,259.28
2026-09-04,Perú,Puno,10.9,Departamento,1,7,Alta,11,True,241.63,Eficiente,181.22
2026-04-04,México,Guadalajara,24.3,Casa,2,13,Media,6,False,279.92,Moderado,209.94
2026-03-21,Perú,Cusco,13.4,Local,2,19,Alta,14,True,874.07,Ineficiente,655.55
2026-12-27,México,Tijuana,15.4,Local,5,11,Media,8,True,791.06,Ineficiente,593.29
2026-06-22,México,Guadalajara,24.5,Casa,5,11,Baja,6,True,330.06,Moderado,247.54
2026-01-02,Colombia,Cali,23.8,Casa,3,9,Media,8,True,204.4,Eficiente,153.3
2026-04-14,México,Tijuana,17.1,Departamento,2,5,Alta,8,True,236.54,Eficiente,177.4
2026-06-25,México,Mérida,31.5,Departamento,1,4,Media,4,True,196.43,Eficiente,147.32
2026-09-11,Colombia,Barranquilla,29.0,Casa,4,7,Baja,4,True,222.36,Eficiente,166.77
2026-01-21,México,Monterrey,14.6,Casa,2,16,Baja,5,True,258.74,Moderado,194.06
2026-06-30,Colombia,Bogotá,13.5,Casa,7,15,Baja,5,True,391.51,Moderado,293.63
2026-03-08,Perú,Puno,11.0,Casa,7,17,Media,5,True,356.45,Moderado,267.34
2026-12-07,México,Mérida,25.3,Casa,5,12,Media,6,False,489.07,Ineficiente,366.8
2026-09-01,Perú,Cusco,13.0,Departamento,3,4,Alta,8,True,288.91,Moderado,216.68
2026-12-24,México,Ciudad de México,14.6,Casa,7,13,Media,8,False,293.18,Moderado,219.88
2026-03-18,Colombia,Medellín,21.1,Departamento,1,10,Baja,2,True,208.77,Eficiente,156.58
2026-11-23,Perú,Puno,11.7,Departamento,4,5,Baja,5,False,221.24,Eficiente,165.93
2026-05-12,México,Ciudad de México,18.6,Departamento,2,9,Media,5,True,140.69,Eficiente,105.52
2026-06-22,Perú,Arequipa,14.2,Departamento,2,6,Alta,10,True,281.34,Moderado,211.0
2026-01-16,México,Tijuana,14.2,Departamento,3,9,Media,10,True,270.98,Moderado,203.24
2026-03-26,México,Mérida,27.7,Departamento,2,12,Alta,11,False,204.61,Eficiente,153.46
2026-03-30,Colombia,Barranquilla,29.4,Local,5,21,Media,10,True,1059.05,Ineficiente,794.29
2026-01-04,Colombia,Medellín,22.6,Casa,5,11,Media,8,False,404.45,Moderado,303.34
2026-06-15,México,Guadalajara,24.7,Casa,2,16,Baja,6,True,345.73,Moderado,259.3
2026-02-28,México,Monterrey,17.8,Casa,2,13,Media,5,False,289.82,Moderado,217.36
2026-10-24,México,Monterrey,25.7,Local,15,25,Media,5,False,970.8,Ineficiente,728.1
2026-12-04,México,Ciudad de México,14.8,Departamento,4,10,Alta,8,True,231.24,Eficiente,173.43
2026-12-11,México,Monterrey,15.1,Departamento,1,12,Alta,12,False,274.28,Moderado,205.71
2026-08-15,Colombia,Medellín,20.7,Casa,4,8,Media,8,True,282.76,Moderado,212.07
2026-05-22,México,Guadalajara,26.2,Casa,1,12,Media,5,True,221.3,Eficiente,165.98
2026-07-28,Colombia,Barranquilla,29.0,Departamento,4,4,Alta,10,False,348.07,Moderado,261.05
2026-09-17,Perú,Puno,9.3,Departamento,3,11,Media,9,True,202.74,Eficiente,152.06
2026-11-18,México,Tijuana,17.7,Departamento,3,12,Media,7,True,284.81,Moderado,213.61
2026-03-18,Colombia,Cali,23.3,Departamento,3,10,Media,5,False,172.04,Eficiente,129.03
2026-11-26,México,Monterrey,20.8,Departamento,1,8,Alta,15,True,248.54,Eficiente,186.4
2026-03-19,México,Mérida,27.6,Casa,1,12,Baja,1,True,170.41,Eficiente,127.81
2026-11-06,México,Tijuana,17.3,Departamento,1,9,Baja,4,False,79.26,Eficiente,59.45
2026-02-09,Perú,Cusco,14.4,Casa,6,9,Alta,8,False,288.42,Moderado,216.32
2026-03-31,Perú,Piura,29.2,Casa,5,8,Alta,10,True,442.99,Moderado,332.24
2026-07-08,Colombia,Bogotá,12.3,Casa,6,19,Media,5,False,347.63,Moderado,260.72
2026-03-11,México,Tijuana,15.8,Departamento,3,9,Media,10,False,241.86,Eficiente,181.4
2026-01-29,México,Tijuana,13.6,Casa,1,11,Alta,10,True,469.6,Ineficiente,352.2
2026-08-16,México,Mérida,30.6,Casa,4,18,Media,8,True,418.15,Moderado,313.61
2026-09-17,México,Monterrey,29.5,Casa,8,9,Baja,6,True,387.14,Moderado,290.36
2026-08-22,Colombia,Barranquilla,28.8,Local,3,19,Alta,9,True,580.56,Ineficiente,435.42
2026-08-13,Colombia,Bucaramanga,22.2,Departamento,3,5,Media,5,True,170.8,Eficiente,128.1
2026-09-02,México,Mérida,30.9,Casa,5,7,Baja,2,False,157.87,Eficiente,118.4
2026-06-24,Colombia,Bucaramanga,22.8,Departamento,3,7,Baja,5,True,161.31,Eficiente,120.98
2026-09-13,México,Guadalajara,23.2,Casa,4,15,Alta,15,True,386.49,Moderado,289.87
2026-07-02,Perú,Lima,18.8,Casa,3,5,Media,4,True,304.37,Moderado,228.28
2026-05-26,México,Ciudad de México,18.0,Departamento,1,13,Alta,9,False,146.3,Eficiente,109.72
2026-01-04,Colombia,Medellín,21.9,Casa,7,8,Alta,15,True,639.47,Ineficiente,479.6
2026-11-14,Perú,Lima,22.6,Casa,6,12,Alta,13,True,439.54,Moderado,329.66
2026-04-07,Perú,Puno,11.0,Casa,4,10,Alta,11,True,500.14,Ineficiente,375.1
2026-07-14,Colombia,Bogotá,13.2,Departamento,2,8,Media,9,False,222.74,Eficiente,167.06
2026-02-20,Colombia,Cali,24.7,Local,10,14,Alta,12,True,1500.51,Ineficiente,1125.38
2026-06-10,Perú,Puno,8.2,Casa,4,11,Media,4,True,231.8,Eficiente,173.85
2026-06-22,México,Guadalajara,25.9,Casa,8,7,Media,9,False,357.32,Moderado,267.99
2026-12-14,México,Monterrey,15.1,Local,5,13,Media,8,True,391.63,Moderado,293.72
2026-01-29,Colombia,Medellín,21.5,Casa,3,6,Baja,5,True,180.25,Eficiente,135.19
2026-03-18,México,Tijuana,15.4,Departamento,2,8,Alta,14,False,247.28,Eficiente,185.46
2026-04-05,México,Tijuana,16.5,Casa,2,10,Baja,4,True,245.36,Eficiente,184.02
2026-12-28,Colombia,Bogotá,14.8,Departamento,2,10,Media,10,True,278.75,Moderado,209.06
2026-05-21,Colombia,Barranquilla,29.4,Departamento,3,9,Media,8,True,200.68,Eficiente,150.51
2026-01-29,Colombia,Cali,23.8,Departamento,2,8,Alta,15,False,273.43,Moderado,205.07
2026-01-21,Perú,Arequipa,16.5,Departamento,3,5,Media,5,True,199.01,Eficiente,149.26
2026-03-03,México,Monterrey,21.9,Departamento,2,5,Alta,14,False,308.52,Moderado,231.39
2026-11-22,Perú,Puno,12.0,Departamento,3,7,Alta,10,False,179.31,Eficiente,134.48
2026-09-20,Colombia,Bogotá,12.4,Casa,2,16,Baja,1,True,237.76,Eficiente,178.32
2026-09-28,México,Ciudad de México,17.6,Casa,3,8,Media,6,False,278.34,Moderado,208.76
2026-03-09,Perú,Puno,11.9,Departamento,6,8,Alta,11,True,343.54,Moderado,257.66
2026-11-04,México,Guadalajara,21.5,Casa,8,20,Alta,8,True,656.59,Ineficiente,492.44
2026-01-14,Perú,Cusco,13.0,Casa,4,16,Media,6,True,329.04,Moderado,246.78
2026-03-26,Perú,Lima,26.1,Casa,2,10,Alta,11,True,433.57,Moderado,325.18
2026-01-05,Colombia,Barranquilla,28.4,Casa,4,22,Media,5,False,399.48,Moderado,299.61
2026-09-23,Colombia,Bogotá,13.4,Casa,4,17,Media,6,True,391.33,Moderado,293.5
2026-02-17,Perú,Cusco,13.4,Departamento,2,7,Alta,12,True,263.07,Moderado,197.3
2026-03-22,Colombia,Cali,23.2,Local,8,21,Baja,3,True,677.16,Ineficiente,507.87
2026-01-08,Perú,Cusco,13.1,Casa,1,8,Baja,5,True,287.31,Moderado,215.48
2026-01-17,México,Guadalajara,18.7,Casa,2,15,Baja,2,True,206.81,Eficiente,155.11
2026-08-04,México,Monterrey,30.8,Local,5,22,Media,4,True,670.51,Ineficiente,502.88
2026-07-31,México,Tijuana,23.8,Departamento,2,5,Media,10,True,237.07,Eficiente,177.8
2026-02-03,Perú,Cusco,13.7,Casa,5,22,Alta,10,True,436.77,Moderado,327.58
2026-05-01,Colombia,Bucaramanga,23.4,Departamento,3,6,Alta,9,False,280.79,Moderado,210.59
2026-07-16,Colombia,Bucaramanga,22.2,Local,10,28,Alta,9,True,1192.08,Ineficiente,894.06
2026-10-31,Colombia,Bogotá,13.7,Casa,4,12,Alta,14,False,279.35,Moderado,209.51
2026-12-23,México,Mérida,24.7,Casa,2,14,Media,5,True,266.4,Moderado,199.8
2026-12-19,Perú,Lima,24.1,Departamento,4,11,Baja,5,True,123.4,Eficiente,92.55
2026-01-20,México,Mérida,23.2,Casa,6,18,Alta,13,True,703.58,Ineficiente,527.69
2026-05-17,Colombia,Bucaramanga,22.1,Casa,3,11,Media,6,True,418.79,Moderado,314.09
2026-11-10,México,Guadalajara,21.9,Casa,2,9,Baja,4,True,218.95,Eficiente,164.21
2026-04-04,Perú,Puno,10.3,Local,15,18,Alta,13,True,1050.65,Ineficiente,787.99
2026-07-08,Colombia,Cali,22.7,Departamento,3,6,Baja,2,False,173.5,Eficiente,130.12
2026-04-18,México,Guadalajara,24.3,Departamento,1,11,Media,7,False,189.95,Eficiente,142.46
2026-06-06,Perú,Lima,21.0,Departamento,2,4,Media,7,False,172.61,Eficiente,129.46
2026-03-12,Perú,Lima,27.0,Departamento,3,8,Media,5,True,158.31,Eficiente,118.73
2026-03-13,Colombia,Bucaramanga,22.3,Departamento,4,7,Media,7,False,177.89,Eficiente,133.42
2026-08-26,México,Monterrey,31.5,Casa,2,13,Media,8,False,475.9,Ineficiente,356.92
2026-06-19,México,Tijuana,21.1,Casa,3,5,Baja,4,True,200.87,Eficiente,150.65
2026-10-30,México,Monterrey,24.3,Casa,6,13,Alta,10,True,458.47,Ineficiente,343.85
2026-01-26,Perú,Cusco,14.6,Casa,5,4,Alta,12,True,352.07,Moderado,264.05
2026-02-01,México,Tijuana,14.9,Casa,5,11,Media,8,True,323.75,Moderado,242.81
2026-02-13,México,Ciudad de México,14.6,Departamento,1,10,Media,4,False,197.87,Eficiente,148.4
2026-03-29,México,Tijuana,16.9,Local,3,25,Alta,13,True,931.5,Ineficiente,698.62
2026-04-25,Perú,Lima,24.0,Casa,2,20,Alta,13,True,533.43,Ineficiente,400.07
2026-10-30,Colombia,Bucaramanga,22.5,Local,15,23,Alta,14,True,976.65,Ineficiente,732.49
2026-06-13,México,Ciudad de México,18.9,Local,3,32,Alta,12,True,702.85,Ineficiente,527.14
2026-11-03,Colombia,Medellín,22.3,Departamento,4,5,Media,8,False,263.71,Moderado,197.78
2026-11-23,México,Tijuana,17.3,Casa,4,10,Media,8,True,278.61,Moderado,208.96
2026-05-14,Perú,Arequipa,14.0,Casa,6,15,Media,10,True,370.17,Moderado,277.63
2026-10-20,Colombia,Barranquilla,28.3,Local,5,27,Media,8,True,1313.15,Ineficiente,984.86
2026-10-19,Colombia,Barranquilla,29.6,Departamento,1,13,Alta,10,False,289.79,Moderado,217.34
2026-01-15,Colombia,Barranquilla,28.5,Departamento,2,12,Media,7,True,268.14,Moderado,201.1
2026-07-16,Colombia,Bogotá,13.9,Casa,3,9,Media,5,True,274.2,Moderado,205.65
2026-07-31,Perú,Arequipa,13.5,Local,3,18,Media,10,True,865.36,Ineficiente,649.02
2026-09-16,México,Monterrey,29.5,Departamento,3,4,Alta,8,True,264.17,Moderado,198.13
2026-10-09,Colombia,Medellín,22.7,Casa,4,11,Media,4,True,216.14,Eficiente,162.1
2026-03-28,México,Ciudad de México,16.1,Local,5,32,Alta,12,True,1036.89,Ineficiente,777.67
2026-04-17,México,Monterrey,26.7,Casa,5,10,Alta,14,True,422.18,Moderado,316.64
2026-06-15,Colombia,Cali,23.6,Departamento,3,9,Media,6,True,192.49,Eficiente,144.37
2026-04-08,Colombia,Bogotá,14.4,Casa,3,11,Baja,6,True,232.65,Eficiente,174.49
2026-05-24,México,Guadalajara,25.9,Casa,1,12,Media,5,True,209.77,Eficiente,157.33
2026-07-29,México,Mérida,30.4,Casa,5,6,Baja,2,True,180.44,Eficiente,135.33
2026-03-28,Perú,Puno,13.0,Local,5,22,Media,9,True,630.6,Ineficiente,472.95
2026-10-27,Perú,Lima,20.5,Casa,5,14,Alta,11,False,436.38,Moderado,327.28
2026-08-21,México,Ciudad de México,18.3,Departamento,5,11,Media,6,False,279.23,Moderado,209.42
2026-09-07,México,Monterrey,29.8,Departamento,3,10,Alta,8,False,351.87,Moderado,263.9
2026-12-30,Colombia,Barranquilla,28.7,Departamento,3,6,Media,6,True,242.09,Eficiente,181.57
2026-10-03,Colombia,Barranquilla,28.9,Casa,4,10,Baja,6,True,193.24,Eficiente,144.93
2026-11-16,México,Mérida,26.2,Casa,2,14,Baja,6,False,296.16,Moderado,222.12
2026-03-08,Perú,Lima,26.8,Departamento,1,11,Media,7,True,255.96,Moderado,191.97
2026-03-18,Colombia,Bogotá,13.3,Casa,3,13,Media,10,False,285.92,Moderado,214.44
2026-06-23,México,Mérida,30.7,Departamento,2,6,Media,10,True,233.85,Eficiente,175.39
2026-11-05,Perú,Arequipa,17.8,Casa,2,16,Media,5,True,277.32,Moderado,207.99
2026-08-09,México,Mérida,30.3,Departamento,4,7,Baja,1,True,116.05,Eficiente,87.04
2026-03-21,Perú,Piura,29.3,Departamento,3,7,Media,6,True,231.06,Eficiente,173.3
2026-08-04,Perú,Arequipa,13.8,Casa,5,18,Media,6,True,415.82,Moderado,311.86
2026-12-31,Perú,Puno,12.2,Local,1,20,Alta,13,True,547.96,Ineficiente,410.97
2026-01-05,México,Guadalajara,20.0,Departamento,1,8,Media,4,False,155.46,Eficiente,116.6
2026-04-29,Colombia,Barranquilla,28.2,Casa,3,18,Alta,11,True,582.39,Ineficiente,436.79
2026-01-03,Colombia,Bucaramanga,22.7,Local,2,22,Baja,3,True,398.37,Moderado,298.78
2026-10-30,Colombia,Bucaramanga,23.6,Local,15,28,Media,7,True,1475.53,Ineficiente,1106.65
2026-09-17,Perú,Piura,23.8,Casa,6,10,Media,10,True,343.83,Moderado,257.87
2026-11-07,Colombia,Medellín,22.8,Departamento,4,9,Media,9,False,155.56,Eficiente,116.67
2026-02-19,México,Guadalajara,19.0,Departamento,1,13,Media,8,True,201.73,Eficiente,151.3
2026-10-20,México,Ciudad de México,16.3,Departamento,3,6,Baja,4,True,145.86,Eficiente,109.4
2026-03-04,Perú,Arequipa,17.3,Casa,7,11,Media,10,False,275.26,Moderado,206.44
2026-12-09,Colombia,Cali,24.6,Local,3,20,Media,8,True,861.62,Ineficiente,646.22
2026-03-09,Perú,Puno,11.4,Casa,6,9,Media,6,True,324.91,Moderado,243.68
2026-05-17,México,Monterrey,29.1,Departamento,3,7,Media,4,True,190.9,Eficiente,143.18
2026-05-15,Colombia,Bucaramanga,23.5,Departamento,3,8,Baja,4,False,205.63,Eficiente,154.22
2026-09-30,Colombia,Bucaramanga,21.4,Casa,4,10,Media,8,False,288.76,Moderado,216.57
2026-03-20,Colombia,Bogotá,13.9,Departamento,2,7,Media,6,True,231.68,Eficiente,173.76
2026-05-25,Perú,Lima,22.8,Casa,6,14,Media,6,True,322.26,Moderado,241.7
2026-03-28,Colombia,Cali,24.0,Casa,5,8,Alta,12,True,341.74,Moderado,256.3
2026-01-19,México,Mérida,24.0,Casa,5,15,Media,4,True,311.52,Moderado,233.64
2026-07-13,Colombia,Bogotá,12.1,Casa,5,21,Media,5,True,298.01,Moderado,223.51
2026-06-17,México,Ciudad de México,18.7,Local,10,15,Media,10,False,1036.09,Ineficiente,777.07
2026-01-16,Perú,Arequipa,16.6,Local,5,26,Media,8,True,841.19,Ineficiente,630.89
2026-10-17,México,Ciudad de México,16.4,Casa,4,10,Alta,9,False,426.7,Moderado,320.02
2026-12-18,Perú,Piura,27.1,Casa,6,13,Alta,11,False,567.65,Ineficiente,425.74
2026-06-11,México,Mérida,30.3,Casa,3,11,Alta,12,False,399.33,Moderado,299.5
2026-09-04,México,Mérida,30.1,Casa,4,12,Media,6,True,346.02,Moderado,259.52
2026-09-10,Colombia,Bogotá,13.8,Local,15,23,Media,5,True,1461.19,Ineficiente,1095.89
2026-05-13,México,Mérida,29.5,Departamento,4,8,Alta,10,False,283.93,Moderado,212.95
2026-03-10,Perú,Puno,12.5,Casa,4,11,Media,5,False,239.34,Eficiente,179.5
2026-10-03,Colombia,Bucaramanga,22.6,Departamento,2,7,Baja,2,False,155.5,Eficiente,116.62
2026-02-09,Perú,Cusco,14.6,Local,3,15,Media,10,True,406.59,Moderado,304.94
2026-09-30,Colombia,Cali,23.1,Departamento,5,4,Baja,1,True,102.52,Eficiente,76.89
2026-02-03,Colombia,Cali,23.5,Casa,10,18,Media,10,False,630.22,Ineficiente,472.66
2026-06-04,México,Mérida,30.3,Casa,4,19,Baja,6,False,248.19,Eficiente,186.14
2026-03-27,México,Mérida,26.5,Departamento,4,3,Media,6,True,192.73,Eficiente,144.55
2026-06-17,México,Mérida,30.2,Departamento,3,7,Alta,10,True,295.16,Moderado,221.37
2026-08-07,México,Guadalajara,23.2,Departamento,2,5,Alta,15,True,182.57,Eficiente,136.93
2026-10-04,Colombia,Medellín,22.4,Departamento,3,8,Alta,11,True,231.21,Eficiente,173.41
2026-12-13,Perú,Piura,28.4,Local,3,25,Alta,13,True,1364.53,Ineficiente,1023.4
2026-08-03,México,Monterrey,31.4,Departamento,4,4,Media,8,False,188.85,Eficiente,141.64
2026-03-13,Colombia,Bucaramanga,23.6,Local,8,15,Alta,15,True,1614.69,Ineficiente,1211.02
2026-05-01,México,Ciudad de México,19.5,Departamento,4,7,Baja,5,False,163.13,Eficiente,122.35
2026-12-01,México,Tijuana,15.8,Departamento,5,5,Media,10,True,185.05,Eficiente,138.79
2026-07-09,Perú,Arequipa,13.0,Local,5,15,Media,6,True,884.65,Ineficiente,663.49
2026-08-23,México,Ciudad de México,18.9,Casa,3,14,Media,8,True,279.65,Moderado,209.74
2026-03-11,México,Guadalajara,21.7,Departamento,3,10,Media,8,True,208.15,Eficiente,156.11
2026-04-27,México,Monterrey,26.3,Casa,6,16,Baja,3,True,350.91,Moderado,263.18
2026-09-03,México,Monterrey,28.7,Local,3,12,Alta,11,True,698.13,Ineficiente,523.6
2026-10-25,Colombia,Cali,24.1,Departamento,1,5,Alta,9,False,263.73,Moderado,197.8
2026-06-25,México,Guadalajara,24.1,Local,2,15,Media,9,False,362.54,Moderado,271.91
2026-04-25,Colombia,Bogotá,14.2,Casa,7,17,Media,5,True,555.01,Ineficiente,416.26
2026-03-28,Perú,Lima,27.5,Casa,2,13,Media,6,True,284.02,Moderado,213.02
2026-05-18,Perú,Lima,22.1,Casa,5,8,Media,4,True,256.35,Moderado,192.26
2026-09-26,México,Tijuana,22.0,Casa,5,11,Alta,8,False,366.3,Moderado,274.73
2026-11-10,Perú,Puno,12.6,Casa,6,10,Media,8,True,354.31,Moderado,265.73
2026-10-31,Colombia,Medellín,22.4,Casa,8,5,Media,5,True,236.99,Eficiente,177.74
2026-09-21,México,Monterrey,28.7,Casa,5,18,Media,4,True,406.95,Moderado,305.21
2026-05-12,Colombia,Barranquilla,28.5,Departamento,3,7,Alta,15,True,399.44,Moderado,299.58
2026-08-18,México,Tijuana,25.0,Local,3,12,Baja,4,True,573.12,Ineficiente,429.84
2026-12-09,Perú,Piura,27.2,Casa,5,6,Media,9,False,310.32,Moderado,232.74
2026-12-24,Colombia,Bucaramanga,23.2,Casa,8,23,Media,9,True,367.04,Moderado,275.28
2026-04-12,México,Mérida,29.1,Casa,2,15,Media,6,True,357.46,Moderado,268.09
2026-04-26,Colombia,Barranquilla,29.9,Departamento,2,7,Media,7,True,355.12,Moderado,266.34
2026-02-27,México,Tijuana,14.5,Casa,1,14,Media,4,True,260.33,Moderado,195.25
2026-08-08,Colombia,Medellín,20.1,Casa,4,12,Alta,10,True,574.94,Ineficiente,431.21
2026-10-13,México,Tijuana,21.7,Casa,5,15,Media,10,False,383.9,Moderado,287.92
2026-12-16,Colombia,Barranquilla,27.0,Casa,6,12,Media,4,True,201.5,Eficiente,151.12
2026-09-29,Colombia,Medellín,21.4,Departamento,1,6,Media,9,True,96.17,Eficiente,72.13
2026-11-10,México,Monterrey,19.8,Casa,6,13,Baja,2,True,217.68,Eficiente,163.26
2026-05-29,Colombia,Cali,23.8,Casa,6,9,Baja,5,True,287.16,Moderado,215.37
2026-02-21,Perú,Arequipa,17.7,Casa,4,12,Alta,9,False,471.8,Ineficiente,353.85
2026-05-01,México,Mérida,29.9,Casa,4,16,Media,6,False,355.04,Moderado,266.28
2026-11-20,Colombia,Cali,24.7,Departamento,2,12,Media,8,False,123.82,Eficiente,92.86
2026-06-27,México,Ciudad de México,19.3,Casa,5,9,Media,6,True,295.22,Moderado,221.42
2026-10-06,Colombia,Barranquilla,28.5,Casa,5,13,Alta,11,False,664.98,Ineficiente,498.74
2026-03-14,Colombia,Cali,23.7,Departamento,1,5,Media,4,False,185.4,Eficiente,139.05
2026-03-24,Colombia,Medellín,21.8,Casa,2,13,Media,7,True,271.68,Moderado,203.76
2026-10-03,Perú,Cusco,12.9,Casa,3,11,Alta,8,True,382.72,Moderado,287.04
2026-11-30,Colombia,Cali,24.8,Casa,2,11,Baja,5,True,260.95,Moderado,195.71
2026-05-22,Perú,Piura,25.9,Casa,5,9,Alta,13,True,331.74,Moderado,248.8
2026-01-06,Perú,Piura,27.1,Departamento,4,6,Media,8,True,153.84,Eficiente,115.38
2026-11-09,México,Mérida,26.9,Casa,6,10,Alta,10,True,435.24,Moderado,326.43
2026-09-12,Colombia,Barranquilla,28.9,Casa,6,15,Media,9,True,310.89,Moderado,233.17
2026-06-14,México,Guadalajara,25.0,Departamento,2,7,Baja,1,True,154.37,Eficiente,115.78
2026-02-28,Perú,Piura,29.3,Departamento,2,11,Baja,5,False,156.55,Eficiente,117.41
2026-04-17,Colombia,Bucaramanga,22.8,Departamento,3,8,Alta,12,True,208.8,Eficiente,156.6
2026-11-10,Colombia,Bogotá,14.1,Departamento,1,6,Media,4,True,191.79,Eficiente,143.84
2026-02-01,Colombia,Barranquilla,28.1,Local,8,17,Alta,13,True,1862.24,Ineficiente,1396.68
2026-08-05,México,Guadalajara,23.6,Casa,5,5,Media,9,True,199.1,Eficiente,149.32
2026-06-14,México,Mérida,30.0,Casa,3,14,Alta,12,True,406.8,Moderado,305.1
2026-04-26,México,Guadalajara,24.1,Departamento,3,7,Alta,8,False,310.75,Moderado,233.06
2026-09-26,México,Ciudad de México,18.5,Departamento,4,14,Media,8,False,325.35,Moderado,244.01
2026-12-27,Colombia,Cali,23.0,Casa,7,13,Alta,13,False,474.16,Ineficiente,355.62
2026-05-07,Colombia,Bucaramanga,23.7,Casa,8,17,Media,4,True,322.56,Moderado,241.92
2026-10-23,México,Guadalajara,23.0,Casa,3,14,Baja,1,True,270.67,Moderado,203.0
2026-06-07,Colombia,Medellín,21.1,Local,3,23,Media,10,True,589.47,Ineficiente,442.1
2026-03-02,Perú,Arequipa,17.6,Departamento,4,13,Media,5,False,130.38,Eficiente,97.78
2026-06-24,Colombia,Barranquilla,29.1,Local,5,26,Baja,6,True,745.4,Ineficiente,559.05
2026-06-15,México,Ciudad de México,18.3,Casa,8,11,Alta,15,True,681.94,Ineficiente,511.46
2026-09-10,México,Monterrey,28.2,Casa,10,18,Alta,11,True,1070.66,Ineficiente,803.0
2026-09-12,Colombia,Medellín,20.9,Departamento,4,10,Alta,12,True,364.21,Moderado,273.16
2026-12-01,Colombia,Barranquilla,27.5,Casa,4,13,Media,10,True,412.52,Moderado,309.39
2026-03-16,México,Tijuana,16.6,Departamento,6,10,Alta,9,True,309.71,Moderado,232.28
2026-11-13,Colombia,Medellín,21.1,Local,20,11,Media,7,True,905.68,Ineficiente,679.26
2026-01-19,Colombia,Barranquilla,28.3,Casa,8,14,Baja,6,True,312.69,Moderado,234.52
2026-12-16,México,Tijuana,15.8,Departamento,1,10,Media,8,True,177.96,Eficiente,133.47
2026-02-06,México,Monterrey,18.0,Local,1,21,Alta,15,True,1061.73,Ineficiente,796.3
2026-10-29,Colombia,Cali,24.2,Casa,5,12,Alta,9,True,282.23,Moderado,211.67
2026-11-24,Perú,Cusco,13.3,Local,15,21,Media,4,True,1503.27,Ineficiente,1127.45
2026-09-13,México,Mérida,29.4,Casa,6,19,Media,4,True,358.87,Moderado,269.15
2026-11-24,Colombia,Bucaramanga,22.0,Departamento,6,11,Media,8,True,244.07,Eficiente,183.05
2026-04-19,Perú,Arequipa,16.8,Casa,6,8,Media,6,True,335.2,Moderado,251.4
2026-09-26,México,Monterrey,29.8,Local,10,21,Media,9,True,1148.53,Ineficiente,861.4
2026-09-20,Perú,Lima,19.8,Casa,4,16,Alta,13,True,540.34,Ineficiente,405.26
2026-07-27,Perú,Piura,22.7,Casa,8,22,Media,10,False,406.21,Moderado,304.66
2026-04-26,México,Tijuana,16.8,Casa,4,11,Media,6,True,228.7,Eficiente,171.52
2026-05-27,Colombia,Cali,24.3,Casa,5,16,Alta,12,False,295.04,Moderado,221.28
2026-10-22,México,Monterrey,24.1,Departamento,3,11,Media,7,True,164.45,Eficiente,123.34
2026-12-22,Perú,Piura,27.0,Casa,5,13,Media,5,True,440.11,Moderado,330.08
2026-12-15,Perú,Piura,28.8,Local,10,18,Baja,5,True,529.12,Ineficiente,396.84
2026-09-09,Colombia,Cali,23.8,Departamento,3,9,Media,9,False,158.3,Eficiente,118.72
2026-11-18,Colombia,Bogotá,14.0,Casa,5,10,Baja,5,True,276.71,Moderado,207.53
2026-10-21,México,Monterrey,24.8,Casa,3,19,Media,6,False,410.5,Moderado,307.88
2026-12-27,Perú,Puno,11.6,Casa,7,9,Alta,12,False,476.51,Ineficiente,357.38
2026-11-02,Colombia,Cali,23.4,Local,5,30,Alta,15,True,790.93,Ineficiente,593.2
2026-02-18,Colombia,Medellín,22.8,Local,10,19,Baja,5,True,819.15,Ineficiente,614.36
2026-06-22,México,Tijuana,21.1,Departamento,4,6,Media,7,True,216.4,Eficiente,162.3
2026-08-15,México,Tijuana,23.2,Casa,4,5,Media,5,True,234.33,Eficiente,175.75
2026-09-19,Colombia,Bogotá,12.3,Departamento,6,4,Media,4,False,245.64,Eficiente,184.23
2026-01-09,Perú,Cusco,13.4,Casa,4,13,Alta,10,False,276.02,Moderado,207.02
2026-04-15,Perú,Piura,27.9,Casa,4,22,Baja,3,True,287.19,Moderado,215.39
2026-01-01,México,Guadalajara,20.0,Casa,6,15,Alta,15,True,405.05,Moderado,303.79
2026-11-06,Perú,Cusco,13.6,Departamento,3,14,Alta,11,True,273.63,Moderado,205.22
2026-05-19,México,Monterrey,28.7,Casa,6,5,Baja,5,True,357.47,Moderado,268.1
2026-08-01,Perú,Puno,9.4,Casa,4,9,Alta,14,True,480.43,Ineficiente,360.32
2026-12-02,Perú,Arequipa,17.9,Casa,6,10,Media,5,False,299.9,Moderado,224.92
2026-12-05,Perú,Lima,24.5,Casa,4,18,Baja,6,False,304.99,Moderado,228.74
2026-04-08,México,Guadalajara,23.0,Casa,5,9,Media,9,False,289.18,Moderado,216.88
2026-04-12,México,Mérida,29.5,Departamento,1,10,Media,9,True,287.57,Moderado,215.68
2026-10-21,México,Tijuana,20.7,Local,8,18,Alta,14,True,703.56,Ineficiente,527.67
2026-04-25,México,Ciudad de México,18.7,Departamento,2,7,Baja,6,True,137.51,Eficiente,103.13
2026-09-04,México,Ciudad de México,18.6,Casa,8,18,Media,4,True,389.24,Moderado,291.93
2026-08-13,México,Ciudad de México,17.3,Casa,8,8,Media,9,True,300.31,Moderado,225.23
2026-01-20,México,Ciudad de México,12.6,Local,10,22,Baja,4,True,567.97,Ineficiente,425.98
2026-08-16,México,Tijuana,24.6,Departamento,2,11,Baja,5,True,240.61,Eficiente,180.46
2026-09-24,México,Monterrey,29.0,Casa,4,15,Alta,15,True,432.8,Moderado,324.6
2026-04-30,México,Ciudad de México,17.0,Departamento,2,12,Media,5,True,165.88,Eficiente,124.41
2026-05-17,Colombia,Bucaramanga,23.1,Local,15,14,Media,10,True,659.84,Ineficiente,494.88
2026-02-19,México,Ciudad de México,13.3,Departamento,2,7,Baja,3,False,171.62,Eficiente,128.72
2026-01-07,México,Monterrey,14.2,Departamento,1,11,Alta,12,True,209.5,Eficiente,157.12
2026-07-31,México,Monterrey,32.2,Casa,5,14,Media,6,False,299.64,Moderado,224.73
2026-03-01,México,Tijuana,15.9,Casa,6,10,Baja,2,True,276.89,Moderado,207.67
2026-08-13,Colombia,Bogotá,13.1,Departamento,3,8,Media,9,True,164.07,Eficiente,123.05
2026-04-09,México,Mérida,29.4,Local,1,20,Alta,9,True,932.15,Ineficiente,699.11
2026-05-25,Perú,Arequipa,15.1,Casa,2,14,Alta,11,True,369.81,Moderado,277.36
2026-01-23,Colombia,Cali,23.3,Casa,4,13,Media,10,True,336.7,Moderado,252.52
2026-10-16,Colombia,Medellín,21.2,Local,2,15,Baja,1,True,408.77,Moderado,306.58
2026-10-05,México,Guadalajara,22.7,Casa,3,9,Media,6,False,329.34,Moderado,247.0
2026-03-25,Perú,Piura,30.0,Casa,5,13,Media,4,True,314.97,Moderado,236.23
2026-09-19,México,Tijuana,22.8,Casa,7,15,Media,7,True,264.76,Moderado,198.57
2026-07-12,México,Guadalajara,23.8,Local,1,16,Media,10,True,440.48,Moderado,330.36
2026-04-17,México,Ciudad de México,18.9,Local,2,14,Media,10,True,589.79,Ineficiente,442.34
2026-09-20,México,Mérida,30.0,Departamento,3,6,Media,7,False,219.72,Eficiente,164.79
2026-06-18,México,Monterrey,31.1,Local,5,30,Baja,2,True,725.17,Ineficiente,543.88
2026-11-11,México,Guadalajara,20.7,Casa,7,12,Media,7,True,360.54,Moderado,270.41
2026-08-06,México,Guadalajara,23.1,Local,5,20,Baja,2,True,577.62,Ineficiente,433.22
2026-08-28,Colombia,Bucaramanga,21.1,Casa,6,12,Alta,11,True,401.44,Moderado,301.08
2026-02-28,Colombia,Bogotá,13.9,Casa,4,7,Alta,15,False,250.48,Moderado,187.86
2026-12-13,Perú,Puno,12.6,Local,5,23,Media,5,True,450.22,Ineficiente,337.66
2026-11-14,Perú,Puno,12.7,Casa,6,7,Media,10,True,456.55,Ineficiente,342.41
2026-02-25,Perú,Lima,27.4,Casa,3,15,Baja,5,False,236.67,Eficiente,177.5
2026-02-09,Colombia,Bogotá,14.3,Casa,7,16,Media,4,False,370.1,Moderado,277.58
2026-02-21,Perú,Puno,11.8,Departamento,1,10,Baja,3,True,175.02,Eficiente,131.27
2026-05-29,Perú,Arequipa,15.2,Departamento,3,6,Media,8,True,182.04,Eficiente,136.53
2026-12-26,México,Ciudad de México,14.4,Casa,6,14,Media,4,False,297.86,Moderado,223.4
2026-08-28,México,Tijuana,23.0,Local,3,22,Alta,11,True,802.17,Ineficiente,601.63
2026-03-05,Colombia,Bogotá,14.4,Departamento,1,6,Baja,5,False,137.61,Eficiente,103.21
2026-03-05,México,Monterrey,22.3,Casa,5,10,Baja,5,True,241.97,Eficiente,181.48
2026-08-28,México,Guadalajara,23.1,Casa,4,13,Alta,10,False,332.02,Moderado,249.02
2026-07-22,México,Tijuana,23.4,Departamento,3,6,Media,7,True,217.93,Eficiente,163.45
2026-06-18,México,Ciudad de México,18.2,Local,3,11,Alta,9,True,1033.04,Ineficiente,774.78
2026-05-14,México,Mérida,29.1,Casa,6,13,Media,9,False,473.2,Ineficiente,354.9
2026-10-30,Perú,Arequipa,16.0,Local,2,18,Media,8,True,489.27,Ineficiente,366.95
2026-10-05,México,Ciudad de México,16.2,Departamento,2,11,Baja,2,False,151.05,Eficiente,113.29
2026-02-27,México,Ciudad de México,15.0,Departamento,3,6,Alta,10,True,342.0,Moderado,256.5
2026-04-03,México,Mérida,29.0,Departamento,1,7,Alta,13,True,229.91,Eficiente,172.43
2026-09-03,Colombia,Barranquilla,28.3,Casa,3,8,Media,10,True,409.14,Moderado,306.86
2026-09-17,Colombia,Barranquilla,29.3,Local,3,14,Media,7,True,955.99,Ineficiente,716.99
2026-08-24,Perú,Piura,23.2,Casa,6,14,Media,7,True,322.04,Moderado,241.53
2026-01-23,Colombia,Cali,24.7,Local,5,14,Alta,15,False,619.23,Ineficiente,464.42
2026-08-28,Perú,Puno,9.2,Departamento,2,7,Media,6,False,175.31,Eficiente,131.48
2026-08-23,México,Mérida,30.5,Casa,3,6,Alta,8,True,409.08,Moderado,306.81
2026-08-16,México,Tijuana,24.0,Casa,4,19,Baja,2,False,202.39,Eficiente,151.79
2026-09-04,Colombia,Cali,22.5,Departamento,3,8,Alta,11,True,297.55,Moderado,223.16
2026-05-17,México,Mérida,29.7,Casa,3,6,Baja,1,True,231.2,Eficiente,173.4
2026-01-08,México,Mérida,24.2,Departamento,4,10,Media,10,True,233.23,Eficiente,174.92
2026-05-07,Perú,Cusco,12.9,Departamento,4,9,Media,7,True,282.75,Moderado,212.06
2026-09-23,México,Mérida,29.4,Local,1,27,Baja,4,False,611.36,Ineficiente,458.52
2026-05-10,México,Ciudad de México,18.2,Departamento,3,6,Baja,2,False,183.45,Eficiente,137.59
2026-12-08,México,Mérida,25.8,Departamento,3,10,Alta,15,False,296.52,Moderado,222.39
2026-06-14,Colombia,Bogotá,12.0,Casa,5,17,Alta,9,True,430.87,Moderado,323.15
2026-02-03,México,Ciudad de México,13.5,Departamento,1,9,Baja,5,True,151.96,Eficiente,113.97
2026-10-15,Colombia,Barranquilla,28.7,Casa,4,13,Media,4,False,263.72,Moderado,197.79
2026-07-26,Colombia,Bogotá,12.8,Casa,4,16,Baja,1,False,269.3,Moderado,201.98
2026-10-29,Perú,Cusco,13.9,Departamento,1,5,Alta,15,False,290.16,Moderado,217.62
2026-01-06,Colombia,Bucaramanga,23.6,Casa,3,15,Media,5,False,411.06,Moderado,308.3
2026-10-27,México,Mérida,28.8,Local,15,13,Alta,11,True,1400.84,Ineficiente,1050.63
2026-09-02,México,Ciudad de México,18.8,Casa,4,19,Alta,9,True,457.41,Ineficiente,343.06
2026-09-15,Colombia,Medellín,21.4,Local,10,29,Baja,6,True,977.42,Ineficiente,733.06
2026-06-21,Perú,Lima,19.0,Departamento,2,8,Alta,14,True,306.83,Moderado,230.12
2026-07-15,México,Mérida,30.0,Casa,4,14,Baja,3,True,216.71,Eficiente,162.53
2026-12-10,Perú,Piura,28.4,Local,8,20,Alta,12,True,1113.39,Ineficiente,835.04
2026-09-03,Colombia,Cali,22.2,Departamento,2,9,Media,7,True,131.75,Eficiente,98.81
2026-07-17,México,Tijuana,22.7,Casa,8,9,Media,9,False,486.5,Ineficiente,364.88
2026-07-17,México,Ciudad de México,17.2,Local,20,14,Baja,5,True,692.15,Ineficiente,519.11
2026-06-25,México,Monterrey,30.1,Casa,6,20,Media,9,True,568.29,Ineficiente,426.22
2026-05-31,Colombia,Medellín,21.6,Departamento,4,8,Baja,5,True,222.77,Eficiente,167.08
2026-09-19,Perú,Puno,10.2,Casa,5,9,Media,8,True,304.66,Moderado,228.5
2026-11-01,México,Ciudad de México,15.8,Local,5,30,Baja,3,False,553.36,Ineficiente,415.02
2026-10-02,México,Mérida,29.8,Departamento,2,12,Media,10,False,327.28,Moderado,245.46
2026-09-04,Perú,Puno,9.9,Casa,3,16,Baja,2,True,309.59,Moderado,232.19
2026-12-26,Perú,Arequipa,17.9,Casa,4,15,Media,8,True,307.27,Moderado,230.45
2026-07-24,Perú,Lima,18.7,Casa,4,11,Baja,4,True,165.98,Eficiente,124.48
2026-05-28,Colombia,Bogotá,13.3,Departamento,1,5,Media,5,True,208.82,Eficiente,156.62
2026-11-04,Colombia,Bucaramanga,23.3,Departamento,4,4,Media,4,False,150.88,Eficiente,113.16
2026-09-16,México,Monterrey,28.5,Departamento,5,7,Media,5,True,192.41,Eficiente,144.31
2026-06-04,México,Guadalajara,24.3,Casa,7,11,Alta,10,True,566.72,Ineficiente,425.04
2026-06-14,Colombia,Bogotá,13.9,Casa,5,6,Baja,3,False,246.73,Eficiente,185.05
2026-09-04,Colombia,Barranquilla,29.5,Casa,3,16,Media,4,True,488.64,Ineficiente,366.48
2026-10-21,Perú,Puno,10.9,Local,5,23,Media,7,False,703.69,Ineficiente,527.77
2026-10-01,Perú,Arequipa,15.6,Casa,1,17,Alta,14,True,452.16,Ineficiente,339.12
2026-09-10,Colombia,Barranquilla,28.3,Departamento,2,8,Alta,14,True,416.95,Moderado,312.71
2026-05-23,México,Tijuana,19.0,Local,10,16,Alta,13,True,798.29,Ineficiente,598.72
2026-10-07,México,Ciudad de México,16.8,Departamento,3,10,Media,9,True,239.77,Eficiente,179.83
2026-06-17,Perú,Piura,24.4,Casa,4,10,Alta,12,True,495.1,Ineficiente,371.33
2026-12-01,Colombia,Barranquilla,28.8,Casa,2,10,Alta,8,True,499.32,Ineficiente,374.49
2026-03-30,México,Tijuana,16.7,Casa,3,13,Media,9,True,301.74,Moderado,226.3
2026-08-14,México,Ciudad de México,17.5,Casa,5,11,Media,4,True,259.38,Moderado,194.54
2026-05-14,México,Guadalajara,26.7,Casa,6,13,Baja,5,False,336.25,Moderado,252.19
2026-09-28,Colombia,Bucaramanga,22.2,Casa,4,11,Media,8,False,367.66,Moderado,275.74
2026-07-04,Colombia,Cali,23.1,Casa,2,11,Media,8,True,375.12,Moderado,281.34
2026-02-05,México,Guadalajara,20.8,Casa,4,11,Baja,2,False,203.44,Eficiente,152.58
2026-04-20,México,Mérida,29.6,Local,5,22,Media,10,True,1038.39,Ineficiente,778.79
2026-08-20,Colombia,Bogotá,12.4,Casa,2,17,Media,6,False,406.11,Moderado,304.58
2026-01-24,México,Guadalajara,18.9,Casa,2,12,Media,4,True,356.77,Moderado,267.58
2026-04-13,Perú,Lima,25.6,Departamento,3,9,Alta,12,True,245.37,Eficiente,184.03
2026-04-15,Colombia,Medellín,21.2,Casa,2,11,Media,10,True,337.64,Moderado,253.23
2026-07-18,México,Monterrey,31.6,Departamento,2,9,Alta,11,True,302.31,Moderado,226.73
2026-03-31,México,Tijuana,16.3,Departamento,2,4,Alta,15,True,358.09,Moderado,268.57
2026-09-28,Colombia,Barranquilla,29.5,Casa,3,15,Media,8,True,499.58,Ineficiente,374.68
2026-06-11,México,Mérida,31.6,Casa,3,6,Media,9,False,396.24,Moderado,297.18
2026-12-21,Perú,Arequipa,17.4,Casa,6,7,Alta,9,True,278.28,Moderado,208.71
2026-10-15,Colombia,Barranquilla,28.8,Local,15,23,Alta,8,True,2123.44,Ineficiente,1592.58
2026-02-14,México,Ciudad de México,15.0,Departamento,2,10,Media,10,True,229.71,Eficiente,172.28
2026-04-24,México,Guadalajara,23.8,Casa,8,16,Media,8,False,619.43,Ineficiente,464.57
2026-11-12,México,Tijuana,18.8,Local,3,11,Media,7,True,573.76,Ineficiente,430.32
2026-07-24,Perú,Lima,19.0,Casa,4,9,Baja,3,True,173.71,Eficiente,130.28
2026-12-17,Colombia,Barranquilla,27.6,Departamento,1,10,Baja,6,False,138.47,Eficiente,103.85
2026-11-28,México,Mérida,26.5,Casa,4,20,Alta,13,True,556.7,Ineficiente,417.52
2026-11-26,Colombia,Medellín,21.8,Departamento,1,7,Baja,3,True,149.81,Eficiente,112.36
2026-07-04,Colombia,Bogotá,12.2,Departamento,2,7,Baja,5,False,90.26,Eficiente,67.7
2026-06-30,Colombia,Bucaramanga,22.6,Departamento,2,5,Media,10,True,186.65,Eficiente,139.99
2026-09-17,Colombia,Barranquilla,29.3,Departamento,2,7,Media,4,True,287.49,Moderado,215.62
2026-01-21,Perú,Arequipa,16.1,Local,10,11,Media,8,True,702.81,Ineficiente,527.11
2026-05-26,Colombia,Medellín,22.0,Departamento,1,9,Baja,1,False,104.13,Eficiente,78.1
2026-12-03,Colombia,Medellín,21.5,Casa,10,10,Baja,5,False,325.55,Moderado,244.16
2026-08-29,México,Mérida,31.4,Casa,6,16,Media,9,True,511.61,Ineficiente,383.71
2026-01-14,México,Monterrey,14.9,Local,3,18,Baja,4,True,419.79,Moderado,314.84
2026-06-23,México,Mérida,31.2,Casa,3,16,Alta,13,False,683.72,Ineficiente,512.79
2026-06-29,Perú,Arequipa,13.4,Casa,6,13,Baja,4,True,275.12,Moderado,206.34
2026-03-26,México,Guadalajara,21.5,Casa,7,9,Alta,13,False,614.39,Ineficiente,460.79
2026-06-03,México,Tijuana,21.6,Casa,3,5,Media,9,True,259.27,Moderado,194.45
2026-03-25,Perú,Lima,27.9,Casa,7,19,Alta,14,False,577.44,Ineficiente,433.08
2026-03-11,Colombia,Bogotá,14.8,Casa,6,21,Alta,15,True,754.6,Ineficiente,565.95
2026-01-30,México,Monterrey,14.9,Casa,1,10,Baja,1,True,206.34,Eficiente,154.76
2026-07-05,México,Mérida,30.3,Casa,6,8,Baja,4,True,303.14,Moderado,227.36
2026-03-29,Perú,Lima,27.0,Casa,3,7,Alta,11,False,400.12,Moderado,300.09
2026-08-17,México,Mérida,30.8,Local,20,23,Baja,6,True,1643.57,Ineficiente,1232.68
2026-08-17,México,Guadalajara,23.3,Casa,1,13,Baja,6,False,181.97,Eficiente,136.48
2026-08-10,Colombia,Medellín,20.9,Casa,7,14,Media,4,True,230.91,Eficiente,173.18
2026-05-06,Colombia,Bucaramanga,23.6,Casa,2,12,Baja,3,True,286.39,Moderado,214.79
2026-04-13,Perú,Cusco,12.5,Casa,6,24,Baja,6,True,472.89,Ineficiente,354.67
2026-05-18,México,Guadalajara,25.1,Casa,2,14,Alta,12,True,488.55,Ineficiente,366.41
2026-06-26,Colombia,Bogotá,12.2,Casa,4,14,Baja,4,True,168.34,Eficiente,126.26
2026-03-26,Colombia,Bucaramanga,22.3,Casa,5,11,Media,10,True,290.98,Moderado,218.24
2026-01-04,Perú,Cusco,13.3,Local,1,32,Baja,2,False,501.86,Ineficiente,376.4
2026-07-12,México,Monterrey,31.2,Casa,7,13,Alta,12,False,553.39,Ineficiente,415.04
2026-10-01,México,Ciudad de México,17.2,Casa,6,9,Baja,2,True,268.98,Moderado,201.74
2026-05-14,Perú,Piura,25.1,Casa,5,10,Alta,15,False,496.33,Ineficiente,372.25
2026-01-27,Perú,Cusco,14.5,Casa,3,14,Media,6,True,325.97,Moderado,244.48
2026-12-03,México,Ciudad de México,13.5,Casa,5,13,Alta,11,False,472.28,Ineficiente,354.21
2026-12-19,Perú,Cusco,14.1,Local,10,20,Media,6,True,961.58,Ineficiente,721.18
2026-12-04,Perú,Cusco,13.5,Casa,7,16,Media,4,True,234.65,Eficiente,175.99
2026-09-30,Perú,Arequipa,14.4,Departamento,1,5,Media,8,True,141.7,Eficiente,106.28
2026-08-22,México,Guadalajara,24.7,Casa,4,19,Baja,5,True,177.52,Eficiente,133.14
2026-11-03,México,Guadalajara,21.5,Casa,4,9,Baja,4,True,294.88,Moderado,221.16
2026-10-28,Colombia,Cali,23.8,Departamento,4,7,Alta,8,False,241.36,Eficiente,181.02
2026-11-14,México,Monterrey,20.3,Casa,5,10,Media,4,True,272.53,Moderado,204.4
2026-10-28,Perú,Cusco,12.2,Departamento,3,10,Baja,3,False,88.15,Eficiente,66.11
2026-01-17,México,Ciudad de México,12.8,Local,2,25,Baja,4,True,364.41,Moderado,273.31
2026-08-30,México,Guadalajara,24.3,Casa,3,11,Media,9,False,310.48,Moderado,232.86
2026-02-07,Perú,Lima,28.3,Departamento,1,9,Media,10,True,316.17,Moderado,237.13
2026-11-10,Colombia,Cali,24.4,Departamento,3,8,Media,10,True,172.17,Eficiente,129.13
2026-03-18,Colombia,Bucaramanga,22.3,Casa,5,10,Alta,12,True,639.17,Ineficiente,479.38
2026-12-09,México,Guadalajara,19.8,Departamento,3,7,Media,6,False,206.52,Eficiente,154.89
2026-02-19,Perú,Arequipa,16.2,Casa,2,7,Baja,6,True,192.06,Eficiente,144.05
2026-11-12,Perú,Lima,23.7,Casa,3,9,Media,4,True,370.05,Moderado,277.54
2026-10-21,Colombia,Medellín,23.0,Casa,2,18,Alta,11,False,411.3,Moderado,308.48
2026-08-20,México,Monterrey,31.6,Departamento,3,11,Media,9,True,373.63,Moderado,280.22
2026-08-05,México,Tijuana,23.5,Casa,6,12,Baja,2,True,249.58,Eficiente,187.18
2026-03-27,Perú,Lima,27.9,Departamento,2,7,Alta,15,False,401.69,Moderado,301.27
2026-05-23,México,Mérida,29.8,Casa,6,16,Media,9,True,576.83,Ineficiente,432.62
2026-04-27,México,Guadalajara,23.5,Local,5,20,Baja,5,False,609.5,Ineficiente,457.12
2026-12-20,México,Ciudad de México,13.8,Departamento,1,11,Alta,13,True,300.06,Moderado,225.04
2026-03-08,Colombia,Medellín,21.0,Local,5,31,Baja,4,True,760.81,Ineficiente,570.61
2026-09-11,Perú,Lima,20.0,Local,20,16,Baja,2,True,629.79,Ineficiente,472.34
2026-11-21,México,Ciudad de México,15.3,Casa,6,8,Alta,8,True,531.75,Ineficiente,398.81
2026-05-27,Colombia,Medellín,22.9,Casa,4,12,Alta,15,True,528.87,Ineficiente,396.65
2026-05-07,Perú,Piura,25.3,Departamento,2,7,Alta,12,False,372.82,Moderado,279.62
2026-12-02,México,Guadalajara,18.1,Departamento,3,12,Media,5,True,180.37,Eficiente,135.28
2026-11-08,Perú,Lima,23.6,Local,8,19,Alta,8,True,1387.35,Ineficiente,1040.51
2026-07-08,México,Ciudad de México,17.0,Casa,5,13,Media,6,True,459.85,Ineficiente,344.89
2026-08-31,México,Monterrey,31.9,Local,8,27,Baja,4,True,563.85,Ineficiente,422.89
2026-08-28,México,Guadalajara,23.7,Local,5,13,Media,6,True,593.36,Ineficiente,445.02
2026-08-03,Colombia,Cali,23.3,Casa,2,12,Baja,4,False,213.87,Eficiente,160.4
2026-08-30,Colombia,Bucaramanga,22.7,Departamento,5,6,Baja,2,True,178.9,Eficiente,134.18
2026-06-27,Colombia,Barranquilla,29.6,Casa,6,10,Baja,6,True,372.52,Moderado,279.39
2026-04-03,Perú,Puno,11.6,Departamento,4,8,Media,4,True,203.08,Eficiente,152.31
2026-06-02,Perú,Puno,7.6,Casa,5,11,Baja,6,True,200.92,Eficiente,150.69
2026-01-22,Colombia,Medellín,21.1,Departamento,2,7,Baja,1,True,117.75,Eficiente,88.31
2026-07-09,Colombia,Barranquilla,30.0,Departamento,3,10,Alta,10,True,287.44,Moderado,215.58
2026-09-15,Colombia,Cali,23.9,Casa,7,10,Alta,8,True,416.0,Moderado,312.0
2026-12-02,México,Mérida,25.8,Casa,4,19,Media,8,True,210.07,Eficiente,157.55
2026-06-24,Perú,Lima,19.4,Departamento,1,7,Baja,5,True,153.54,Eficiente,115.16
2026-07-31,Perú,Cusco,9.9,Local,3,15,Baja,5,True,437.96,Moderado,328.47
2026-09-04,Colombia,Bogotá,13.1,Casa,10,10,Media,8,True,503.51,Ineficiente,377.63
2026-10-17,Colombia,Bucaramanga,23.3,Departamento,3,12,Media,4,True,161.82,Eficiente,121.36
2026-08-29,Colombia,Cali,23.0,Casa,4,8,Media,5,True,339.58,Moderado,254.68
2026-08-12,México,Monterrey,30.1,Departamento,3,8,Media,8,False,256.88,Moderado,192.66
2026-06-03,México,Guadalajara,24.1,Departamento,2,8,Media,6,True,179.99,Eficiente,134.99
2026-02-11,Colombia,Cali,24.2,Local,15,27,Media,9,True,1166.65,Ineficiente,874.99
2026-09-03,México,Tijuana,22.3,Departamento,3,11,Alta,10,True,184.82,Eficiente,138.62
2026-05-30,México,Ciudad de México,18.2,Casa,4,13,Media,6,False,269.68,Moderado,202.26
2026-08-09,Colombia,Bucaramanga,22.5,Casa,5,16,Alta,8,True,461.66,Ineficiente,346.24
2026-11-16,México,Mérida,26.4,Casa,4,10,Baja,3,False,216.31,Eficiente,162.23
2026-02-03,Colombia,Bucaramanga,23.3,Casa,4,18,Alta,9,True,388.5,Moderado,291.38
2026-09-12,México,Tijuana,23.7,Departamento,3,6,Alta,12,True,316.82,Moderado,237.62
2026-03-12,México,Ciudad de México,16.8,Departamento,2,9,Media,6,True,298.03,Moderado,223.52
2026-01-09,México,Ciudad de México,12.5,Casa,4,10,Alta,15,True,525.92,Ineficiente,394.44
2026-01-18,México,Monterrey,14.4,Departamento,3,7,Baja,6,False,145.79,Eficiente,109.34
2026-09-03,Perú,Cusco,11.1,Casa,2,18,Media,8,False,452.57,Ineficiente,339.43
2026-04-27,México,Guadalajara,23.4,Casa,3,11,Media,10,True,272.51,Moderado,204.38
2026-01-15,México,Monterrey,14.2,Casa,1,13,Alta,8,False,275.38,Moderado,206.54
2026-06-23,Colombia,Barranquilla,28.7,Casa,2,9,Baja,5,False,274.72,Moderado,206.04
2026-10-12,Perú,Lima,20.3,Departamento,2,9,Alta,15,False,238.68,Eficiente,179.01
2026-05-07,Colombia,Bogotá,14.2,Casa,4,12,Media,9,False,336.66,Moderado,252.5
2026-08-06,Perú,Puno,8.3,Casa,5,17,Baja,6,True,340.06,Moderado,255.04
2026-12-31,Perú,Puno,12.2,Casa,3,16,Media,6,True,311.36,Moderado,233.52
2026-01-17,México,Tijuana,14.5,Casa,5,19,Baja,3,True,259.72,Moderado,194.79
2026-01-31,Colombia,Bucaramanga,22.0,Casa,6,22,Media,6,True,421.95,Moderado,316.46
2026-04-20,México,Ciudad de México,19.0,Casa,2,17,Media,5,True,238.16,Eficiente,178.62
2026-04-05,Colombia,Barranquilla,29.3,Local,5,14,Media,5,True,1005.73,Ineficiente,754.3
2026-06-28,Colombia,Bogotá,13.9,Casa,4,13,Media,6,True,397.99,Moderado,298.49
2026-03-04,Colombia,Cali,23.2,Departamento,4,12,Alta,9,True,314.37,Moderado,235.78
2026-10-04,México,Tijuana,21.2,Departamento,3,12,Media,5,False,216.63,Eficiente,162.47
2026-07-31,México,Guadalajara,23.4,Departamento,4,8,Media,5,True,159.13,Eficiente,119.35
2026-03-29,Perú,Lima,27.3,Casa,3,22,Media,5,True,438.19,Moderado,328.64
2026-01-21,México,Guadalajara,19.7,Local,8,20,Alta,15,True,1103.42,Ineficiente,827.56
2026-05-17,México,Guadalajara,26.5,Casa,6,11,Media,9,True,425.5,Moderado,319.12
2026-11-30,México,Mérida,26.7,Casa,5,14,Alta,8,False,508.84,Ineficiente,381.63
2026-11-16,Colombia,Cali,24.2,Casa,5,19,Alta,11,True,574.86,Ineficiente,431.14
2026-12-27,México,Guadalajara,18.4,Local,2,18,Alta,12,True,761.83,Ineficiente,571.37
2026-03-20,México,Guadalajara,22.1,Casa,4,22,Baja,5,True,207.89,Eficiente,155.92
2026-04-04,México,Tijuana,17.8,Local,2,27,Baja,5,False,629.93,Ineficiente,472.45
2026-09-06,Perú,Lima,19.5,Casa,5,7,Alta,8,True,347.25,Moderado,260.44
2026-11-09,Colombia,Barranquilla,29.6,Casa,6,8,Alta,8,False,515.17,Ineficiente,386.38
2026-03-18,Colombia,Bogotá,14.9,Casa,8,11,Baja,2,False,325.71,Moderado,244.28
2026-06-25,Perú,Puno,8.7,Casa,1,10,Alta,14,True,379.2,Moderado,284.4
2026-01-31,México,Monterrey,15.1,Departamento,2,8,Media,5,True,148.28,Eficiente,111.21
2026-05-09,Colombia,Bogotá,13.6,Casa,6,11,Alta,14,False,471.18,Ineficiente,353.38
2026-11-16,Colombia,Bucaramanga,23.8,Casa,6,8,Media,8,False,324.49,Moderado,243.37
2026-01-26,Colombia,Barranquilla,27.5,Casa,6,10,Alta,14,True,564.32,Ineficiente,423.24
2026-05-26,México,Monterrey,28.8,Casa,3,13,Alta,9,True,623.07,Ineficiente,467.3
2026-02-03,Colombia,Cali,24.7,Local,3,14,Media,10,True,785.89,Ineficiente,589.42
2026-02-19,México,Ciudad de México,13.5,Casa,8,18,Alta,12,False,432.34,Moderado,324.26
2026-01-24,Perú,Puno,11.4,Casa,3,17,Alta,9,False,275.05,Moderado,206.29
2026-10-28,Perú,Lima,20.1,Casa,2,12,Alta,11,True,416.77,Moderado,312.58
2026-04-09,México,Guadalajara,24.4,Local,8,16,Baja,2,True,815.78,Ineficiente,611.84
2026-03-05,Perú,Arequipa,16.8,Departamento,8,13,Baja,3,True,299.08,Moderado,224.31
2026-07-18,México,Monterrey,31.2,Departamento,5,9,Alta,8,False,391.15,Moderado,293.36
2026-01-17,Colombia,Medellín,21.2,Casa,5,10,Media,4,True,301.81,Moderado,226.36
2026-11-10,Colombia,Bucaramanga,23.1,Local,2,20,Media,10,True,679.05,Ineficiente,509.29
2026-06-06,México,Tijuana,21.3,Departamento,6,6,Media,4,True,157.58,Eficiente,118.18
2026-08-09,Perú,Lima,18.9,Local,20,26,Media,10,True,1620.09,Ineficiente,1215.07
2026-09-01,México,Ciudad de México,17.7,Casa,1,13,Media,4,True,216.41,Eficiente,162.31
2026-06-07,México,Tijuana,20.2,Casa,6,14,Baja,2,True,241.49,Eficiente,181.12
2026-09-28,Colombia,Barranquilla,28.5,Casa,7,5,Media,4,True,329.51,Moderado,247.13
2026-05-31,México,Tijuana,18.9,Departamento,1,9,Alta,8,True,222.67,Eficiente,167.0
2026-06-26,Perú,Cusco,10.0,Casa,4,11,Media,8,True,327.54,Moderado,245.66
2026-11-24,México,Monterrey,19.6,Casa,3,7,Media,10,True,319.38,Moderado,239.54
2026-07-19,Perú,Piura,23.2,Local,1,23,Alta,13,True,1065.58,Ineficiente,799.18
2026-10-30,México,Guadalajara,23.7,Local,8,13,Alta,13,True,668.02,Ineficiente,501.02
2026-05-28,México,Tijuana,18.8,Casa,3,13,Baja,2,True,258.98,Moderado,194.24
2026-11-07,México,Guadalajara,20.2,Casa,3,13,Alta,14,True,470.54,Ineficiente,352.9
2026-08-09,México,Mérida,30.3,Departamento,3,5,Baja,2,True,123.67,Eficiente,92.75
2026-02-14,México,Ciudad de México,13.6,Departamento,5,7,Media,9,True,192.8,Eficiente,144.6
2026-12-08,Colombia,Bucaramanga,22.6,Casa,7,11,Alta,15,False,656.18,Ineficiente,492.14
2026-04-08,México,Ciudad de México,18.6,Local,10,19,Media,4,True,851.59,Ineficiente,638.69
2026-12-13,México,Mérida,24.2,Casa,5,9,Alta,10,True,335.08,Moderado,251.31
2026-01-28,México,Mérida,23.6,Departamento,2,11,Alta,12,True,304.52,Moderado,228.39
2026-12-27,México,Guadalajara,19.1,Local,20,21,Alta,15,True,1894.62,Ineficiente,1420.96
2026-09-08,Colombia,Cali,23.7,Local,10,21,Alta,14,True,1148.7,Ineficiente,861.53
2026-03-17,Perú,Arequipa,17.5,Casa,6,11,Media,7,True,316.27,Moderado,237.2
2026-04-08,México,Mérida,28.7,Local,8,24,Media,8,False,968.51,Ineficiente,726.38
2026-05-03,México,Ciudad de México,19.5,Local,3,26,Media,6,True,835.91,Ineficiente,626.93
2026-08-06,Colombia,Bogotá,13.1,Casa,7,10,Media,9,False,340.15,Moderado,255.11
2026-07-09,Colombia,Cali,23.5,Casa,4,5,Alta,14,True,407.87,Moderado,305.9
2026-02-13,México,Mérida,24.5,Casa,5,7,Alta,10,True,528.05,Ineficiente,396.04
2026-08-31,Perú,Cusco,11.5,Casa,4,9,Media,7,True,266.34,Moderado,199.76
2026-07-24,México,Ciudad de México,17.7,Casa,1,7,Media,9,True,277.07,Moderado,207.8
2026-11-22,Perú,Lima,24.0,Casa,5,9,Media,10,True,370.63,Moderado,277.97
2026-01-07,México,Ciudad de México,12.8,Departamento,4,12,Alta,15,False,247.58,Eficiente,185.68
2026-07-13,México,Guadalajara,24.1,Departamento,2,9,Media,6,True,140.53,Eficiente,105.4
2026-08-05,Colombia,Medellín,21.9,Local,20,11,Alta,9,True,1641.47,Ineficiente,1231.1
2026-04-10,Perú,Piura,27.6,Casa,2,20,Media,7,False,468.19,Ineficiente,351.14
2026-03-22,Colombia,Bucaramanga,23.7,Casa,4,19,Baja,1,True,343.49,Moderado,257.62
2026-02-17,México,Monterrey,18.8,Casa,2,15,Alta,13,False,387.66,Moderado,290.74
2026-12-31,México,Mérida,25.0,Casa,4,14,Media,6,False,420.73,Moderado,315.55
2026-05-28,México,Mérida,29.3,Casa,8,13,Media,6,True,336.34,Moderado,252.26
2026-12-24,México,Tijuana,14.3,Casa,6,10,Baja,2,False,174.32,Eficiente,130.74
2026-10-21,Perú,Piura,25.8,Local,5,17,Media,7,True,455.34,Ineficiente,341.5
2026-05-09,Perú,Lima,22.8,Casa,6,19,Media,9,True,410.42,Moderado,307.82
2026-02-14,México,Guadalajara,19.3,Casa,6,8,Media,7,True,218.72,Eficiente,164.04
2026-12-28,México,Guadalajara,18.9,Casa,4,6,Alta,14,True,366.96,Moderado,275.22
2026-12-17,México,Mérida,25.7,Departamento,2,9,Media,8,True,196.81,Eficiente,147.61
2026-07-31,México,Mérida,30.7,Casa,4,15,Alta,15,True,317.34,Moderado,238.0
2026-03-14,Colombia,Bucaramanga,23.4,Casa,4,18,Baja,6,True,329.24,Moderado,246.93
2026-07-06,Colombia,Medellín,20.6,Local,15,14,Baja,3,False,873.96,Ineficiente,655.47
2026-12-12,Colombia,Bucaramanga,22.1,Local,5,22,Baja,2,True,474.8,Ineficiente,356.1
2026-03-29,México,Guadalajara,22.7,Casa,4,24,Media,5,True,505.49,Ineficiente,379.12
2026-10-14,Colombia,Barranquilla,28.1,Local,5,20,Alta,9,True,963.31,Ineficiente,722.48
2026-04-14,México,Monterrey,25.3,Departamento,1,6,Baja,3,False,107.69,Eficiente,80.77
2026-02-27,Perú,Puno,11.4,Casa,8,21,Alta,15,False,672.82,Ineficiente,504.62
2026-08-05,Colombia,Cali,22.5,Casa,2,12,Baja,6,True,268.15,Moderado,201.11
2026-09-26,México,Guadalajara,23.7,Casa,7,8,Media,5,True,249.31,Eficiente,186.98
2026-08-30,Perú,Arequipa,13.7,Departamento,2,8,Baja,5,True,242.42,Eficiente,181.82
2026-01-06,México,Tijuana,14.4,Casa,5,19,Media,4,False,466.99,Ineficiente,350.24
2026-02-01,México,Ciudad de México,14.4,Local,1,16,Media,10,True,651.32,Ineficiente,488.49
2026-12-07,México,Guadalajara,19.7,Local,20,13,Media,8,False,1196.01,Ineficiente,897.01
2026-10-17,México,Ciudad de México,16.0,Casa,5,11,Alta,12,True,365.4,Moderado,274.05
2026-06-25,Perú,Cusco,10.3,Departamento,2,7,Media,8,False,241.91,Eficiente,181.43
2026-01-29,México,Tijuana,14.2,Casa,4,7,Baja,4,True,169.84,Eficiente,127.38
2026-03-22,México,Ciudad de México,16.2,Local,10,18,Alta,11,False,1702.42,Ineficiente,1276.82
2026-09-20,Colombia,Bucaramanga,22.4,Casa,5,8,Baja,3,False,157.75,Eficiente,118.31
2026-12-19,Perú,Cusco,14.0,Casa,6,16,Alta,9,False,556.08,Ineficiente,417.06
2026-09-18,Perú,Cusco,12.2,Casa,6,10,Media,9,True,276.86,Moderado,207.64
2026-01-11,Colombia,Cali,24.0,Casa,5,8,Media,9,True,282.91,Moderado,212.18
2026-07-31,México,Guadalajara,23.5,Departamento,3,12,Alta,10,True,227.65,Eficiente,170.74
2026-02-16,Perú,Puno,12.6,Departamento,4,8,Media,5,True,210.98,Eficiente,158.23
2026-03-06,México,Tijuana,16.2,Local,5,23,Alta,13,True,1475.06,Ineficiente,1106.3
2026-05-30,Perú,Lima,22.5,Departamento,2,13,Alta,11,False,303.06,Moderado,227.3
2026-09-29,Perú,Arequipa,16.0,Departamento,2,9,Alta,15,False,339.52,Moderado,254.64
2026-12-20,Perú,Puno,12.3,Departamento,1,13,Media,7,False,344.77,Moderado,258.58
2026-03-01,Perú,Puno,11.1,Local,10,16,Media,10,True,1164.43,Ineficiente,873.32
2026-01-12,Colombia,Medellín,22.9,Local,10,19,Baja,3,True,811.91,Ineficiente,608.93
2026-08-22,México,Ciudad de México,17.1,Departamento,1,7,Baja,2,False,154.05,Eficiente,115.54
2026-07-25,México,Tijuana,22.2,Departamento,2,7,Alta,15,True,271.85,Moderado,203.89
2026-09-21,México,Guadalajara,23.2,Departamento,3,11,Alta,13,False,373.66,Moderado,280.24
2026-05-26,México,Guadalajara,25.5,Departamento,2,6,Alta,14,False,258.89,Moderado,194.17
2026-04-12,Colombia,Bucaramanga,23.2,Casa,4,13,Baja,6,True,193.03,Eficiente,144.77
2026-12-05,México,Guadalajara,18.6,Casa,5,18,Baja,2,True,164.83,Eficiente,123.62
2026-06-02,México,Ciudad de México,18.4,Casa,2,9,Alta,13,True,313.53,Moderado,235.15
2026-04-07,México,Tijuana,17.1,Casa,5,8,Alta,9,False,375.44,Moderado,281.58
2026-06-22,México,Monterrey,30.6,Departamento,2,8,Baja,2,False,81.12,Eficiente,60.84
2026-05-17,Perú,Cusco,12.3,Casa,5,8,Alta,9,True,379.13,Moderado,284.35
2026-03-09,Perú,Lima,26.1,Departamento,3,7,Baja,6,False,181.01,Eficiente,135.76
2026-09-22,México,Tijuana,23.5,Casa,4,17,Media,8,True,372.91,Moderado,279.68
2026-05-29,México,Mérida,29.8,Casa,8,6,Alta,9,True,616.98,Ineficiente,462.74
2026-10-26,Perú,Cusco,13.3,Casa,5,16,Media,4,True,341.28,Moderado,255.96
2026-10-05,Colombia,Bogotá,13.9,Departamento,2,7,Baja,6,True,213.54,Eficiente,160.16
2026-10-09,Perú,Lima,21.0,Departamento,3,7,Baja,1,False,72.19,Eficiente,54.14
2026-02-27,Perú,Piura,28.6,Departamento,4,9,Media,4,True,163.96,Eficiente,122.97
2026-05-25,México,Guadalajara,25.9,Casa,7,9,Media,10,False,492.02,Ineficiente,369.02
2026-07-20,México,Tijuana,23.0,Departamento,1,14,Media,9,True,227.13,Eficiente,170.35
2026-06-13,Colombia,Barranquilla,28.6,Departamento,2,5,Media,6,False,139.18,Eficiente,104.38
2026-12-22,México,Tijuana,15.1,Casa,7,16,Alta,9,True,413.37,Moderado,310.03
2026-06-28,México,Ciudad de México,18.1,Local,1,27,Alta,14,True,642.95,Ineficiente,482.21
2026-01-25,México,Ciudad de México,12.8,Departamento,6,9,Alta,10,True,153.36,Eficiente,115.02
2026-08-18,Colombia,Bucaramanga,22.4,Casa,7,20,Alta,15,True,818.35,Ineficiente,613.76
2026-06-16,México,Mérida,31.7,Casa,6,8,Baja,3,True,265.68,Moderado,199.26
2026-08-15,México,Ciudad de México,18.1,Local,3,15,Alta,9,True,514.21,Ineficiente,385.66
2026-12-09,México,Guadalajara,19.7,Departamento,2,13,Baja,3,True,96.0,Eficiente,72.0
2026-09-25,Colombia,Bogotá,13.4,Casa,5,16,Baja,1,False,282.11,Moderado,211.58
2026-06-22,México,Guadalajara,25.4,Casa,7,17,Baja,3,True,251.51,Moderado,188.63
2026-09-14,México,Monterrey,28.5,Casa,5,17,Baja,3,True,218.5,Eficiente,163.88
2026-09-26,México,Monterrey,28.4,Casa,3,9,Media,5,True,365.52,Moderado,274.14
2026-12-06,México,Mérida,25.8,Casa,2,6,Media,7,False,286.99,Moderado,215.24
2026-06-01,Colombia,Medellín,20.3,Casa,2,10,Media,9,False,259.8,Moderado,194.85
2026-01-08,Colombia,Barranquilla,29.0,Departamento,3,9,Media,5,True,173.77,Eficiente,130.33
2026-12-01,México,Monterrey,15.1,Departamento,2,9,Media,6,False,289.13,Moderado,216.85
2026-04-22,Colombia,Medellín,21.2,Casa,10,16,Alta,14,False,785.76,Ineficiente,589.32
2026-04-11,Colombia,Medellín,22.7,Departamento,3,7,Baja,1,False,136.59,Eficiente,102.44
2026-10-25,México,Ciudad de México,17.8,Local,3,23,Alta,11,True,668.41,Ineficiente,501.31
2026-03-30,Perú,Piura,29.9,Casa,6,7,Baja,1,False,244.27,Eficiente,183.2
2026-11-27,Perú,Arequipa,16.2,Casa,5,11,Alta,8,True,337.87,Moderado,253.4
2026-02-20,Colombia,Bucaramanga,23.2,Local,3,30,Media,8,True,864.66,Ineficiente,648.5
2026-12-30,México,Monterrey,16.0,Casa,4,11,Media,10,False,428.08,Moderado,321.06
2026-06-25,Colombia,Cali,23.3,Casa,4,12,Baja,6,True,243.42,Eficiente,182.56
2026-08-20,México,Monterrey,31.9,Local,3,18,Alta,14,True,1020.21,Ineficiente,765.16
2026-03-23,México,Guadalajara,21.1,Local,20,25,Alta,12,False,1853.91,Ineficiente,1390.43
2026-03-24,México,Guadalajara,22.1,Casa,5,7,Alta,12,True,306.68,Moderado,230.01
2026-08-12,Perú,Piura,23.3,Local,15,23,Baja,5,True,1224.8,Ineficiente,918.6
2026-12-20,Perú,Lima,24.6,Departamento,5,9,Alta,15,False,422.21,Moderado,316.66
2026-05-11,Colombia,Bucaramanga,22.9,Local,5,29,Media,4,True,583.27,Ineficiente,437.45
2026-06-29,Colombia,Medellín,20.4,Casa,7,21,Baja,6,False,436.46,Moderado,327.34
2026-06-30,Colombia,Barranquilla,28.8,Casa,6,12,Media,10,True,480.59,Ineficiente,360.44
2026-11-27,Perú,Arequipa,16.5,Departamento,2,12,Media,10,True,197.57,Eficiente,148.18
2026-07-27,Colombia,Barranquilla,29.2,Departamento,3,7,Baja,5,False,279.01,Moderado,209.26
2026-02-13,Colombia,Bogotá,13.9,Departamento,4,9,Media,5,True,222.61,Eficiente,166.96
2026-03-30,Colombia,Barranquilla,29.8,Departamento,2,8,Baja,1,True,126.98,Eficiente,95.24
2026-05-19,México,Tijuana,19.6,Casa,10,9,Media,5,False,390.68,Moderado,293.01
2026-04-02,México,Mérida,29.9,Local,5,33,Baja,4,False,457.18,Ineficiente,342.88
2026-10-14,México,Guadalajara,23.7,Departamento,3,8,Alta,10,False,184.11,Eficiente,138.08
2026-05-05,México,Mérida,30.4,Casa,4,10,Baja,1,True,248.3,Eficiente,186.23
2026-10-15,Perú,Puno,10.6,Casa,3,18,Media,7,True,363.98,Moderado,272.98
2026-10-17,Colombia,Medellín,22.9,Departamento,3,9,Media,8,True,214.63,Eficiente,160.97
2026-10-23,México,Monterrey,25.4,Casa,10,18,Alta,11,True,599.67,Ineficiente,449.75
2026-12-02,México,Monterrey,15.8,Casa,7,8,Alta,9,False,278.03,Moderado,208.52
2026-06-29,Colombia,Medellín,20.1,Departamento,2,8,Alta,14,True,354.03,Moderado,265.52
2026-06-28,Perú,Piura,24.3,Casa,4,8,Media,5,False,216.41,Eficiente,162.31
2026-05-22,Colombia,Bucaramanga,23.3,Casa,3,11,Alta,13,True,280.38,Moderado,210.28
2026-07-21,Colombia,Bucaramanga,22.9,Local,3,16,Media,5,True,602.02,Ineficiente,451.52
2026-06-29,México,Guadalajara,24.2,Casa,5,8,Alta,8,True,344.74,Moderado,258.56
2026-05-16,Colombia,Medellín,21.2,Casa,4,15,Alta,11,True,431.25,Moderado,323.44
2026-10-02,Perú,Cusco,12.8,Casa,7,10,Baja,6,False,325.73,Moderado,244.3
2026-11-29,México,Ciudad de México,14.1,Departamento,2,14,Media,9,False,176.61,Eficiente,132.46
2026-04-13,Colombia,Bogotá,13.9,Casa,6,16,Media,10,False,587.13,Ineficiente,440.35
2026-06-14,México,Monterrey,30.8,Local,15,19,Media,4,True,1015.23,Ineficiente,761.42
2026-10-06,Perú,Piura,24.5,Local,5,28,Baja,5,True,921.2,Ineficiente,690.9
2026-05-26,Perú,Lima,21.6,Departamento,3,13,Media,9,True,170.49,Eficiente,127.87
2026-05-21,Colombia,Barranquilla,28.6,Departamento,2,8,Alta,11,True,249.83,Eficiente,187.37
2026-12-06,Colombia,Medellín,22.8,Casa,8,12,Media,10,True,446.17,Moderado,334.63
2026-03-16,México,Monterrey,21.3,Casa,3,11,Baja,5,False,271.59,Moderado,203.69
2026-08-17,Perú,Cusco,10.8,Departamento,3,10,Baja,6,True,184.92,Eficiente,138.69
2026-08-19,México,Ciudad de México,17.6,Departamento,1,10,Alta,11,False,294.84,Moderado,221.13
2026-02-24,Colombia,Bogotá,13.8,Casa,6,17,Media,7,True,241.31,Eficiente,180.98
2026-04-07,México,Ciudad de México,17.6,Casa,8,12,Baja,4,False,391.75,Moderado,293.81
2026-01-13,Perú,Piura,28.6,Casa,2,13,Baja,5,False,237.53,Eficiente,178.15
2026-08-02,Perú,Cusco,11.3,Casa,3,13,Media,8,True,274.39,Moderado,205.79
2026-11-23,México,Guadalajara,21.6,Casa,5,10,Media,7,False,432.74,Moderado,324.56
2026-01-08,Perú,Piura,27.5,Local,5,13,Media,9,True,892.18,Ineficiente,669.14
2026-07-01,Perú,Arequipa,13.5,Departamento,2,10,Media,10,False,331.47,Moderado,248.6
2026-01-20,México,Ciudad de México,13.0,Departamento,2,8,Baja,4,False,135.89,Eficiente,101.92
2026-01-24,Colombia,Cali,24.6,Departamento,2,8,Media,6,True,180.84,Eficiente,135.63
2026-08-03,México,Ciudad de México,17.8,Departamento,8,8,Baja,6,True,215.68,Eficiente,161.76
2026-01-13,México,Tijuana,14.1,Casa,5,18,Baja,3,False,328.74,Moderado,246.56
2026-05-11,México,Monterrey,28.4,Casa,10,13,Baja,2,True,295.07,Moderado,221.3
2026-01-16,México,Mérida,23.9,Departamento,3,7,Media,4,True,112.81,Eficiente,84.61
2026-07-17,Colombia,Barranquilla,28.1,Departamento,4,9,Alta,13,True,416.54,Moderado,312.41
2026-05-26,Perú,Piura,26.8,Casa,5,12,Media,4,True,342.96,Moderado,257.22
2026-03-15,México,Monterrey,21.5,Casa,2,19,Alta,14,True,388.93,Moderado,291.7
2026-03-27,México,Ciudad de México,15.3,Casa,4,12,Alta,10,True,287.37,Moderado,215.53
2026-09-21,México,Monterrey,28.9,Local,3,10,Baja,5,True,355.45,Moderado,266.59
2026-06-22,México,Ciudad de México,18.3,Local,15,15,Media,9,False,941.89,Ineficiente,706.42
2026-03-29,México,Ciudad de México,15.8,Departamento,3,7,Baja,4,True,148.93,Eficiente,111.7
2026-11-19,México,Guadalajara,20.5,Departamento,3,7,Media,10,False,325.66,Moderado,244.24
2026-07-18,Perú,Cusco,11.0,Casa,3,17,Baja,5,True,261.5,Moderado,196.12
2026-05-19,México,Guadalajara,26.0,Casa,3,20,Media,8,False,256.61,Moderado,192.46
2026-11-29,Colombia,Cali,24.0,Departamento,2,7,Media,6,True,217.34,Eficiente,163.0
2026-12-19,México,Guadalajara,18.1,Departamento,1,4,Media,5,False,176.64,Eficiente,132.48
2026-08-27,México,Ciudad de México,17.2,Departamento,2,4,Baja,2,True,150.99,Eficiente,113.24
2026-09-10,Perú,Piura,24.0,Casa,4,12,Alta,12,True,432.54,Moderado,324.41
2026-02-14,Colombia,Bucaramanga,23.5,Casa,7,11,Media,10,True,422.6,Moderado,316.95
2026-05-02,México,Monterrey,28.6,Casa,2,8,Baja,3,True,186.45,Eficiente,139.84
2026-03-21,Colombia,Bucaramanga,23.5,Departamento,1,6,Media,6,True,137.96,Eficiente,103.47
2026-06-07,México,Tijuana,20.4,Casa,5,13,Media,10,True,293.16,Moderado,219.87
2026-04-29,México,Monterrey,26.1,Casa,8,10,Alta,9,True,481.06,Ineficiente,360.8
2026-01-31,Perú,Arequipa,16.8,Local,15,33,Alta,15,False,1668.8,Ineficiente,1251.6
2026-01-16,México,Monterrey,14.8,Casa,5,11,Alta,15,True,444.82,Moderado,333.62
2026-01-16,Perú,Puno,11.8,Departamento,5,10,Media,8,False,212.59,Eficiente,159.44
2026-06-29,Perú,Puno,7.4,Departamento,3,12,Alta,10,False,286.72,Moderado,215.04
2026-01-05,México,Mérida,24.7,Local,5,13,Baja,3,True,296.78,Moderado,222.58
2026-08-02,Colombia,Medellín,20.8,Casa,4,15,Media,5,True,331.96,Moderado,248.97
2026-10-16,Colombia,Bucaramanga,23.5,Casa,4,22,Media,8,False,463.24,Ineficiente,347.43
2026-03-04,Perú,Piura,29.8,Casa,5,11,Alta,15,True,823.29,Ineficiente,617.47
2026-08-28,México,Guadalajara,23.1,Local,8,14,Baja,1,True,560.75,Ineficiente,420.56
2026-11-30,México,Ciudad de México,15.0,Departamento,2,6,Alta,8,True,233.87,Eficiente,175.4
2026-06-18,Colombia,Medellín,21.3,Casa,7,12,Media,4,True,282.71,Moderado,212.03
2026-12-30,Colombia,Medellín,21.8,Casa,1,16,Alta,14,True,616.87,Ineficiente,462.65
2026-07-12,Perú,Puno,7.3,Departamento,6,8,Baja,2,True,171.21,Eficiente,128.41
2026-10-19,Perú,Lima,21.7,Casa,7,12,Baja,1,True,258.75,Moderado,194.06
2026-12-16,Colombia,Bogotá,13.8,Casa,7,9,Media,4,True,191.76,Eficiente,143.82
2026-07-22,México,Ciudad de México,17.5,Casa,4,19,Baja,5,True,378.11,Moderado,283.58
2026-09-26,Perú,Arequipa,15.6,Casa,5,14,Baja,3,False,270.66,Moderado,203.0
2026-07-05,México,Guadalajara,23.4,Casa,4,8,Baja,6,True,168.69,Eficiente,126.52
2026-02-05,Colombia,Medellín,21.7,Casa,5,9,Alta,11,True,301.49,Moderado,226.12
2026-05-12,México,Ciudad de México,18.1,Local,2,27,Media,6,True,753.97,Ineficiente,565.48
2026-11-04,México,Mérida,27.4,Departamento,1,7,Alta,10,True,213.22,Eficiente,159.92
2026-09-23,Colombia,Medellín,21.0,Casa,4,19,Baja,2,False,313.71,Moderado,235.28
2026-04-14,Colombia,Bogotá,14.7,Departamento,4,9,Alta,14,False,303.98,Moderado,227.98
2026-02-13,Perú,Lima,27.2,Departamento,3,13,Baja,2,True,146.14,Eficiente,109.6
2026-07-01,México,Guadalajara,23.4,Casa,5,20,Media,8,True,409.39,Moderado,307.04
2026-04-29,Colombia,Bucaramanga,22.1,Casa,7,21,Media,6,True,530.53,Ineficiente,397.9
2026-08-20,México,Ciudad de México,18.1,Departamento,4,5,Media,10,False,192.53,Eficiente,144.4
2026-01-08,Colombia,Barranquilla,27.6,Local,10,22,Baja,6,True,592.96,Ineficiente,444.72
2026-03-04,Colombia,Barranquilla,29.0,Casa,5,20,Baja,2,True,260.82,Moderado,195.62
2026-09-20,Colombia,Medellín,20.8,Casa,1,16,Alta,12,False,476.11,Ineficiente,357.08
2026-08-20,Perú,Puno,9.5,Local,5,24,Media,4,False,1071.48,Ineficiente,803.61
2026-07-07,Perú,Puno,7.4,Local,8,13,Baja,3,True,587.07,Ineficiente,440.3
2026-02-06,Colombia,Bucaramanga,22.3,Departamento,3,9,Alta,10,True,364.17,Moderado,273.13
2026-08-22,México,Mérida,31.0,Casa,2,5,Media,5,True,294.83,Moderado,221.12
2026-05-10,Colombia,Cali,23.3,Departamento,3,6,Media,5,True,114.51,Eficiente,85.88
2026-11-08,México,Guadalajara,21.4,Departamento,3,9,Alta,9,True,450.23,Ineficiente,337.67
2026-12-13,México,Guadalajara,18.9,Casa,3,20,Media,6,True,320.73,Moderado,240.55
2026-12-31,México,Tijuana,14.9,Casa,8,15,Media,7,True,406.41,Moderado,304.81
2026-01-01,México,Mérida,23.9,Local,3,15,Alta,14,True,915.23,Ineficiente,686.42
2026-10-08,Perú,Puno,11.5,Departamento,2,6,Baja,4,False,128.78,Eficiente,96.58
2026-07-12,Perú,Arequipa,12.9,Local,8,13,Media,10,True,855.3,Ineficiente,641.47
2026-02-23,México,Ciudad de México,14.8,Departamento,2,9,Alta,12,True,219.84,Eficiente,164.88
2026-05-14,México,Tijuana,19.9,Casa,3,19,Baja,3,True,279.04,Moderado,209.28
2026-10-10,México,Guadalajara,23.4,Departamento,3,7,Baja,1,False,143.86,Eficiente,107.9
2026-06-01,Colombia,Cali,22.2,Casa,8,9,Baja,4,False,152.02,Eficiente,114.02
2026-03-02,México,Mérida,26.7,Departamento,2,5,Alta,8,True,272.44,Moderado,204.33
2026-03-25,México,Mérida,27.5,Departamento,5,7,Media,10,True,149.02,Eficiente,111.77
2026-09-15,Colombia,Medellín,21.1,Departamento,3,9,Baja,1,True,94.9,Eficiente,71.18
2026-02-26,Colombia,Cali,23.6,Casa,7,18,Media,7,True,540.37,Ineficiente,405.28
2026-01-17,Colombia,Bogotá,13.1,Casa,3,14,Media,8,True,241.84,Eficiente,181.38
2026-12-12,Perú,Lima,24.2,Casa,5,21,Media,5,True,364.71,Moderado,273.53
2026-06-05,Colombia,Cali,22.7,Casa,8,17,Media,7,False,443.92,Moderado,332.94
2026-01-02,México,Monterrey,14.5,Departamento,3,11,Baja,3,True,111.55,Eficiente,83.66
2026-07-10,Perú,Cusco,10.2,Departamento,2,9,Alta,8,False,300.23,Moderado,225.17
2026-10-10,Colombia,Bogotá,14.7,Departamento,3,5,Media,9,True,222.69,Eficiente,167.02
2026-08-16,México,Guadalajara,24.0,Casa,5,19,Media,4,True,504.6,Ineficiente,378.45
2026-01-13,Colombia,Bucaramanga,22.1,Departamento,3,10,Baja,2,True,152.49,Eficiente,114.37
2026-04-15,México,Mérida,28.3,Casa,3,24,Media,4,True,597.99,Ineficiente,448.49
2026-10-31,Perú,Piura,24.2,Departamento,5,12,Media,9,False,239.16,Eficiente,179.37
2026-02-23,Colombia,Medellín,21.3,Casa,2,9,Baja,1,True,159.06,Eficiente,119.3
2026-09-27,Perú,Puno,9.8,Casa,3,11,Media,9,True,366.89,Moderado,275.17
2026-04-08,México,Mérida,28.1,Casa,4,9,Media,5,True,228.19,Eficiente,171.14
2026-06-25,Perú,Lima,19.5,Local,5,10,Media,10,True,574.43,Ineficiente,430.82
2026-03-02,México,Tijuana,16.9,Casa,4,5,Alta,15,False,271.7,Moderado,203.77
2026-06-22,Perú,Piura,24.0,Casa,2,10,Alta,12,True,337.92,Moderado,253.44
2026-01-16,Colombia,Cali,23.3,Casa,5,9,Media,7,False,194.75,Eficiente,146.06
2026-11-05,Colombia,Barranquilla,28.3,Departamento,4,8,Media,7,False,278.29,Moderado,208.72
2026-04-04,Perú,Piura,27.7,Casa,4,11,Alta,9,True,338.49,Moderado,253.87
2026-04-18,México,Tijuana,16.6,Casa,2,14,Alta,8,False,485.52,Ineficiente,364.14
2026-03-18,México,Tijuana,16.5,Casa,5,11,Alta,13,False,340.5,Moderado,255.38
2026-05-09,México,Tijuana,19.5,Local,20,15,Alta,12,False,1215.31,Ineficiente,911.48
2026-10-30,México,Guadalajara,22.8,Casa,4,11,Alta,13,True,383.28,Moderado,287.46
2026-01-14,México,Guadalajara,19.4,Casa,4,17,Media,9,True,285.07,Moderado,213.8
2026-02-23,México,Mérida,25.5,Casa,4,17,Media,7,True,278.99,Moderado,209.24
2026-05-22,México,Monterrey,29.4,Casa,6,24,Alta,8,True,770.2,Ineficiente,577.65
2026-08-31,Perú,Piura,24.0,Casa,1,11,Baja,2,False,187.76,Eficiente,140.82
2026-05-10,Perú,Piura,25.1,Casa,5,22,Alta,11,True,574.12,Ineficiente,430.59
2026-12-29,México,Mérida,25.1,Casa,3,23,Alta,12,True,533.03,Ineficiente,399.77
2026-06-09,México,Monterrey,30.7,Departamento,2,7,Baja,3,False,165.81,Eficiente,124.36
2026-04-29,Perú,Puno,11.3,Casa,6,17,Alta,10,True,412.63,Moderado,309.47
2026-11-08,Colombia,Barranquilla,29.8,Local,5,16,Baja,4,True,356.85,Moderado,267.64
2026-06-29,Colombia,Barranquilla,29.1,Casa,6,9,Baja,3,True,384.92,Moderado,288.69
2026-12-13,Colombia,Medellín,21.6,Casa,4,22,Media,8,False,558.55,Ineficiente,418.91
2026-10-21,México,Ciudad de México,16.3,Casa,8,8,Baja,5,True,277.53,Moderado,208.15
2026-02-20,Perú,Puno,11.5,Casa,5,14,Media,10,True,462.99,Ineficiente,347.24
2026-06-04,Colombia,Medellín,21.3,Casa,5,18,Alta,8,True,552.39,Ineficiente,414.29
2026-01-17,Perú,Cusco,14.8,Casa,3,8,Media,6,True,258.28,Moderado,193.71
2026-02-11,México,Ciudad de México,13.5,Local,8,28,Alta,8,True,1355.81,Ineficiente,1016.86
2026-05-05,México,Guadalajara,25.5,Local,20,12,Alta,10,True,1254.42,Ineficiente,940.82
2026-05-04,Perú,Cusco,11.9,Casa,5,8,Alta,13,False,472.24,Ineficiente,354.18
2026-07-28,Perú,Puno,8.9,Casa,7,7,Alta,9,False,409.07,Moderado,306.8
2026-03-11,Colombia,Barranquilla,28.2,Local,5,23,Media,10,True,1133.82,Ineficiente,850.36
2026-03-27,Colombia,Barranquilla,28.3,Local,5,20,Media,8,True,670.9,Ineficiente,503.17
2026-09-03,Perú,Puno,9.2,Casa,6,12,Alta,11,True,476.87,Ineficiente,357.65
2026-02-04,México,Tijuana,14.1,Local,10,16,Media,6,True,927.59,Ineficiente,695.69
2026-07-22,México,Tijuana,23.2,Local,10,22,Media,8,True,1513.02,Ineficiente,1134.76
2026-03-16,Perú,Arequipa,16.4,Departamento,4,7,Media,5,True,221.86,Eficiente,166.4
2026-06-28,México,Tijuana,20.8,Casa,5,14,Media,10,True,363.6,Moderado,272.7
2026-06-05,México,Monterrey,30.5,Casa,5,12,Alta,9,True,683.2,Ineficiente,512.4
2026-04-10,Colombia,Medellín,21.7,Departamento,2,11,Alta,8,True,291.54,Moderado,218.66
2026-04-18,Perú,Piura,27.7,Casa,5,11,Baja,1,True,208.3,Eficiente,156.23
2026-07-29,Colombia,Medellín,21.5,Casa,1,11,Media,8,False,254.37,Moderado,190.78
2026-06-07,Perú,Arequipa,13.7,Departamento,2,7,Alta,14,False,377.29,Moderado,282.97
2026-07-22,Colombia,Cali,22.1,Departamento,4,7,Media,5,True,118.37,Eficiente,88.78
2026-02-10,Colombia,Bucaramanga,22.9,Casa,4,8,Media,7,True,191.59,Eficiente,143.69
2026-11-25,México,Guadalajara,20.6,Departamento,2,7,Media,7,True,251.92,Moderado,188.94
2026-11-16,México,Mérida,26.0,Casa,4,19,Media,8,True,400.51,Moderado,300.38
2026-10-15,Perú,Arequipa,16.4,Departamento,3,7,Alta,10,False,249.58,Eficiente,187.18
2026-05-07,Colombia,Bogotá,13.8,Casa,7,10,Baja,5,True,276.98,Moderado,207.74
2026-12-01,México,Tijuana,14.5,Casa,5,15,Alta,13,True,414.21,Moderado,310.66
2026-07-21,México,Tijuana,22.2,Local,10,26,Alta,15,True,1397.62,Ineficiente,1048.21
2026-04-10,México,Monterrey,27.0,Departamento,4,6,Media,7,False,207.57,Eficiente,155.68
2026-12-30,Perú,Cusco,14.7,Departamento,3,11,Alta,14,True,266.5,Moderado,199.88
2026-07-05,Perú,Cusco,10.2,Local,5,29,Media,9,True,865.41,Ineficiente,649.06
2026-02-17,México,Mérida,25.0,Casa,2,14,Alta,15,True,319.72,Moderado,239.79
2026-11-19,México,Guadalajara,21.8,Casa,6,14,Media,8,False,402.6,Moderado,301.95
2026-11-17,Perú,Piura,27.8,Casa,5,12,Alta,13,True,461.65,Ineficiente,346.24
2026-07-12,Perú,Puno,7.6,Casa,4,22,Media,9,False,579.07,Ineficiente,434.3
2026-08-16,México,Monterrey,30.3,Casa,5,14,Media,6,True,358.93,Moderado,269.2
2026-02-11,México,Mérida,25.3,Casa,10,7,Media,4,True,226.63,Eficiente,169.97
2026-05-13,México,Guadalajara,26.3,Casa,6,14,Baja,3,True,148.16,Eficiente,111.12
2026-01-01,México,Monterrey,15.2,Local,3,16,Baja,6,True,393.7,Moderado,295.27
2026-05-19,México,Ciudad de México,18.3,Casa,3,18,Baja,5,False,271.19,Moderado,203.39
2026-06-13,Colombia,Bogotá,13.3,Local,20,21,Media,6,True,962.38,Ineficiente,721.78
2026-05-02,Perú,Cusco,11.8,Casa,5,9,Baja,2,True,204.05,Eficiente,153.04
2026-10-27,Perú,Arequipa,15.7,Casa,4,6,Alta,14,False,313.38,Moderado,235.04
2026-08-31,Colombia,Bogotá,13.0,Departamento,3,7,Baja,1,True,85.75,Eficiente,64.31
2026-10-19,México,Ciudad de México,16.2,Casa,6,14,Media,8,True,400.09,Moderado,300.07
2026-02-13,Perú,Puno,11.5,Local,15,20,Media,8,False,1102.48,Ineficiente,826.86
2026-02-12,Perú,Cusco,13.1,Departamento,4,9,Alta,15,True,368.97,Moderado,276.73
2026-05-31,Colombia,Barranquilla,29.2,Casa,10,16,Media,10,True,464.62,Ineficiente,348.46
2026-11-20,México,Mérida,27.4,Casa,4,13,Alta,10,True,429.95,Moderado,322.46
2026-12-28,Perú,Cusco,14.6,Departamento,3,8,Media,4,True,148.21,Eficiente,111.16
2026-05-11,México,Monterrey,28.2,Local,20,20,Media,8,True,1816.52,Ineficiente,1362.39
2026-12-21,México,Monterrey,15.5,Casa,3,12,Media,5,True,322.26,Moderado,241.7
2026-04-03,México,Ciudad de México,18.6,Casa,4,15,Alta,12,True,614.22,Ineficiente,460.66
2026-09-10,Colombia,Medellín,20.9,Local,3,12,Baja,1,True,475.89,Ineficiente,356.92
2026-05-17,México,Tijuana,19.6,Departamento,2,8,Media,10,True,294.17,Moderado,220.63
2026-08-21,Colombia,Bucaramanga,22.1,Departamento,2,8,Baja,1,True,119.0,Eficiente,89.25
2026-04-17,México,Guadalajara,24.9,Local,2,12,Media,9,True,519.47,Ineficiente,389.6
2026-11-23,Perú,Arequipa,17.0,Departamento,2,9,Alta,11,True,278.7,Moderado,209.02
2026-03-15,Perú,Puno,11.6,Casa,2,10,Media,4,True,316.27,Moderado,237.2
2026-11-12,Colombia,Barranquilla,28.9,Local,10,12,Media,8,True,1056.97,Ineficiente,792.73
2026-04-15,Perú,Lima,25.1,Casa,6,11,Baja,4,True,196.9,Eficiente,147.68
2026-10-31,México,Guadalajara,22.2,Casa,5,6,Media,10,False,256.28,Moderado,192.21
2026-10-11,México,Mérida,28.6,Departamento,1,12,Baja,6,True,219.13,Eficiente,164.35
2026-07-28,Colombia,Cali,22.6,Casa,5,18,Media,10,True,278.82,Moderado,209.12
2026-11-22,Colombia,Bucaramanga,22.5,Casa,4,14,Alta,10,True,412.42,Moderado,309.32
2026-12-25,México,Monterrey,16.1,Local,10,13,Media,4,True,735.21,Ineficiente,551.41
2026-12-06,México,Ciudad de México,14.1,Casa,8,13,Media,7,True,477.67,Ineficiente,358.25
2026-01-31,México,Mérida,24.2,Departamento,3,9,Alta,12,True,214.95,Eficiente,161.21
2026-10-01,México,Ciudad de México,17.9,Casa,2,19,Baja,4,True,314.06,Moderado,235.54
2026-04-06,Perú,Cusco,12.1,Local,10,14,Media,6,True,924.65,Ineficiente,693.49
2026-05-18,Colombia,Cali,25.0,Casa,3,11,Baja,1,True,128.92,Eficiente,96.69
2026-05-04,Colombia,Medellín,21.5,Local,8,23,Baja,2,False,496.79,Ineficiente,372.59
2026-09-04,México,Ciudad de México,18.9,Departamento,4,12,Alta,11,False,291.56,Moderado,218.67
2026-02-08,México,Monterrey,18.0,Departamento,3,8,Baja,2,False,144.31,Eficiente,108.23
2026-02-01,México,Monterrey,17.6,Departamento,3,13,Baja,3,False,168.24,Eficiente,126.18
2026-05-19,México,Guadalajara,25.4,Casa,3,14,Alta,9,True,371.26,Moderado,278.44
2026-08-29,Perú,Lima,17.9,Casa,2,11,Media,5,True,277.9,Moderado,208.42
2026-11-07,Colombia,Bogotá,13.9,Local,15,18,Media,4,True,1144.22,Ineficiente,858.16
2026-06-10,México,Guadalajara,25.3,Casa,6,19,Media,9,True,386.12,Moderado,289.59
2026-07-01,Perú,Arequipa,13.7,Departamento,3,7,Media,7,True,260.09,Moderado,195.07
2026-02-18,México,Guadalajara,20.1,Departamento,4,9,Media,9,True,249.15,Eficiente,186.86
2026-04-19,México,Ciudad de México,17.6,Departamento,2,12,Media,7,True,145.35,Eficiente,109.01
2026-03-30,México,Tijuana,15.4,Departamento,4,4,Alta,14,True,379.93,Moderado,284.95
2026-11-06,México,Guadalajara,20.1,Casa,6,18,Alta,11,True,507.95,Ineficiente,380.96
2026-07-12,Colombia,Bogotá,13.9,Departamento,3,9,Media,7,True,226.07,Eficiente,169.55
2026-01-03,México,Monterrey,15.9,Casa,7,20,Alta,12,True,593.65,Ineficiente,445.24
2026-04-30,Perú,Piura,27.7,Casa,6,16,Alta,15,True,471.31,Ineficiente,353.48
2026-10-07,Colombia,Cali,24.3,Casa,2,10,Media,6,True,291.54,Moderado,218.66
2026-05-09,Perú,Arequipa,15.4,Casa,4,13,Alta,12,True,450.48,Ineficiente,337.86
2026-08-17,México,Ciudad de México,17.6,Casa,6,20,Baja,4,True,406.01,Moderado,304.51
2026-09-02,Colombia,Bucaramanga,21.7,Casa,5,12,Alta,9,False,370.05,Moderado,277.54
2026-10-10,México,Ciudad de México,17.1,Departamento,3,12,Alta,9,True,290.45,Moderado,217.84
2026-04-11,Colombia,Cali,23.9,Local,5,17,Media,5,True,597.71,Ineficiente,448.28
2026-05-08,Colombia,Cali,24.3,Casa,4,9,Baja,1,False,106.59,Eficiente,79.94
2026-05-29,Perú,Piura,25.9,Casa,4,8,Media,5,False,325.66,Moderado,244.24
2026-05-26,Colombia,Barranquilla,29.3,Local,5,21,Alta,15,True,1425.7,Ineficiente,1069.28
2026-07-23,Perú,Cusco,9.5,Casa,7,12,Baja,4,True,239.17,Eficiente,179.38
2026-05-16,México,Monterrey,28.2,Local,8,28,Media,8,True,1428.52,Ineficiente,1071.39
2026-01-13,Perú,Piura,28.6,Local,2,19,Media,9,True,862.35,Ineficiente,646.76
2026-10-22,México,Monterrey,25.8,Casa,4,7,Media,9,True,317.77,Moderado,238.33
2026-09-21,México,Monterrey,29.5,Departamento,2,10,Media,10,False,258.46,Moderado,193.84
2026-01-22,Colombia,Cali,24.7,Departamento,2,5,Media,7,False,122.67,Eficiente,92.0
2026-12-27,Colombia,Bogotá,13.8,Departamento,2,8,Media,6,True,278.27,Moderado,208.7
2026-11-02,Perú,Piura,27.1,Departamento,4,11,Media,8,True,229.32,Eficiente,171.99
2026-12-12,Perú,Arequipa,16.6,Casa,6,11,Alta,13,True,514.1,Ineficiente,385.58
2026-01-07,Colombia,Bogotá,14.5,Casa,5,19,Media,5,True,365.71,Moderado,274.28
2026-04-08,Colombia,Bogotá,13.5,Departamento,2,10,Media,8,False,179.6,Eficiente,134.7
2026-11-03,Perú,Lima,23.2,Departamento,2,10,Media,4,True,216.2,Eficiente,162.15
2026-08-27,México,Mérida,31.1,Casa,4,12,Alta,12,True,605.73,Ineficiente,454.3
2026-01-06,México,Ciudad de México,13.8,Casa,6,22,Alta,8,True,578.9,Ineficiente,434.17
2026-09-14,México,Mérida,30.4,Casa,6,11,Media,9,True,303.18,Moderado,227.38
2026-09-05,Perú,Arequipa,14.3,Departamento,2,11,Baja,1,True,184.61,Eficiente,138.46
2026-03-26,Colombia,Cali,23.8,Local,5,21,Baja,6,True,923.75,Ineficiente,692.81
2026-12-20,México,Guadalajara,19.3,Casa,4,8,Media,7,True,259.81,Moderado,194.86
2026-04-29,Perú,Cusco,13.1,Casa,5,14,Alta,9,True,570.8,Ineficiente,428.1
2026-02-15,Perú,Arequipa,16.1,Local,3,29,Alta,14,False,1689.46,Ineficiente,1267.1
2026-04-06,México,Monterrey,26.9,Casa,5,19,Baja,2,False,309.4,Moderado,232.05
2026-02-02,Perú,Puno,12.1,Casa,6,13,Alta,8,True,295.86,Moderado,221.9
2026-11-12,Colombia,Bucaramanga,23.2,Casa,4,14,Media,9,True,477.41,Ineficiente,358.06
2026-11-08,Colombia,Bucaramanga,23.0,Casa,3,10,Media,8,True,325.8,Moderado,244.35
2026-03-25,Colombia,Medellín,22.7,Casa,4,13,Alta,15,True,322.14,Moderado,241.6
2026-03-01,Perú,Cusco,13.8,Departamento,3,9,Media,8,True,194.57,Eficiente,145.93
2026-07-04,México,Guadalajara,24.0,Departamento,2,11,Baja,5,True,176.13,Eficiente,132.1
2026-06-27,Colombia,Cali,23.1,Local,5,20,Media,9,True,924.98,Ineficiente,693.74
2026-12-03,México,Monterrey,16.8,Casa,5,11,Media,4,True,277.85,Moderado,208.39
2026-10-16,México,Ciudad de México,16.5,Departamento,1,9,Baja,6,False,190.06,Eficiente,142.55
2026-04-07,Colombia,Bucaramanga,22.8,Casa,4,16,Alta,11,False,319.83,Moderado,239.87
2026-06-28,Colombia,Bogotá,13.7,Local,8,13,Alta,11,False,1207.25,Ineficiente,905.44
2026-03-24,México,Ciudad de México,16.2,Casa,4,17,Baja,2,False,364.36,Moderado,273.27
2026-09-07,Colombia,Bogotá,13.7,Departamento,3,11,Baja,3,False,208.45,Eficiente,156.34
2026-02-13,Perú,Lima,28.2,Departamento,1,7,Alta,11,False,249.52,Eficiente,187.14
2026-03-22,Perú,Arequipa,16.0,Casa,2,12,Media,8,True,282.48,Moderado,211.86
2026-12-11,Colombia,Bogotá,14.2,Departamento,2,6,Media,5,True,196.48,Eficiente,147.36
2026-08-09,Perú,Cusco,10.9,Departamento,3,9,Alta,14,True,311.21,Moderado,233.41
2026-08-03,Perú,Cusco,10.0,Casa,4,18,Media,6,True,297.1,Moderado,222.82
2026-05-10,México,Monterrey,29.8,Casa,2,17,Media,4,True,394.27,Moderado,295.7
2026-10-08,Perú,Piura,24.2,Local,5,18,Alta,8,True,1140.1,Ineficiente,855.08
2026-09-30,Colombia,Bucaramanga,22.5,Departamento,3,11,Media,7,True,234.62,Eficiente,175.96
2026-11-22,Colombia,Cali,24.0,Departamento,3,5,Media,7,False,211.92,Eficiente,158.94
2026-08-08,Perú,Lima,17.0,Local,10,20,Alta,13,True,1458.36,Ineficiente,1093.77
2026-01-12,Colombia,Barranquilla,27.8,Departamento,2,13,Alta,13,False,232.7,Eficiente,174.52
2026-05-15,México,Ciudad de México,19.7,Casa,4,10,Alta,14,True,482.61,Ineficiente,361.96
2026-03-01,Perú,Puno,12.5,Local,3,13,Media,8,True,521.32,Ineficiente,390.99
2026-12-27,México,Mérida,25.4,Casa,4,10,Media,7,True,227.21,Eficiente,170.41
2026-11-25,Perú,Piura,27.4,Casa,5,23,Alta,13,True,430.5,Moderado,322.88
2026-09-22,Colombia,Bucaramanga,21.2,Casa,5,17,Media,5,True,409.58,Moderado,307.18
2026-04-13,Colombia,Cali,23.5,Casa,4,14,Baja,1,False,263.49,Moderado,197.62
2026-11-02,Colombia,Bogotá,13.2,Departamento,2,4,Baja,6,False,173.46,Eficiente,130.1
2026-04-03,Colombia,Bucaramanga,23.9,Casa,3,9,Media,6,True,338.84,Moderado,254.13
2026-06-19,México,Guadalajara,25.9,Casa,3,15,Media,9,False,464.96,Ineficiente,348.72
2026-11-30,Colombia,Bucaramanga,22.7,Casa,4,15,Alta,8,False,362.49,Moderado,271.87
2026-08-03,Perú,Lima,17.3,Local,20,16,Media,10,True,653.21,Ineficiente,489.91
2026-12-18,Colombia,Bogotá,13.9,Departamento,3,11,Baja,2,False,191.58,Eficiente,143.68
2026-01-11,Colombia,Barranquilla,28.3,Local,8,15,Media,10,True,691.74,Ineficiente,518.81
2026-08-26,Perú,Lima,17.8,Casa,8,9,Media,8,True,417.04,Moderado,312.78
2026-10-12,Colombia,Cali,23.8,Departamento,2,8,Baja,4,False,150.87,Eficiente,113.15
2026-07-20,Perú,Cusco,9.8,Casa,6,12,Media,6,True,322.03,Moderado,241.52
2026-05-31,México,Mérida,30.2,Casa,5,21,Media,10,True,634.03,Ineficiente,475.52
2026-11-26,México,Mérida,26.8,Local,1,18,Alta,13,False,1116.19,Ineficiente,837.14
2026-11-21,Perú,Puno,12.2,Local,2,14,Media,7,True,726.79,Ineficiente,545.09
2026-07-26,México,Ciudad de México,18.5,Casa,4,10,Media,10,True,418.41,Moderado,313.81
2026-12-28,Colombia,Medellín,21.3,Departamento,4,9,Media,9,False,247.44,Eficiente,185.58
2026-11-21,Perú,Piura,26.8,Casa,4,13,Media,5,False,335.68,Moderado,251.76
2026-07-15,Colombia,Bogotá,13.4,Casa,7,8,Media,5,True,176.81,Eficiente,132.61
2026-04-23,Colombia,Barranquilla,29.6,Departamento,2,8,Baja,3,True,129.64,Eficiente,97.23
2026-03-21,Perú,Lima,26.4,Casa,6,12,Baja,5,True,313.78,Moderado,235.33
2026-10-15,México,Mérida,28.2,Casa,5,11,Alta,9,False,518.26,Ineficiente,388.7
2026-08-20,Perú,Arequipa,14.2,Casa,1,13,Alta,8,True,334.31,Moderado,250.73
2026-11-26,Colombia,Cali,25.0,Departamento,3,6,Alta,9,False,223.7,Eficiente,167.77
2026-10-08,Colombia,Medellín,21.5,Casa,8,15,Alta,12,False,695.33,Ineficiente,521.5
2026-11-12,México,Ciudad de México,14.8,Departamento,1,8,Alta,15,False,301.36,Moderado,226.02
2026-02-27,Colombia,Cali,23.1,Departamento,3,11,Baja,4,False,235.5,Eficiente,176.62
2026-01-30,México,Mérida,24.3,Local,5,17,Media,6,True,509.46,Ineficiente,382.1
2026-09-11,México,Tijuana,23.5,Departamento,2,10,Alta,13,False,394.74,Moderado,296.06
2026-01-19,Perú,Piura,28.2,Casa,2,15,Media,7,True,446.97,Moderado,335.23
2026-12-17,Colombia,Cali,23.7,Departamento,2,11,Alta,15,True,280.44,Moderado,210.33
2026-10-16,Perú,Puno,10.6,Casa,4,9,Alta,11,True,369.9,Moderado,277.42
2026-05-26,Colombia,Bogotá,13.8,Casa,5,7,Baja,6,True,171.57,Eficiente,128.68
2026-09-19,México,Tijuana,23.5,Departamento,2,6,Media,5,False,216.31,Eficiente,162.23
2026-02-02,Colombia,Bogotá,13.9,Casa,1,7,Alta,13,False,295.86,Moderado,221.9
2026-11-20,México,Tijuana,17.1,Casa,6,10,Media,6,True,325.88,Moderado,244.41
2026-07-09,Perú,Puno,7.9,Departamento,1,7,Alta,13,False,273.18,Moderado,204.88
2026-07-25,México,Ciudad de México,18.9,Local,5,20,Baja,1,False,379.72,Moderado,284.79
2026-08-02,Colombia,Medellín,20.6,Casa,5,10,Alta,13,True,445.81,Moderado,334.36
2026-10-04,Perú,Cusco,13.1,Casa,2,12,Baja,1,True,211.3,Eficiente,158.48
2026-03-30,Colombia,Cali,24.3,Casa,7,14,Alta,12,True,439.81,Moderado,329.86
2026-08-09,México,Mérida,30.7,Casa,5,15,Alta,15,True,549.72,Ineficiente,412.29
2026-11-06,Perú,Puno,12.4,Casa,5,18,Alta,15,True,600.42,Ineficiente,450.31
2026-02-26,México,Tijuana,14.4,Departamento,6,4,Media,6,False,165.51,Eficiente,124.13
2026-06-11,Colombia,Bucaramanga,21.7,Casa,2,10,Media,6,True,174.65,Eficiente,130.99
2026-02-28,Perú,Piura,29.4,Departamento,2,9,Alta,9,True,335.72,Moderado,251.79
2026-07-18,México,Ciudad de México,17.4,Casa,3,13,Baja,2,True,229.34,Eficiente,172.0
2026-03-11,México,Monterrey,22.4,Departamento,1,7,Baja,2,False,103.14,Eficiente,77.36
2026-03-07,México,Monterrey,21.8,Departamento,3,6,Baja,5,True,140.0,Eficiente,105.0
2026-10-13,Perú,Lima,21.9,Casa,6,14,Baja,3,True,216.43,Eficiente,162.32
2026-03-07,Colombia,Medellín,22.0,Departamento,2,8,Media,5,True,267.12,Moderado,200.34
2026-09-01,México,Tijuana,23.4,Casa,3,15,Alta,12,True,535.14,Ineficiente,401.36
2026-12-18,Perú,Piura,27.6,Departamento,2,8,Alta,8,True,360.42,Moderado,270.32
2026-02-08,Perú,Arequipa,17.1,Departamento,3,11,Alta,10,True,164.84,Eficiente,123.63
2026-06-20,México,Monterrey,30.9,Casa,2,11,Media,6,True,242.28,Eficiente,181.71
2026-09-06,Perú,Puno,10.3,Casa,7,14,Baja,5,False,263.83,Moderado,197.87
2026-11-09,Perú,Lima,23.4,Departamento,5,6,Alta,9,True,311.28,Moderado,233.46
2026-05-15,Perú,Lima,21.2,Departamento,3,4,Baja,4,True,169.97,Eficiente,127.48
2026-09-14,México,Mérida,30.4,Casa,1,10,Media,7,False,183.1,Eficiente,137.32
2026-01-03,Perú,Lima,27.2,Casa,2,19,Alta,11,True,565.9,Ineficiente,424.42
2026-12-13,México,Mérida,24.9,Departamento,1,4,Baja,6,False,157.01,Eficiente,117.76
2026-08-12,México,Monterrey,31.2,Casa,4,8,Alta,9,True,420.9,Moderado,315.67
2026-04-13,Colombia,Bogotá,14.2,Casa,6,12,Baja,6,True,361.46,Moderado,271.09
2026-05-23,Colombia,Bucaramanga,22.6,Local,1,10,Media,10,True,653.88,Ineficiente,490.41
2026-01-23,México,Tijuana,13.9,Casa,2,17,Media,6,True,379.14,Moderado,284.36
2026-01-04,Colombia,Medellín,21.5,Casa,6,12,Media,5,True,446.11,Moderado,334.58
2026-12-13,México,Ciudad de México,13.9,Departamento,8,9,Alta,13,True,275.4,Moderado,206.55
2026-04-30,Colombia,Bucaramanga,24.0,Departamento,2,6,Media,8,False,127.03,Eficiente,95.27
2026-12-17,Perú,Puno,12.5,Casa,5,16,Media,9,True,402.09,Moderado,301.57
2026-01-17,México,Guadalajara,19.8,Departamento,2,10,Media,7,True,252.18,Moderado,189.14
2026-04-28,Colombia,Barranquilla,29.7,Departamento,3,11,Media,6,False,146.03,Eficiente,109.52
2026-12-17,Colombia,Bucaramanga,23.4,Casa,3,19,Media,9,True,462.4,Ineficiente,346.8
2026-07-03,México,Guadalajara,23.5,Local,8,11,Baja,2,False,638.11,Ineficiente,478.58
2026-10-29,Colombia,Bogotá,15.0,Casa,5,15,Alta,12,False,576.94,Ineficiente,432.71
2026-07-31,Perú,Cusco,10.7,Casa,4,19,Media,8,True,369.29,Moderado,276.97
2026-04-02,México,Ciudad de México,18.2,Departamento,3,9,Alta,8,True,336.88,Moderado,252.66
2026-09-05,México,Monterrey,28.7,Casa,4,24,Media,8,False,588.02,Ineficiente,441.02
2026-08-05,Perú,Arequipa,14.4,Casa,4,13,Baja,4,True,247.73,Eficiente,185.8
2026-11-07,Perú,Lima,23.1,Local,3,20,Media,9,True,750.85,Ineficiente,563.14
2026-04-16,Colombia,Medellín,22.2,Departamento,2,8,Alta,10,False,291.76,Moderado,218.82
2026-10-13,México,Monterrey,24.6,Departamento,3,7,Media,6,False,197.39,Eficiente,148.04
2026-10-23,Perú,Cusco,12.8,Departamento,3,6,Media,10,False,253.8,Moderado,190.35
2026-03-18,México,Tijuana,15.4,Casa,5,6,Media,6,False,236.83,Eficiente,177.62
2026-07-31,Perú,Lima,17.2,Casa,5,24,Alta,10,False,689.03,Ineficiente,516.77
2026-09-12,Colombia,Cali,23.0,Local,15,22,Alta,12,True,1976.61,Ineficiente,1482.46
2026-10-29,Perú,Cusco,14.0,Casa,3,16,Alta,10,False,476.35,Ineficiente,357.26
2026-04-20,México,Tijuana,16.0,Departamento,2,10,Media,9,True,228.24,Eficiente,171.18
2026-03-16,Colombia,Bogotá,14.8,Casa,6,7,Baja,5,False,176.61,Eficiente,132.46
2026-04-11,Perú,Arequipa,15.7,Departamento,2,10,Alta,10,True,212.27,Eficiente,159.2
2026-11-14,Colombia,Barranquilla,29.2,Casa,6,11,Alta,13,True,696.54,Ineficiente,522.4
2026-12-20,México,Mérida,25.3,Local,1,28,Baja,5,True,522.34,Ineficiente,391.76
2026-10-27,México,Monterrey,25.2,Casa,7,13,Alta,12,True,506.09,Ineficiente,379.57
2026-10-31,Perú,Arequipa,15.7,Local,10,21,Media,10,True,932.57,Ineficiente,699.43
2026-10-31,México,Tijuana,21.5,Casa,6,17,Alta,14,True,467.0,Ineficiente,350.25
2026-08-07,México,Monterrey,30.3,Local,20,18,Media,6,True,1251.86,Ineficiente,938.9
2026-03-25,México,Ciudad de México,15.2,Casa,3,10,Media,6,True,254.97,Moderado,191.23
2026-05-12,México,Monterrey,29.6,Departamento,5,6,Baja,3,True,163.33,Eficiente,122.5
2026-12-15,Perú,Arequipa,16.3,Local,8,18,Baja,5,True,566.53,Ineficiente,424.9
2026-12-28,México,Mérida,24.6,Departamento,3,7,Media,4,False,95.67,Eficiente,71.75
2026-10-23,México,Tijuana,20.4,Casa,1,16,Media,8,False,364.66,Moderado,273.5
2026-07-22,México,Guadalajara,23.9,Casa,6,8,Alta,9,False,369.89,Moderado,277.42
2026-07-09,Perú,Lima,18.5,Casa,3,17,Baja,3,True,229.09,Eficiente,171.82
2026-03-11,Perú,Piura,28.6,Casa,5,15,Media,6,True,382.03,Moderado,286.52
2026-10-01,Perú,Arequipa,15.5,Casa,3,11,Baja,6,True,238.87,Eficiente,179.15
2026-10-19,México,Guadalajara,23.2,Casa,4,11,Media,10,True,233.69,Eficiente,175.27
2026-02-26,México,Mérida,25.6,Casa,4,15,Baja,3,True,283.02,Moderado,212.26
2026-02-27,México,Monterrey,17.6,Local,8,23,Media,8,True,1067.8,Ineficiente,800.85
2026-09-04,México,Tijuana,22.8,Local,5,22,Baja,6,True,864.01,Ineficiente,648.01
2026-09-16,México,Ciudad de México,17.9,Casa,5,20,Baja,4,True,232.52,Eficiente,174.39
2026-11-22,Perú,Puno,12.2,Casa,5,8,Media,5,True,353.44,Moderado,265.08
2026-04-14,México,Tijuana,16.0,Casa,5,12,Media,10,True,375.1,Moderado,281.33
2026-04-06,México,Monterrey,26.0,Departamento,2,8,Media,5,True,206.48,Eficiente,154.86
2026-12-31,Perú,Puno,11.2,Casa,2,6,Alta,15,False,235.83,Eficiente,176.87
2026-02-13,México,Monterrey,17.8,Departamento,4,5,Alta,9,True,294.79,Moderado,221.09
2026-11-23,Perú,Cusco,14.5,Departamento,2,5,Baja,6,True,155.71,Eficiente,116.78
2026-05-26,Perú,Puno,10.8,Casa,3,23,Baja,4,True,209.57,Eficiente,157.18
2026-02-27,México,Monterrey,18.5,Departamento,3,5,Alta,12,False,153.68,Eficiente,115.26
2026-08-17,México,Mérida,31.0,Casa,2,9,Media,9,False,194.4,Eficiente,145.8
2026-08-09,México,Guadalajara,25.0,Casa,5,16,Media,10,False,442.03,Moderado,331.52
2026-03-13,Perú,Piura,29.3,Casa,3,15,Media,5,True,270.36,Moderado,202.77
2026-02-28,México,Guadalajara,19.2,Casa,7,13,Alta,9,True,465.51,Ineficiente,349.13
2026-11-13,México,Mérida,26.5,Casa,2,19,Baja,5,True,245.92,Eficiente,184.44
2026-12-05,Perú,Piura,28.8,Casa,5,11,Media,7,False,338.54,Moderado,253.91
2026-08-19,México,Monterrey,31.5,Casa,6,13,Media,5,True,310.25,Moderado,232.69
2026-08-16,Perú,Arequipa,14.4,Departamento,3,12,Baja,3,True,152.6,Eficiente,114.45
2026-09-21,Colombia,Bucaramanga,22.9,Casa,5,14,Media,8,False,513.96,Ineficiente,385.47
2026-06-10,Colombia,Barranquilla,28.3,Casa,3,19,Baja,5,True,344.35,Moderado,258.26
2026-12-09,México,Mérida,24.4,Departamento,1,5,Media,4,True,149.38,Eficiente,112.04
2026-08-19,Perú,Lima,17.0,Casa,2,17,Alta,9,True,364.31,Moderado,273.23
2026-06-25,Colombia,Barranquilla,28.1,Departamento,3,11,Media,9,True,295.91,Moderado,221.93
2026-08-07,México,Tijuana,23.4,Departamento,3,14,Media,8,False,246.94,Eficiente,185.2
2026-06-20,Colombia,Medellín,20.3,Casa,4,18,Baja,4,False,412.91,Moderado,309.68
2026-12-25,México,Monterrey,15.1,Departamento,3,6,Media,7,True,181.33,Eficiente,136.0
2026-04-15,Perú,Cusco,12.1,Casa,6,16,Baja,2,True,259.65,Moderado,194.74
2026-10-14,México,Ciudad de México,16.4,Casa,5,16,Media,10,True,498.02,Ineficiente,373.52
2026-10-27,México,Guadalajara,22.1,Departamento,5,9,Media,8,False,262.93,Moderado,197.2
2026-04-13,Perú,Piura,27.9,Casa,4,18,Baja,1,True,284.26,Moderado,213.2
2026-03-12,México,Mérida,26.7,Casa,2,9,Baja,1,False,118.89,Eficiente,89.17
2026-12-02,Colombia,Bucaramanga,22.9,Casa,4,10,Alta,10,True,431.78,Moderado,323.83
2026-10-30,México,Monterrey,25.6,Casa,8,11,Baja,3,False,213.78,Eficiente,160.34
2026-03-16,México,Ciudad de México,16.7,Departamento,3,14,Media,4,True,292.21,Moderado,219.16
2026-06-20,Perú,Puno,7.9,Departamento,6,10,Media,8,True,411.79,Moderado,308.84
2026-09-07,México,Guadalajara,23.3,Casa,2,14,Media,8,True,211.07,Eficiente,158.3
2026-07-19,Colombia,Barranquilla,29.8,Departamento,6,8,Media,4,True,239.42,Eficiente,179.56
2026-03-13,México,Tijuana,16.3,Casa,5,15,Alta,10,False,535.33,Ineficiente,401.5
2026-10-06,México,Mérida,28.6,Local,15,14,Baja,5,False,609.07,Ineficiente,456.8
2026-08-07,México,Ciudad de México,18.6,Departamento,2,6,Baja,1,False,148.2,Eficiente,111.15
2026-08-30,Perú,Puno,8.6,Departamento,3,4,Alta,11,False,163.45,Eficiente,122.59
2026-02-11,Colombia,Medellín,21.6,Local,15,27,Alta,15,False,1973.22,Ineficiente,1479.92
2026-05-07,México,Mérida,29.7,Departamento,3,9,Alta,8,True,243.24,Eficiente,182.43
2026-01-10,México,Mérida,24.1,Casa,5,11,Media,5,False,421.57,Moderado,316.18
2026-05-29,México,Mérida,30.1,Casa,2,17,Alta,10,True,455.65,Ineficiente,341.74
2026-10-18,México,Tijuana,21.9,Departamento,1,7,Media,4,True,198.31,Eficiente,148.73
2026-03-21,México,Guadalajara,21.4,Casa,4,20,Media,6,True,353.33,Moderado,265.0
2026-05-02,Colombia,Medellín,22.1,Casa,2,6,Media,10,False,246.89,Eficiente,185.17
2026-02-08,México,Mérida,25.7,Departamento,4,7,Media,8,True,299.29,Moderado,224.47
2026-12-22,Colombia,Bucaramanga,22.1,Casa,1,10,Alta,14,True,438.69,Moderado,329.02
2026-04-09,Perú,Puno,11.9,Casa,5,9,Alta,8,True,496.25,Ineficiente,372.19
2026-04-08,Perú,Arequipa,16.1,Casa,5,25,Media,6,True,387.04,Moderado,290.28
2026-03-06,Colombia,Bucaramanga,23.8,Local,10,19,Media,7,True,659.24,Ineficiente,494.43
2026-06-30,Perú,Puno,8.9,Casa,1,9,Media,10,False,317.77,Moderado,238.33
2026-10-30,México,Tijuana,21.1,Departamento,2,7,Alta,15,False,179.6,Eficiente,134.7
2026-10-22,Colombia,Cali,23.2,Casa,5,4,Baja,2,True,201.15,Eficiente,150.86
2026-11-28,Colombia,Cali,24.2,Casa,7,12,Alta,12,True,572.84,Ineficiente,429.63
2026-08-16,Colombia,Bogotá,12.2,Casa,3,10,Alta,11,True,462.92,Ineficiente,347.19
2026-08-09,Colombia,Bucaramanga,22.4,Casa,5,15,Media,5,True,237.0,Eficiente,177.75
2026-01-24,Colombia,Bogotá,14.8,Casa,3,16,Media,10,False,391.33,Moderado,293.5
2026-07-16,Perú,Lima,17.9,Local,5,23,Media,6,True,1102.3,Ineficiente,826.72
2026-06-09,México,Ciudad de México,19.8,Casa,5,14,Baja,5,True,363.77,Moderado,272.83
2026-05-25,Colombia,Medellín,21.6,Departamento,4,10,Media,9,False,179.88,Eficiente,134.91
2026-04-30,Perú,Arequipa,16.4,Departamento,2,5,Alta,10,True,205.31,Eficiente,153.98
2026-05-02,Perú,Lima,22.7,Casa,4,8,Alta,14,True,522.59,Ineficiente,391.94
2026-08-14,Perú,Cusco,12.0,Departamento,2,7,Baja,2,False,143.46,Eficiente,107.6
2026-06-06,Perú,Puno,8.0,Local,8,15,Media,9,False,1059.68,Ineficiente,794.76
2026-04-28,Perú,Lima,24.0,Casa,4,9,Baja,1,False,226.49,Eficiente,169.87
2026-04-12,Colombia,Barranquilla,28.8,Departamento,2,5,Baja,6,False,234.72,Eficiente,176.04
2026-09-06,México,Tijuana,23.3,Casa,2,13,Media,10,True,445.77,Moderado,334.33
2026-03-19,México,Mérida,27.2,Departamento,3,7,Media,8,True,132.79,Eficiente,99.59
2026-01-07,México,Tijuana,13.9,Departamento,2,7,Alta,12,False,174.66,Eficiente,131.0
2026-05-22,Colombia,Cali,24.5,Casa,3,13,Media,8,True,362.91,Moderado,272.18
2026-07-02,Perú,Puno,7.7,Casa,4,19,Media,10,True,462.94,Ineficiente,347.2
2026-08-25,México,Ciudad de México,17.7,Casa,5,14,Media,7,True,363.0,Moderado,272.25
2026-07-13,México,Tijuana,22.6,Casa,4,5,Media,5,False,240.28,Eficiente,180.21
2026-10-15,Colombia,Bucaramanga,22.3,Local,3,20,Media,10,True,515.46,Ineficiente,386.6
2026-01-15,Perú,Cusco,14.1,Departamento,2,5,Alta,14,False,185.45,Eficiente,139.09
2026-10-31,México,Monterrey,25.5,Casa,5,9,Baja,4,True,237.56,Eficiente,178.17
2026-10-24,México,Guadalajara,23.3,Casa,5,12,Baja,5,False,234.45,Eficiente,175.84
2026-07-30,Perú,Arequipa,12.7,Departamento,3,7,Alta,8,False,230.94,Eficiente,173.2
2026-02-22,Perú,Piura,29.4,Departamento,2,8,Alta,12,True,185.35,Eficiente,139.01
2026-05-03,Perú,Cusco,11.7,Casa,6,9,Baja,3,True,155.28,Eficiente,116.46
2026-04-19,Colombia,Bucaramanga,22.1,Casa,3,17,Baja,2,True,242.23,Eficiente,181.67
2026-11-27,México,Tijuana,18.8,Departamento,3,5,Baja,3,False,149.91,Eficiente,112.43
2026-06-02,México,Monterrey,30.5,Casa,2,11,Media,6,False,217.94,Eficiente,163.45
2026-07-26,Perú,Arequipa,12.5,Departamento,2,7,Alta,10,True,140.34,Eficiente,105.26
2026-05-13,México,Mérida,30.5,Casa,5,20,Media,9,True,385.85,Moderado,289.39
2026-02-05,Perú,Arequipa,16.8,Casa,3,9,Media,6,True,218.1,Eficiente,163.57
2026-09-13,México,Guadalajara,24.0,Casa,3,9,Media,4,True,270.49,Moderado,202.87
2026-06-17,México,Mérida,30.5,Local,20,15,Alta,8,True,1388.2,Ineficiente,1041.15
2026-10-27,México,Ciudad de México,16.2,Casa,5,10,Alta,10,False,393.9,Moderado,295.42
2026-12-31,Perú,Puno,11.9,Casa,8,14,Media,4,False,375.45,Moderado,281.59
2026-06-22,Colombia,Bucaramanga,21.4,Departamento,1,4,Media,5,True,174.06,Eficiente,130.55
2026-05-13,México,Monterrey,28.6,Local,8,14,Media,7,True,654.59,Ineficiente,490.94
2026-03-17,Perú,Lima,26.9,Departamento,2,7,Alta,11,False,232.03,Eficiente,174.02
2026-03-29,México,Mérida,26.4,Departamento,1,4,Baja,3,True,112.08,Eficiente,84.06
2026-12-08,México,Tijuana,14.7,Departamento,3,10,Alta,10,False,316.97,Moderado,237.73
2026-10-02,Colombia,Cali,23.6,Casa,7,16,Alta,9,True,695.47,Ineficiente,521.6
2026-07-29,Colombia,Medellín,20.7,Casa,4,6,Baja,3,True,224.03,Eficiente,168.02
2026-10-24,Perú,Lima,21.6,Departamento,2,12,Baja,1,False,167.77,Eficiente,125.83
2026-06-10,México,Ciudad de México,18.6,Casa,5,20,Baja,4,False,473.49,Ineficiente,355.12
2026-08-11,México,Monterrey,30.3,Local,8,18,Media,5,True,666.4,Ineficiente,499.8
2026-08-28,Colombia,Bucaramanga,21.8,Departamento,2,6,Media,6,True,186.36,Eficiente,139.77
2026-04-04,Colombia,Bucaramanga,23.3,Casa,5,22,Alta,13,True,555.45,Ineficiente,416.59
2026-05-24,Colombia,Medellín,22.0,Departamento,3,10,Media,9,True,233.44,Eficiente,175.08
2026-05-27,México,Tijuana,18.0,Departamento,3,8,Media,7,True,281.91,Moderado,211.43
2026-10-08,México,Monterrey,24.6,Casa,6,22,Baja,4,True,303.99,Moderado,227.99
2026-02-12,Colombia,Bogotá,14.9,Local,8,20,Baja,5,True,767.48,Ineficiente,575.61
2026-01-29,México,Ciudad de México,13.7,Casa,2,7,Media,8,False,286.6,Moderado,214.95
2026-11-24,Perú,Arequipa,17.4,Departamento,3,12,Baja,1,False,166.44,Eficiente,124.83
2026-02-04,Perú,Cusco,13.5,Casa,4,14,Baja,2,False,296.68,Moderado,222.51
2026-08-25,Colombia,Barranquilla,29.1,Casa,4,9,Media,9,True,222.95,Eficiente,167.21
2026-10-01,México,Monterrey,24.1,Casa,7,13,Media,8,False,528.92,Ineficiente,396.69
2026-03-31,Colombia,Medellín,21.4,Departamento,1,5,Media,10,False,175.26,Eficiente,131.44
2026-09-11,México,Guadalajara,24.6,Local,2,17,Media,6,True,618.84,Ineficiente,464.13
2026-09-28,México,Monterrey,28.4,Casa,1,10,Media,7,False,247.71,Eficiente,185.78
2026-12-24,México,Monterrey,15.2,Casa,7,7,Alta,11,True,328.72,Moderado,246.54
2026-12-05,Perú,Piura,28.5,Casa,6,16,Media,5,False,528.37,Ineficiente,396.28
2026-10-30,Colombia,Medellín,21.4,Departamento,2,6,Media,8,True,228.16,Eficiente,171.12
2026-03-30,Colombia,Barranquilla,28.7,Casa,5,7,Alta,12,True,493.64,Ineficiente,370.23
2026-01-06,Colombia,Medellín,22.2,Casa,5,7,Baja,5,False,263.44,Moderado,197.58
2026-11-05,Perú,Puno,12.7,Casa,3,20,Media,6,False,415.4,Moderado,311.55
2026-08-05,Colombia,Barranquilla,29.7,Departamento,4,8,Alta,14,False,475.42,Ineficiente,356.56
2026-09-28,México,Monterrey,29.7,Casa,5,6,Media,8,True,478.3,Ineficiente,358.72
2026-05-25,México,Guadalajara,25.7,Casa,4,8,Media,9,False,315.01,Moderado,236.26
2026-11-27,México,Ciudad de México,15.0,Casa,7,10,Media,7,False,362.59,Moderado,271.94
2026-02-28,México,Guadalajara,19.7,Departamento,2,10,Baja,1,False,209.75,Eficiente,157.31
2026-04-15,Perú,Arequipa,15.8,Casa,8,13,Media,7,True,384.29,Moderado,288.22
2026-08-22,México,Monterrey,31.2,Casa,3,12,Alta,8,False,340.12,Moderado,255.09
2026-07-25,Colombia,Barranquilla,28.3,Casa,5,10,Baja,2,True,272.79,Moderado,204.59
2026-02-05,Perú,Arequipa,17.6,Departamento,2,7,Media,4,True,136.92,Eficiente,102.69
2026-05-19,México,Tijuana,19.2,Departamento,2,5,Baja,4,True,97.91,Eficiente,73.43
2026-02-21,México,Mérida,25.5,Casa,8,15,Media,5,True,275.76,Moderado,206.82
2026-02-11,Colombia,Bogotá,14.4,Departamento,3,9,Baja,6,True,165.26,Eficiente,123.94
2026-01-18,Colombia,Medellín,22.2,Casa,7,13,Media,8,False,389.2,Moderado,291.9
2026-08-17,Colombia,Medellín,20.7,Casa,5,12,Media,8,True,218.29,Eficiente,163.72
2026-10-23,Perú,Arequipa,16.3,Casa,5,7,Baja,3,False,161.13,Eficiente,120.85
2026-08-15,México,Monterrey,31.3,Departamento,1,8,Media,9,True,159.45,Eficiente,119.59
2026-09-02,México,Monterrey,28.5,Local,5,13,Media,9,False,668.13,Ineficiente,501.1
2026-03-18,México,Monterrey,22.2,Casa,4,18,Baja,4,True,251.87,Moderado,188.9
2026-11-12,México,Mérida,26.5,Local,2,12,Media,6,True,391.79,Moderado,293.84
2026-12-03,México,Mérida,25.4,Local,2,11,Alta,15,True,801.77,Ineficiente,601.33
2026-11-06,Colombia,Bucaramanga,23.0,Casa,4,19,Alta,8,True,637.38,Ineficiente,478.04
2026-10-26,México,Monterrey,26.0,Casa,6,8,Media,10,False,449.24,Moderado,336.93
2026-10-12,Colombia,Medellín,22.4,Casa,2,11,Media,5,False,325.55,Moderado,244.16
2026-04-28,Colombia,Medellín,22.6,Casa,1,16,Media,4,True,183.51,Eficiente,137.63
2026-12-15,Perú,Piura,27.8,Departamento,1,6,Baja,2,True,129.39,Eficiente,97.04
2026-12-30,México,Monterrey,15.6,Departamento,1,9,Baja,5,True,170.99,Eficiente,128.24
2026-04-05,Perú,Arequipa,16.3,Casa,6,18,Baja,2,True,299.92,Moderado,224.94
2026-01-10,México,Tijuana,14.7,Casa,5,18,Media,5,False,359.01,Moderado,269.26
2026-03-30,Colombia,Barranquilla,29.7,Casa,5,20,Media,10,False,283.6,Moderado,212.7
2026-05-08,Perú,Puno,9.7,Casa,7,14,Media,4,True,297.7,Moderado,223.27
2026-01-31,Colombia,Medellín,21.2,Casa,3,17,Alta,8,False,605.51,Ineficiente,454.13
2026-01-09,México,Tijuana,14.4,Departamento,3,6,Media,7,True,208.97,Eficiente,156.73
2026-11-29,Colombia,Bucaramanga,22.1,Casa,3,18,Baja,6,False,283.4,Moderado,212.55
2026-07-08,Colombia,Barranquilla,29.6,Casa,1,9,Alta,8,True,409.47,Moderado,307.1
2026-01-26,Perú,Lima,27.9,Departamento,4,8,Media,7,True,270.45,Moderado,202.84
2026-12-28,México,Mérida,24.1,Casa,4,10,Baja,2,True,255.52,Moderado,191.64
2026-12-23,Colombia,Bucaramanga,23.7,Departamento,2,7,Alta,11,False,391.08,Moderado,293.31
2026-12-27,Perú,Puno,12.3,Local,8,27,Media,5,True,903.98,Ineficiente,677.98
2026-04-22,México,Monterrey,25.1,Casa,5,10,Media,5,True,318.1,Moderado,238.58
2026-12-25,México,Guadalajara,19.2,Local,3,21,Baja,6,False,645.07,Ineficiente,483.8
2026-06-20,Perú,Puno,8.1,Casa,8,5,Alta,13,True,270.79,Moderado,203.09
2026-11-30,Perú,Puno,12.2,Departamento,5,9,Alta,14,False,188.01,Eficiente,141.01
2026-03-18,México,Monterrey,22.1,Local,3,16,Media,10,False,866.92,Ineficiente,650.19
2026-04-30,Perú,Piura,27.9,Casa,2,23,Alta,15,True,389.93,Moderado,292.45
2026-06-03,México,Mérida,32.0,Casa,5,5,Baja,4,False,291.02,Moderado,218.26
2026-03-03,Perú,Puno,12.4,Casa,5,17,Baja,6,False,250.94,Moderado,188.2
2026-04-22,Colombia,Bogotá,14.6,Local,5,22,Media,5,True,552.32,Ineficiente,414.24
2026-12-24,Colombia,Bucaramanga,23.0,Casa,4,17,Baja,1,True,136.72,Eficiente,102.54
2026-11-18,México,Guadalajara,20.2,Departamento,3,7,Baja,4,False,156.44,Eficiente,117.33
2026-01-22,México,Tijuana,13.6,Departamento,1,4,Media,6,False,125.66,Eficiente,94.24
2026-09-12,Colombia,Bucaramanga,22.5,Departamento,1,12,Media,9,False,309.53,Moderado,232.15
2026-09-15,Colombia,Bogotá,13.9,Departamento,2,9,Baja,2,True,144.66,Eficiente,108.5
2026-02-02,México,Mérida,24.6,Casa,4,21,Baja,5,True,378.02,Moderado,283.52
2026-05-17,Colombia,Bucaramanga,23.1,Casa,5,5,Media,5,True,234.28,Eficiente,175.71
2026-01-12,Colombia,Bogotá,14.8,Casa,7,9,Alta,13,True,262.84,Moderado,197.13
2026-11-12,México,Ciudad de México,14.7,Casa,5,17,Alta,15,False,427.12,Moderado,320.34
2026-09-29,Colombia,Bogotá,13.9,Departamento,3,8,Baja,6,True,157.17,Eficiente,117.88
2026-08-22,Colombia,Bogotá,13.4,Departamento,2,13,Media,7,False,117.26,Eficiente,87.94
2026-04-10,Colombia,Barranquilla,28.1,Casa,5,14,Media,5,False,481.71,Ineficiente,361.28
2026-05-31,México,Monterrey,29.1,Local,10,19,Media,5,False,714.65,Ineficiente,535.99
2026-05-19,México,Ciudad de México,18.1,Casa,5,10,Media,4,False,250.25,Moderado,187.69
2026-10-19,Perú,Piura,25.9,Casa,7,11,Alta,14,False,368.8,Moderado,276.6
2026-12-05,México,Mérida,25.9,Departamento,2,6,Alta,12,True,224.12,Eficiente,168.09
2026-03-02,Colombia,Bogotá,14.5,Local,2,25,Media,5,True,727.33,Ineficiente,545.5
2026-04-28,México,Mérida,28.7,Casa,4,11,Media,10,True,446.45,Moderado,334.84
2026-04-10,Perú,Puno,10.4,Departamento,5,5,Baja,5,False,142.77,Eficiente,107.08
2026-09-29,Perú,Lima,19.0,Casa,4,17,Alta,12,True,547.16,Ineficiente,410.37
2026-08-15,México,Ciudad de México,18.6,Casa,5,10,Media,10,True,506.65,Ineficiente,379.99
2026-08-08,México,Ciudad de México,17.4,Departamento,2,10,Media,4,False,165.27,Eficiente,123.95
2026-09-05,Colombia,Bogotá,12.0,Casa,3,13,Media,5,False,297.76,Moderado,223.32
2026-07-31,México,Ciudad de México,17.9,Casa,4,14,Media,7,False,297.91,Moderado,223.43
2026-03-10,Perú,Puno,11.1,Casa,1,10,Media,4,True,264.19,Moderado,198.14
2026-12-25,Colombia,Bogotá,13.5,Departamento,2,4,Alta,14,False,262.59,Moderado,196.94
2026-10-20,Perú,Cusco,13.8,Casa,6,7,Media,7,True,319.54,Moderado,239.66
2026-05-10,México,Guadalajara,26.9,Casa,5,14,Baja,5,False,171.85,Eficiente,128.89
2026-10-20,México,Mérida,28.3,Casa,6,10,Media,10,False,445.34,Moderado,334.0
2026-05-06,México,Guadalajara,25.6,Casa,3,9,Media,10,True,297.55,Moderado,223.16
2026-11-23,Perú,Cusco,13.8,Departamento,1,12,Baja,2,True,157.63,Eficiente,118.22
2026-10-27,Perú,Cusco,12.5,Departamento,5,10,Media,4,False,221.31,Eficiente,165.98
2026-07-28,México,Ciudad de México,17.1,Casa,6,8,Media,8,True,306.62,Moderado,229.96
2026-07-13,México,Ciudad de México,17.4,Casa,4,11,Alta,13,True,475.36,Ineficiente,356.52
2026-02-21,Perú,Arequipa,16.1,Casa,4,9,Media,6,False,368.36,Moderado,276.27
2026-09-13,Colombia,Bogotá,13.5,Departamento,5,6,Baja,3,False,100.25,Eficiente,75.19
2026-12-29,Perú,Puno,12.2,Casa,2,15,Alta,11,False,301.53,Moderado,226.15
2026-08-04,México,Mérida,31.9,Casa,4,9,Alta,11,False,413.14,Moderado,309.86
2026-03-15,México,Tijuana,15.5,Local,5,13,Baja,1,True,351.92,Moderado,263.94
2026-04-05,México,Guadalajara,24.6,Casa,5,10,Baja,2,False,198.09,Eficiente,148.57
2026-12-03,México,Tijuana,15.9,Casa,3,9,Alta,13,True,410.28,Moderado,307.71
2026-02-24,México,Ciudad de México,13.5,Casa,8,8,Media,5,True,340.91,Moderado,255.68
2026-05-19,Perú,Cusco,12.2,Casa,6,15,Media,6,True,360.17,Moderado,270.13
2026-04-11,México,Guadalajara,23.4,Casa,3,15,Media,8,False,405.88,Moderado,304.41
2026-01-12,México,Ciudad de México,12.6,Casa,3,11,Media,6,True,254.36,Moderado,190.77
2026-10-15,Colombia,Bucaramanga,23.0,Departamento,4,11,Baja,3,True,202.39,Eficiente,151.79
2026-06-13,Perú,Arequipa,14.0,Departamento,3,11,Alta,9,False,236.43,Eficiente,177.32
2026-02-22,México,Mérida,25.3,Departamento,2,4,Alta,12,True,185.29,Eficiente,138.97
2026-06-06,México,Tijuana,21.3,Departamento,1,5,Media,6,False,170.44,Eficiente,127.83
2026-11-05,México,Mérida,27.1,Local,5,15,Alta,15,True,759.02,Ineficiente,569.26
2026-03-02,Colombia,Medellín,22.1,Casa,4,10,Media,4,True,389.42,Moderado,292.06
2026-09-09,Perú,Lima,19.7,Casa,2,13,Media,4,True,219.89,Eficiente,164.92
2026-09-07,Perú,Piura,24.1,Departamento,2,11,Baja,5,True,113.26,Eficiente,84.94
2026-08-26,México,Monterrey,31.0,Local,1,21,Media,10,True,816.25,Ineficiente,612.19
2026-02-28,Colombia,Bucaramanga,23.9,Departamento,6,12,Baja,5,False,189.63,Eficiente,142.22
2026-10-21,Colombia,Bogotá,13.3,Casa,6,8,Baja,5,True,248.26,Eficiente,186.2
2026-09-19,México,Tijuana,22.4,Departamento,2,12,Alta,13,False,339.24,Moderado,254.43
2026-05-03,Colombia,Barranquilla,28.8,Local,10,14,Media,8,True,895.49,Ineficiente,671.62
2026-01-29,Colombia,Bogotá,13.8,Casa,3,10,Baja,4,True,173.87,Eficiente,130.4
2026-12-11,México,Tijuana,15.3,Departamento,3,7,Alta,15,False,243.11,Eficiente,182.33
2026-07-15,Perú,Lima,18.8,Local,5,17,Alta,11,True,512.23,Ineficiente,384.17
2026-07-27,México,Mérida,30.2,Departamento,4,13,Media,8,True,426.03,Moderado,319.52
2026-09-03,México,Guadalajara,24.9,Departamento,3,7,Alta,12,True,218.39,Eficiente,163.79
2026-09-10,México,Ciudad de México,17.2,Casa,4,8,Alta,10,True,266.08,Moderado,199.56
2026-06-18,México,Tijuana,20.2,Casa,8,14,Baja,1,True,297.83,Moderado,223.37
2026-07-01,Perú,Arequipa,12.4,Departamento,3,11,Alta,11,True,379.26,Moderado,284.44
2026-01-21,Colombia,Bucaramanga,22.1,Casa,6,16,Media,7,False,491.3,Ineficiente,368.48
2026-10-24,México,Guadalajara,23.6,Casa,4,18,Alta,15,True,438.93,Moderado,329.2
2026-09-10,México,Ciudad de México,18.5,Casa,4,8,Baja,3,True,198.32,Eficiente,148.74
2026-10-20,México,Tijuana,21.4,Casa,4,21,Media,8,True,383.95,Moderado,287.96
2026-05-24,México,Ciudad de México,19.9,Local,5,27,Baja,6,True,692.53,Ineficiente,519.4
2026-12-28,México,Guadalajara,19.3,Local,15,32,Alta,11,True,2076.91,Ineficiente,1557.68
2026-03-31,Perú,Arequipa,17.1,Local,10,17,Media,10,True,1174.29,Ineficiente,880.72
2026-09-06,Colombia,Barranquilla,28.0,Local,15,11,Media,6,True,1246.57,Ineficiente,934.93
2026-03-10,Perú,Lima,27.7,Local,8,28,Alta,10,True,1355.26,Ineficiente,1016.44
2026-11-01,Perú,Arequipa,16.4,Departamento,2,6,Media,10,True,188.0,Eficiente,141.0
2026-08-18,Colombia,Bucaramanga,21.1,Local,10,12,Media,7,True,729.55,Ineficiente,547.16
2026-08-10,Colombia,Medellín,20.6,Departamento,1,10,Media,4,False,120.37,Eficiente,90.28
2026-12-30,México,Ciudad de México,14.1,Departamento,2,10,Alta,8,False,169.37,Eficiente,127.03
2026-07-15,Colombia,Bucaramanga,22.4,Departamento,3,4,Baja,1,True,190.08,Eficiente,142.56
2026-07-17,México,Mérida,30.9,Casa,6,11,Alta,13,False,393.86,Moderado,295.4
2026-02-11,Colombia,Bogotá,14.7,Departamento,2,8,Media,6,False,183.7,Eficiente,137.77
2026-01-05,Colombia,Bucaramanga,22.4,Casa,4,12,Media,6,False,306.14,Moderado,229.6
2026-01-25,Colombia,Bucaramanga,22.6,Departamento,2,8,Alta,10,False,263.37,Moderado,197.53
2026-05-19,Colombia,Bucaramanga,23.1,Casa,5,11,Baja,5,True,255.07,Moderado,191.3
2026-01-20,Perú,Arequipa,16.9,Casa,3,6,Media,6,True,252.44,Moderado,189.33
2026-01-25,México,Tijuana,13.1,Casa,8,11,Media,8,True,370.67,Moderado,278.0
2026-01-01,México,Mérida,24.0,Casa,10,15,Media,8,True,418.81,Moderado,314.11
2026-09-09,Perú,Lima,18.7,Local,20,30,Alta,8,False,1945.48,Ineficiente,1459.11
2026-12-28,Colombia,Bogotá,13.2,Casa,6,19,Media,9,True,453.05,Ineficiente,339.79
2026-08-07,Perú,Puno,8.9,Local,3,12,Baja,4,True,531.57,Ineficiente,398.68
2026-05-28,Colombia,Medellín,21.1,Departamento,3,5,Media,7,True,104.95,Eficiente,78.71
2026-11-16,Colombia,Medellín,21.6,Casa,3,23,Media,7,True,334.16,Moderado,250.62
2026-07-13,Colombia,Cali,23.2,Casa,5,13,Alta,15,True,600.49,Ineficiente,450.37
2026-09-08,México,Tijuana,22.2,Casa,3,20,Media,8,True,380.38,Moderado,285.28
2026-03-22,México,Mérida,26.3,Departamento,3,5,Media,7,False,237.62,Eficiente,178.22
2026-02-25,México,Tijuana,14.2,Casa,3,14,Media,9,False,316.12,Moderado,237.09
2026-11-05,México,Ciudad de México,14.8,Local,10,24,Baja,3,True,543.63,Ineficiente,407.72
2026-04-03,México,Monterrey,26.7,Casa,8,7,Alta,8,True,440.84,Moderado,330.63
2026-07-23,Perú,Lima,18.7,Casa,4,9,Media,6,True,244.53,Eficiente,183.4
2026-10-10,México,Ciudad de México,17.2,Casa,6,7,Media,6,True,233.75,Eficiente,175.31
2026-11-23,Colombia,Bucaramanga,23.9,Casa,8,17,Alta,9,False,505.23,Ineficiente,378.92
2026-01-11,Perú,Cusco,14.8,Casa,7,11,Baja,5,True,256.46,Moderado,192.34
2026-06-06,Colombia,Bogotá,13.9,Departamento,3,9,Media,8,True,241.95,Eficiente,181.46
2026-04-16,México,Guadalajara,23.3,Casa,5,15,Alta,9,True,575.28,Ineficiente,431.46
2026-10-11,México,Ciudad de México,17.8,Departamento,2,9,Alta,15,True,207.58,Eficiente,155.68
2026-11-19,Colombia,Cali,23.4,Casa,5,14,Media,7,False,331.87,Moderado,248.9
2026-06-12,México,Monterrey,30.8,Casa,3,12,Media,5,True,316.69,Moderado,237.52
2026-01-31,Perú,Puno,12.6,Departamento,5,8,Media,7,True,293.12,Moderado,219.84
2026-02-26,Perú,Piura,28.1,Casa,5,17,Media,10,True,616.49,Ineficiente,462.37
2026-10-21,México,Monterrey,24.2,Casa,5,17,Alta,15,True,669.18,Ineficiente,501.88
2026-11-01,México,Guadalajara,21.0,Casa,4,14,Alta,13,False,615.66,Ineficiente,461.74
2026-02-13,Perú,Piura,28.3,Local,2,25,Baja,6,True,548.54,Ineficiente,411.4
2026-06-06,Colombia,Barranquilla,29.2,Casa,7,12,Media,7,True,537.84,Ineficiente,403.38
2026-02-21,México,Monterrey,17.6,Local,3,9,Alta,11,True,501.49,Ineficiente,376.12
2026-12-28,Colombia,Barranquilla,27.0,Casa,2,11,Baja,1,True,256.36,Moderado,192.27
2026-12-02,Colombia,Medellín,21.5,Local,3,17,Alta,15,True,1043.45,Ineficiente,782.59
2026-03-25,México,Monterrey,21.9,Casa,4,18,Alta,15,True,416.71,Moderado,312.53
2026-07-23,México,Mérida,31.6,Local,20,28,Media,7,True,1791.72,Ineficiente,1343.79
2026-07-17,México,Tijuana,22.0,Departamento,2,6,Media,6,True,211.2,Eficiente,158.4
2026-03-14,Perú,Cusco,13.6,Local,5,13,Baja,3,True,423.5,Moderado,317.62
2026-06-16,México,Ciudad de México,18.2,Departamento,2,9,Media,8,False,168.35,Eficiente,126.26
2026-08-15,Colombia,Bucaramanga,22.1,Casa,5,11,Baja,4,True,224.7,Eficiente,168.52
2026-01-13,Colombia,Bucaramanga,22.3,Casa,4,12,Baja,1,True,248.05,Eficiente,186.04
2026-05-08,Perú,Lima,21.7,Departamento,4,7,Alta,9,False,236.49,Eficiente,177.37
2026-09-29,Perú,Arequipa,14.9,Casa,2,11,Media,4,True,188.23,Eficiente,141.17
2026-07-28,Colombia,Bogotá,13.2,Casa,5,16,Baja,5,True,256.62,Moderado,192.46
2026-04-04,México,Mérida,29.6,Casa,4,12,Alta,8,False,541.54,Ineficiente,406.16
2026-07-24,Colombia,Barranquilla,29.3,Casa,6,18,Media,8,True,477.8,Ineficiente,358.35
2026-10-22,México,Tijuana,21.3,Local,15,24,Baja,2,True,1010.74,Ineficiente,758.06
2026-11-25,México,Tijuana,18.2,Departamento,4,4,Alta,8,True,381.02,Moderado,285.76
2026-01-05,Perú,Piura,27.1,Casa,4,13,Alta,11,True,269.28,Moderado,201.96
2026-03-04,Perú,Lima,26.9,Casa,8,13,Media,8,True,451.33,Ineficiente,338.5
2026-05-09,México,Mérida,31.0,Departamento,3,8,Media,9,False,329.06,Moderado,246.8
2026-03-07,México,Guadalajara,21.8,Casa,6,12,Baja,2,False,233.12,Eficiente,174.84
2026-11-08,Perú,Puno,12.9,Casa,4,11,Baja,6,True,289.22,Moderado,216.92
2026-03-21,Colombia,Bucaramanga,23.5,Casa,8,14,Baja,4,False,298.87,Moderado,224.15
2026-11-27,Colombia,Bogotá,13.4,Departamento,3,9,Media,7,False,243.68,Eficiente,182.76
2026-07-26,Colombia,Medellín,21.5,Local,20,28,Baja,2,True,983.91,Ineficiente,737.93
2026-12-08,México,Mérida,24.5,Casa,2,12,Media,8,True,409.68,Moderado,307.26
2026-12-07,México,Guadalajara,18.9,Departamento,3,8,Alta,8,False,278.21,Moderado,208.66
2026-08-11,Colombia,Bogotá,13.8,Casa,1,20,Media,10,True,335.76,Moderado,251.82
2026-06-13,Perú,Puno,7.4,Casa,8,5,Alta,14,True,368.71,Moderado,276.53
2026-11-23,México,Mérida,26.0,Casa,5,12,Baja,6,True,215.58,Eficiente,161.68
2026-05-18,México,Monterrey,28.3,Casa,5,9,Media,9,True,434.0,Moderado,325.5
2026-11-05,Colombia,Barranquilla,29.9,Casa,10,14,Media,8,True,408.92,Moderado,306.69
2026-11-24,Perú,Puno,11.1,Departamento,3,8,Media,9,True,189.91,Eficiente,142.43
2026-06-17,México,Ciudad de México,20.0,Casa,7,14,Media,10,True,455.5,Ineficiente,341.62
2026-01-06,Perú,Puno,12.2,Casa,6,9,Alta,13,False,528.38,Ineficiente,396.28
2026-04-17,Perú,Lima,25.1,Casa,3,14,Baja,5,True,316.02,Moderado,237.02
2026-02-15,Perú,Puno,11.4,Local,8,31,Alta,11,True,1338.32,Ineficiente,1003.74
2026-05-17,Perú,Puno,10.6,Casa,5,14,Alta,11,True,447.24,Moderado,335.43
2026-02-07,México,Mérida,25.5,Casa,6,19,Alta,11,True,593.51,Ineficiente,445.13
2026-12-19,Perú,Puno,12.5,Casa,8,9,Alta,9,True,413.95,Moderado,310.46
2026-07-28,México,Monterrey,32.8,Casa,6,9,Alta,9,False,517.13,Ineficiente,387.85
2026-02-02,México,Ciudad de México,13.4,Casa,5,14,Alta,15,False,547.07,Ineficiente,410.3
2026-08-24,México,Mérida,31.4,Local,1,27,Baja,6,False,882.22,Ineficiente,661.66
2026-09-01,Colombia,Barranquilla,28.8,Casa,4,16,Media,9,False,531.81,Ineficiente,398.86
2026-09-11,Colombia,Bucaramanga,22.9,Departamento,1,5,Alta,12,True,126.9,Eficiente,95.18
2026-07-24,Perú,Piura,23.1,Departamento,2,7,Media,6,False,262.71,Moderado,197.03
2026-09-29,México,Mérida,29.7,Casa,3,12,Media,6,True,476.83,Ineficiente,357.62
2026-11-02,Perú,Cusco,14.0,Casa,7,17,Alta,12,True,522.23,Ineficiente,391.67
2026-09-18,Perú,Piura,23.8,Casa,1,7,Media,7,False,257.35,Moderado,193.01
2026-05-09,Colombia,Bogotá,14.7,Casa,5,10,Media,8,True,246.5,Eficiente,184.88
2026-07-10,Colombia,Bucaramanga,21.4,Casa,3,6,Baja,1,True,200.17,Eficiente,150.13
2026-07-05,México,Tijuana,23.9,Casa,5,10,Media,10,False,225.03,Eficiente,168.77
2026-08-11,Colombia,Bucaramanga,21.9,Casa,4,13,Alta,10,True,572.7,Ineficiente,429.52
2026-08-28,Perú,Puno,8.4,Casa,5,7,Media,9,False,367.08,Moderado,275.31
2026-12-13,México,Monterrey,16.5,Casa,1,13,Alta,12,True,437.2,Moderado,327.9
2026-12-22,Colombia,Cali,24.6,Casa,4,19,Media,6,False,399.13,Moderado,299.35
2026-11-10,México,Guadalajara,21.8,Departamento,4,5,Alta,14,True,204.56,Eficiente,153.42
2026-09-24,Colombia,Cali,23.2,Casa,2,9,Alta,15,True,538.13,Ineficiente,403.6
2026-04-30,Perú,Arequipa,15.5,Casa,4,14,Media,7,True,270.57,Moderado,202.93
2026-01-18,Colombia,Medellín,22.2,Casa,6,13,Alta,13,True,523.72,Ineficiente,392.79
2026-06-06,Colombia,Bucaramanga,22.6,Local,20,24,Media,5,True,1247.61,Ineficiente,935.71
2026-11-25,Colombia,Bucaramanga,23.9,Local,3,28,Baja,2,True,802.92,Ineficiente,602.19
2026-06-09,Colombia,Cali,23.8,Local,10,30,Media,6,True,919.32,Ineficiente,689.49
2026-08-04,Colombia,Bucaramanga,21.0,Casa,6,10,Alta,9,False,451.71,Ineficiente,338.78
2026-01-10,Colombia,Barranquilla,27.7,Casa,5,12,Media,8,False,412.76,Moderado,309.57
2026-06-05,México,Monterrey,30.9,Casa,6,10,Baja,2,True,344.82,Moderado,258.62
2026-12-25,Colombia,Bucaramanga,23.1,Casa,4,8,Baja,3,True,213.71,Eficiente,160.28
2026-08-01,México,Tijuana,24.0,Local,3,22,Media,10,True,833.93,Ineficiente,625.45
2026-12-19,México,Ciudad de México,14.5,Departamento,2,7,Media,9,False,139.14,Eficiente,104.35
2026-11-20,México,Tijuana,17.4,Casa,3,7,Alta,14,True,445.89,Moderado,334.42
2026-04-15,México,Tijuana,16.2,Casa,4,17,Baja,2,True,206.34,Eficiente,154.76
2026-12-09,Colombia,Medellín,21.3,Casa,4,8,Media,10,True,291.17,Moderado,218.38
2026-01-21,Colombia,Bucaramanga,23.2,Departamento,2,8,Media,4,False,220.41,Eficiente,165.31
2026-12-11,México,Monterrey,15.3,Local,15,18,Baja,5,True,972.66,Ineficiente,729.5
2026-06-11,Perú,Puno,8.5,Casa,5,10,Baja,6,False,384.24,Moderado,288.18
2026-09-14,México,Mérida,30.5,Departamento,3,8,Alta,12,True,298.5,Moderado,223.88
2026-05-14,México,Mérida,29.5,Casa,2,14,Media,6,True,290.01,Moderado,217.51
2026-11-16,Perú,Puno,12.7,Casa,4,13,Alta,12,False,497.0,Ineficiente,372.75
2026-02-16,México,Tijuana,15.6,Casa,10,10,Alta,8,True,598.24,Ineficiente,448.68
2026-01-01,Colombia,Cali,24.7,Casa,5,14,Media,7,True,277.71,Moderado,208.28
2026-02-07,Perú,Lima,27.6,Local,8,24,Baja,2,True,677.87,Ineficiente,508.4
2026-05-29,Colombia,Barranquilla,29.2,Casa,7,10,Media,4,True,417.78,Moderado,313.33
2026-01-04,México,Tijuana,13.2,Casa,6,10,Baja,5,True,255.32,Moderado,191.49
2026-01-05,México,Mérida,23.6,Casa,7,16,Baja,3,True,282.8,Moderado,212.1
2026-08-15,México,Mérida,30.6,Local,5,29,Alta,9,True,1339.08,Ineficiente,1004.31
2026-06-22,Colombia,Cali,22.4,Departamento,1,5,Baja,3,True,101.33,Eficiente,76.0
2026-08-21,México,Ciudad de México,18.4,Departamento,3,10,Alta,8,True,325.71,Moderado,244.28
2026-03-26,Colombia,Bucaramanga,23.8,Local,3,22,Alta,14,True,1261.9,Ineficiente,946.42
2026-02-20,México,Guadalajara,19.4,Casa,2,12,Alta,10,True,292.37,Moderado,219.28
2026-05-28,Perú,Lima,21.7,Departamento,1,6,Media,6,True,185.06,Eficiente,138.8
2026-01-24,México,Ciudad de México,13.0,Departamento,4,9,Media,6,True,142.04,Eficiente,106.53
2026-11-15,Perú,Arequipa,16.8,Departamento,3,10,Baja,6,False,139.04,Eficiente,104.28
2026-07-22,Colombia,Medellín,21.0,Casa,3,18,Alta,14,True,478.36,Ineficiente,358.77
2026-11-12,México,Mérida,27.5,Casa,2,15,Media,8,True,328.3,Moderado,246.23
2026-03-18,Colombia,Bucaramanga,23.5,Casa,3,9,Baja,3,True,192.44,Eficiente,144.33
2026-02-24,México,Ciudad de México,13.3,Casa,8,13,Baja,5,False,391.08,Moderado,293.31
2026-06-16,Colombia,Barranquilla,29.0,Casa,5,14,Baja,6,True,260.44,Moderado,195.33
2026-09-03,México,Ciudad de México,18.4,Local,8,18,Media,4,False,702.58,Ineficiente,526.94
2026-06-30,México,Tijuana,20.7,Casa,2,21,Media,4,False,288.92,Moderado,216.69
2026-09-08,México,Monterrey,29.8,Casa,6,12,Media,8,True,305.29,Moderado,228.97
2026-08-12,México,Ciudad de México,17.0,Casa,4,16,Baja,2,True,228.03,Eficiente,171.02
2026-02-09,Colombia,Medellín,22.2,Casa,5,12,Alta,9,True,218.6,Eficiente,163.95
2026-09-30,México,Tijuana,22.4,Casa,6,5,Alta,15,True,396.7,Moderado,297.52
2026-09-02,México,Ciudad de México,18.3,Casa,4,7,Baja,5,True,155.82,Eficiente,116.86
2026-01-26,Perú,Piura,27.3,Departamento,3,10,Media,7,True,214.18,Eficiente,160.64
2026-08-11,Colombia,Barranquilla,29.3,Casa,5,22,Media,9,True,438.38,Moderado,328.78
2026-02-22,México,Tijuana,14.4,Departamento,3,7,Alta,12,True,204.39,Eficiente,153.29
2026-05-22,Colombia,Medellín,21.9,Casa,6,8,Baja,1,False,245.02,Eficiente,183.76
2026-12-31,Perú,Arequipa,17.1,Casa,10,9,Baja,2,True,225.5,Eficiente,169.12
2026-11-30,México,Mérida,27.1,Departamento,3,10,Media,7,True,234.57,Eficiente,175.93
2026-08-06,México,Monterrey,31.3,Casa,3,10,Baja,3,True,286.52,Moderado,214.89
2026-11-02,México,Mérida,26.3,Casa,5,7,Alta,14,True,477.41,Ineficiente,358.06
2026-11-22,México,Guadalajara,20.0,Local,5,19,Media,7,True,598.47,Ineficiente,448.85
2026-10-11,México,Mérida,29.1,Departamento,1,5,Alta,8,False,235.75,Eficiente,176.81
2026-06-03,Colombia,Cali,22.9,Departamento,3,10,Media,4,True,156.55,Eficiente,117.41
2026-07-02,México,Guadalajara,24.1,Casa,3,7,Alta,15,True,301.74,Moderado,226.3
2026-07-23,México,Monterrey,32.7,Casa,6,13,Media,8,True,262.51,Moderado,196.88
2026-01-06,México,Guadalajara,19.0,Casa,5,19,Alta,13,True,410.67,Moderado,308.0
2026-01-21,México,Guadalajara,19.3,Casa,6,22,Alta,8,True,594.65,Ineficiente,445.99
2026-06-17,Colombia,Medellín,21.6,Casa,4,11,Media,5,True,291.3,Moderado,218.48
2026-06-06,México,Guadalajara,24.5,Departamento,4,7,Media,5,False,213.94,Eficiente,160.45
2026-06-09,México,Monterrey,30.7,Departamento,3,14,Media,10,True,291.55,Moderado,218.66
2026-04-13,México,Ciudad de México,17.5,Casa,6,16,Media,9,False,272.67,Moderado,204.5
2026-07-23,México,Ciudad de México,18.0,Departamento,1,12,Alta,8,False,327.89,Moderado,245.92
2026-09-04,México,Guadalajara,24.6,Casa,2,21,Baja,4,True,255.3,Moderado,191.48
2026-06-07,México,Tijuana,21.5,Departamento,2,4,Baja,5,True,156.95,Eficiente,117.71
2026-09-04,Colombia,Cali,22.9,Casa,8,10,Alta,9,True,316.12,Moderado,237.09
2026-07-02,Colombia,Cali,23.9,Casa,3,12,Media,10,False,367.57,Moderado,275.68
2026-11-01,Colombia,Barranquilla,28.8,Casa,10,10,Alta,8,False,744.21,Ineficiente,558.16
2026-03-27,Perú,Arequipa,17.4,Departamento,2,4,Media,4,True,223.7,Eficiente,167.77
2026-07-16,México,Guadalajara,24.4,Casa,5,13,Media,10,True,364.36,Moderado,273.27
2026-07-31,México,Guadalajara,24.3,Casa,8,9,Alta,8,True,459.13,Ineficiente,344.35
2026-03-30,México,Guadalajara,22.7,Departamento,2,13,Alta,12,True,320.33,Moderado,240.25
2026-12-21,Colombia,Medellín,21.7,Casa,3,15,Media,4,True,245.99,Eficiente,184.49
2026-02-05,México,Monterrey,18.6,Departamento,4,9,Media,9,False,193.0,Eficiente,144.75
2026-04-30,Colombia,Barranquilla,28.9,Local,15,15,Media,4,True,747.91,Ineficiente,560.93
2026-08-05,Perú,Piura,23.2,Casa,4,20,Alta,12,True,464.75,Ineficiente,348.56
2026-09-16,Perú,Piura,24.2,Casa,2,9,Media,5,False,316.01,Moderado,237.01
2026-04-07,Perú,Piura,27.8,Departamento,2,4,Baja,3,True,114.18,Eficiente,85.64
2026-08-20,México,Ciudad de México,17.4,Casa,7,9,Alta,13,True,318.85,Moderado,239.14
2026-09-25,México,Tijuana,22.8,Casa,5,20,Alta,12,False,536.97,Ineficiente,402.73
2026-07-22,México,Mérida,30.3,Casa,1,12,Alta,13,True,568.51,Ineficiente,426.38
2026-08-03,Colombia,Bucaramanga,22.6,Departamento,5,10,Media,4,True,206.12,Eficiente,154.59
2026-02-02,Perú,Cusco,13.9,Local,10,13,Media,8,True,449.46,Moderado,337.1
2026-05-11,México,Ciudad de México,19.5,Casa,5,16,Media,7,False,256.65,Moderado,192.49
2026-12-18,México,Tijuana,14.7,Casa,3,7,Media,8,True,308.37,Moderado,231.28
2026-02-06,México,Monterrey,18.9,Casa,5,13,Baja,2,True,320.08,Moderado,240.06
2026-03-04,México,Tijuana,15.3,Local,2,14,Media,10,False,747.61,Ineficiente,560.71
2026-02-08,Colombia,Barranquilla,27.4,Casa,2,14,Baja,3,True,125.44,Eficiente,94.08
2026-05-29,Colombia,Bogotá,13.4,Departamento,1,11,Media,9,False,261.11,Moderado,195.83
2026-09-22,México,Mérida,30.9,Departamento,2,8,Media,9,True,171.52,Eficiente,128.64
2026-01-05,Colombia,Bogotá,14.2,Departamento,2,12,Media,8,True,228.8,Eficiente,171.6
2026-06-28,Perú,Piura,24.8,Casa,6,11,Alta,9,False,420.72,Moderado,315.54
2026-03-03,Perú,Arequipa,16.7,Departamento,2,9,Baja,3,True,164.09,Eficiente,123.07
2026-09-29,México,Ciudad de México,18.7,Departamento,2,13,Media,8,False,261.68,Moderado,196.26
2026-04-10,Colombia,Cali,23.4,Casa,4,21,Alta,10,False,519.04,Ineficiente,389.28
2026-07-19,Colombia,Medellín,21.1,Casa,6,8,Media,9,True,307.49,Moderado,230.62
2026-06-23,México,Ciudad de México,19.5,Departamento,2,5,Baja,1,True,87.63,Eficiente,65.72
2026-01-29,Perú,Puno,12.0,Departamento,1,7,Media,10,False,210.14,Eficiente,157.6
2026-10-21,México,Mérida,28.5,Departamento,2,7,Alta,11,False,353.33,Moderado,265.0
2026-11-03,México,Tijuana,18.6,Departamento,2,9,Baja,2,True,149.98,Eficiente,112.48
2026-05-23,México,Ciudad de México,18.4,Casa,6,14,Baja,2,False,183.84,Eficiente,137.88
2026-01-25,Perú,Cusco,13.9,Departamento,1,7,Media,7,True,165.68,Eficiente,124.26
2026-08-22,México,Ciudad de México,18.2,Departamento,2,11,Baja,5,True,123.85,Eficiente,92.89
2026-09-23,México,Guadalajara,24.3,Casa,3,11,Media,5,False,378.66,Moderado,284.0
2026-07-10,México,Ciudad de México,17.9,Casa,4,22,Baja,6,True,399.51,Moderado,299.63
2026-06-24,México,Tijuana,20.4,Casa,5,9,Alta,12,True,372.4,Moderado,279.3
2026-05-10,Colombia,Medellín,22.4,Departamento,4,6,Baja,5,True,181.08,Eficiente,135.81
2026-02-06,México,Tijuana,14.8,Casa,3,17,Alta,10,False,578.0,Ineficiente,433.5
2026-12-17,Perú,Puno,12.8,Local,10,18,Media,4,True,763.61,Ineficiente,572.71
2026-12-31,México,Ciudad de México,14.3,Casa,8,15,Media,10,True,338.03,Moderado,253.52
2026-07-03,México,Guadalajara,24.1,Casa,5,10,Alta,13,True,383.08,Moderado,287.31
2026-07-24,México,Ciudad de México,17.3,Casa,4,6,Media,6,True,222.0,Eficiente,166.5
2026-04-03,México,Monterrey,25.2,Departamento,3,12,Baja,2,False,144.91,Eficiente,108.68
2026-04-29,México,Tijuana,16.6,Casa,4,17,Baja,5,True,248.83,Eficiente,186.62
2026-02-02,Perú,Lima,27.8,Local,8,17,Media,4,True,786.16,Ineficiente,589.62
2026-02-09,México,Ciudad de México,13.6,Departamento,1,7,Baja,1,True,132.73,Eficiente,99.55
2026-03-26,México,Monterrey,21.6,Casa,5,14,Alta,9,True,335.91,Moderado,251.93
2026-01-29,Colombia,Barranquilla,27.3,Local,8,11,Media,6,True,400.85,Moderado,300.64
2026-08-23,Colombia,Medellín,21.4,Casa,1,7,Alta,9,True,212.51,Eficiente,159.38
2026-04-05,México,Guadalajara,23.5,Departamento,2,11,Baja,4,False,182.01,Eficiente,136.51
2026-03-18,Colombia,Medellín,21.7,Casa,7,17,Media,8,False,481.1,Ineficiente,360.83
2026-08-30,México,Ciudad de México,17.5,Departamento,3,4,Media,6,True,175.02,Eficiente,131.27
2026-09-25,Perú,Cusco,12.8,Casa,5,10,Media,6,True,333.91,Moderado,250.43
2026-05-01,Colombia,Bucaramanga,23.2,Departamento,2,9,Media,8,False,157.11,Eficiente,117.83
2026-09-29,México,Monterrey,28.9,Casa,1,22,Alta,15,True,639.78,Ineficiente,479.84
2026-05-24,México,Tijuana,18.3,Casa,6,6,Baja,2,True,269.02,Moderado,201.76
2026-05-29,México,Ciudad de México,18.7,Departamento,1,13,Media,4,False,167.3,Eficiente,125.48
2026-02-14,Perú,Cusco,13.2,Departamento,2,10,Media,4,True,185.5,Eficiente,139.12
2026-08-28,México,Mérida,30.8,Casa,8,18,Baja,1,True,258.71,Moderado,194.03
2026-06-20,México,Mérida,31.6,Local,2,15,Alta,9,False,820.0,Ineficiente,615.0
2026-08-22,Perú,Piura,22.3,Departamento,3,11,Alta,10,False,204.14,Eficiente,153.1
2026-02-25,Colombia,Cali,24.2,Casa,4,8,Media,10,True,258.63,Moderado,193.97
2026-08-02,México,Tijuana,24.6,Casa,4,19,Media,4,True,275.67,Moderado,206.75
2026-07-10,Perú,Piura,22.4,Casa,8,16,Media,7,True,418.98,Moderado,314.24
2026-07-25,Colombia,Cali,23.1,Casa,6,11,Alta,15,True,617.17,Ineficiente,462.88
2026-11-28,Perú,Arequipa,17.3,Casa,8,8,Media,7,True,376.75,Moderado,282.56
2026-04-19,México,Guadalajara,24.2,Casa,3,16,Baja,1,True,232.49,Eficiente,174.37
2026-05-19,Perú,Cusco,12.7,Casa,1,19,Baja,6,True,244.14,Eficiente,183.1
2026-01-01,México,Monterrey,14.8,Departamento,2,9,Media,8,False,209.01,Eficiente,156.76
2026-03-20,Colombia,Bucaramanga,23.9,Departamento,4,3,Media,6,True,180.49,Eficiente,135.37
2026-07-17,Colombia,Barranquilla,28.7,Departamento,4,11,Media,5,False,167.91,Eficiente,125.93
2026-05-13,Colombia,Medellín,21.9,Casa,4,17,Alta,9,False,316.99,Moderado,237.74
2026-02-13,México,Tijuana,15.6,Departamento,3,9,Baja,2,True,167.56,Eficiente,125.67
2026-12-07,Perú,Arequipa,17.8,Casa,6,16,Media,9,True,297.69,Moderado,223.27
2026-01-19,Perú,Cusco,13.4,Local,10,15,Media,9,True,784.24,Ineficiente,588.18
2026-06-04,Perú,Piura,23.1,Departamento,2,6,Media,10,False,169.66,Eficiente,127.24
2026-07-20,México,Tijuana,23.4,Departamento,2,4,Media,5,True,195.5,Eficiente,146.62
2026-01-30,México,Tijuana,13.6,Departamento,1,7,Baja,1,False,131.11,Eficiente,98.33
2026-08-31,Perú,Lima,18.2,Casa,7,21,Baja,3,True,318.97,Moderado,239.23
2026-01-07,México,Monterrey,14.8,Casa,6,10,Alta,13,False,333.58,Moderado,250.18
2026-06-26,México,Monterrey,30.2,Casa,4,24,Media,5,True,359.42,Moderado,269.56
2026-12-27,Perú,Lima,24.4,Departamento,2,6,Media,4,False,198.65,Eficiente,148.99
2026-02-22,Perú,Cusco,13.5,Casa,5,19,Alta,9,False,446.31,Moderado,334.73
2026-06-17,Colombia,Medellín,21.7,Departamento,2,10,Media,7,False,175.28,Eficiente,131.46
2026-01-26,Perú,Arequipa,17.4,Local,3,22,Alta,15,True,1162.66,Ineficiente,872.0
2026-05-13,Colombia,Medellín,22.7,Casa,7,12,Alta,12,True,501.75,Ineficiente,376.31
2026-04-25,México,Guadalajara,24.7,Local,3,26,Media,7,True,1096.68,Ineficiente,822.51
2026-08-12,Perú,Lima,18.6,Casa,2,15,Media,10,True,446.67,Moderado,335.0
2026-07-29,México,Guadalajara,24.7,Departamento,2,9,Media,7,False,210.94,Eficiente,158.2
2026-02-24,Colombia,Barranquilla,28.6,Casa,6,20,Alta,9,True,693.36,Ineficiente,520.02
2026-08-13,México,Monterrey,31.7,Casa,6,15,Media,7,True,369.95,Moderado,277.46
2026-09-20,Colombia,Bucaramanga,22.2,Departamento,4,8,Media,10,False,299.22,Moderado,224.42
2026-06-13,Colombia,Medellín,21.3,Casa,4,6,Baja,5,False,224.78,Eficiente,168.58
2026-03-15,México,Mérida,27.9,Local,10,9,Media,8,False,543.42,Ineficiente,407.56
2026-04-25,Perú,Cusco,12.9,Departamento,4,7,Alta,12,True,395.76,Moderado,296.82
2026-02-16,Colombia,Bogotá,13.5,Departamento,2,4,Media,9,False,241.65,Eficiente,181.24
2026-02-17,México,Mérida,25.5,Casa,2,13,Media,6,True,271.02,Moderado,203.26
2026-11-10,Colombia,Medellín,21.2,Casa,3,10,Media,7,True,311.3,Moderado,233.48
2026-04-19,Perú,Arequipa,15.9,Casa,6,11,Alta,11,False,475.78,Ineficiente,356.84
2026-08-30,México,Monterrey,30.8,Local,5,12,Media,10,True,885.49,Ineficiente,664.12
2026-02-17,Colombia,Bogotá,13.3,Casa,5,11,Alta,13,False,392.75,Moderado,294.56
2026-09-05,Colombia,Bogotá,12.6,Departamento,4,6,Alta,15,True,193.77,Eficiente,145.33
2026-09-13,México,Guadalajara,24.1,Local,5,18,Media,9,True,922.81,Ineficiente,692.11
2026-08-20,Perú,Puno,9.2,Casa,4,12,Media,10,False,329.99,Moderado,247.49
2026-11-03,México,Ciudad de México,14.6,Casa,7,17,Alta,10,True,709.07,Ineficiente,531.8
2026-12-17,México,Ciudad de México,14.3,Departamento,4,6,Alta,10,False,359.51,Moderado,269.63
2026-09-01,Colombia,Bogotá,13.7,Casa,6,17,Media,9,True,346.73,Moderado,260.05
2026-04-12,Perú,Arequipa,16.1,Casa,4,10,Media,6,True,273.61,Moderado,205.21
2026-04-04,México,Mérida,28.9,Departamento,2,4,Media,5,False,133.71,Eficiente,100.28
2026-12-01,Colombia,Barranquilla,28.3,Casa,3,17,Media,5,True,250.96,Moderado,188.22
2026-05-28,Perú,Piura,26.2,Casa,4,9,Alta,9,True,320.64,Moderado,240.48
2026-08-03,México,Mérida,31.1,Departamento,4,7,Media,10,True,283.95,Moderado,212.96
2026-01-19,México,Guadalajara,19.0,Casa,1,15,Alta,15,False,363.93,Moderado,272.95
2026-07-01,México,Ciudad de México,17.4,Casa,4,12,Alta,10,True,479.93,Ineficiente,359.95
2026-04-04,México,Tijuana,17.4,Casa,7,23,Media,5,False,324.43,Moderado,243.32
2026-03-30,México,Tijuana,16.6,Casa,3,11,Alta,15,True,425.42,Moderado,319.06
2026-01-27,México,Ciudad de México,12.5,Casa,5,13,Media,10,True,361.37,Moderado,271.03
2026-05-25,Colombia,Medellín,21.9,Casa,5,11,Alta,13,False,542.98,Ineficiente,407.24
2026-06-27,Perú,Lima,19.5,Casa,2,9,Media,7,True,142.29,Eficiente,106.72
2026-10-20,Colombia,Barranquilla,28.0,Casa,7,19,Media,9,True,455.45,Ineficiente,341.59
2026-01-24,Colombia,Medellín,22.6,Casa,6,8,Media,9,True,280.24,Moderado,210.18
2026-12-31,México,Tijuana,15.1,Casa,1,10,Media,9,True,259.73,Moderado,194.8
2026-05-01,Perú,Arequipa,14.7,Departamento,1,6,Baja,2,False,85.81,Eficiente,64.36
2026-12-30,Perú,Cusco,13.3,Casa,5,13,Baja,6,True,164.04,Eficiente,123.03
2026-03-07,Perú,Arequipa,17.0,Departamento,3,7,Alta,9,False,169.07,Eficiente,126.8
2026-06-30,Colombia,Bucaramanga,22.6,Casa,6,9,Baja,2,True,308.82,Moderado,231.62
2026-06-17,Colombia,Bucaramanga,21.5,Departamento,1,10,Baja,1,False,139.91,Eficiente,104.93
2026-01-30,México,Guadalajara,18.2,Casa,5,22,Media,10,True,555.07,Ineficiente,416.3
2026-10-15,México,Tijuana,21.8,Departamento,2,3,Media,10,False,199.24,Eficiente,149.43
2026-10-10,México,Mérida,28.9,Local,5,22,Baja,3,True,560.36,Ineficiente,420.27
2026-05-09,México,Tijuana,18.1,Local,2,12,Media,6,False,618.3,Ineficiente,463.72
2026-05-25,México,Guadalajara,25.7,Departamento,3,7,Alta,9,True,266.4,Moderado,199.8
2026-06-07,Perú,Piura,24.5,Local,8,30,Baja,1,True,1043.56,Ineficiente,782.67
2026-01-25,México,Mérida,23.5,Casa,1,20,Media,4,True,288.1,Moderado,216.08
2026-07-29,México,Monterrey,32.8,Departamento,1,6,Media,4,True,170.82,Eficiente,128.12
2026-04-02,Perú,Arequipa,16.1,Departamento,3,13,Alta,12,True,243.15,Eficiente,182.36
2026-05-06,Colombia,Bogotá,14.2,Casa,1,7,Baja,4,True,230.03,Eficiente,172.52
2026-07-04,México,Monterrey,32.7,Casa,8,8,Alta,13,True,375.45,Moderado,281.59
2026-08-12,Perú,Arequipa,13.5,Departamento,2,7,Alta,8,True,194.73,Eficiente,146.05
2026-02-07,México,Tijuana,15.6,Casa,10,11,Media,7,False,318.19,Moderado,238.64
2026-11-24,México,Guadalajara,21.2,Local,3,20,Baja,2,False,426.14,Moderado,319.6
2026-06-22,Perú,Piura,24.5,Casa,4,6,Media,7,True,175.69,Eficiente,131.77
2026-02-18,México,Guadalajara,20.0,Casa,4,13,Media,8,False,293.78,Moderado,220.33
2026-09-17,Colombia,Barranquilla,28.7,Local,5,20,Baja,5,False,766.7,Ineficiente,575.03
2026-06-30,Colombia,Barranquilla,29.3,Casa,5,6,Media,9,True,424.2,Moderado,318.15
2026-12-01,Colombia,Barranquilla,28.3,Casa,4,13,Alta,10,False,351.77,Moderado,263.83
2026-06-14,Colombia,Cali,23.9,Casa,7,16,Media,6,True,405.01,Moderado,303.76
2026-11-25,Colombia,Bogotá,14.8,Local,20,14,Baja,2,True,670.2,Ineficiente,502.65
2026-01-27,México,Guadalajara,18.3,Casa,2,10,Media,7,False,277.36,Moderado,208.02
2026-04-21,Colombia,Barranquilla,29.9,Casa,2,13,Baja,1,True,199.33,Eficiente,149.5
2026-10-15,México,Mérida,28.4,Casa,6,16,Alta,14,True,582.49,Ineficiente,436.87
2026-12-09,México,Mérida,25.3,Departamento,2,4,Media,10,True,200.84,Eficiente,150.63
2026-08-08,México,Guadalajara,24.0,Local,15,16,Alta,13,True,1210.01,Ineficiente,907.51
2026-06-01,Colombia,Bucaramanga,21.9,Departamento,4,11,Media,10,False,180.36,Eficiente,135.27
2026-03-19,México,Guadalajara,21.2,Local,10,23,Baja,4,True,683.29,Ineficiente,512.47
2026-05-26,Colombia,Bucaramanga,23.2,Casa,4,21,Alta,11,True,503.0,Ineficiente,377.25
2026-05-17,Colombia,Barranquilla,29.4,Casa,5,9,Baja,1,False,289.02,Moderado,216.76
2026-04-22,México,Mérida,28.4,Local,3,21,Alta,12,True,543.13,Ineficiente,407.35
2026-05-30,México,Mérida,29.4,Casa,1,22,Alta,15,True,518.26,Ineficiente,388.7
2026-07-31,México,Mérida,31.3,Departamento,3,12,Baja,4,True,166.1,Eficiente,124.57
2026-11-05,Colombia,Barranquilla,29.6,Casa,6,20,Media,10,False,439.84,Moderado,329.88
2026-09-03,Colombia,Cali,22.3,Casa,4,7,Baja,4,True,142.52,Eficiente,106.89
2026-03-04,México,Monterrey,22.1,Departamento,5,12,Media,6,False,272.73,Moderado,204.55
2026-07-18,México,Ciudad de México,17.8,Departamento,2,7,Media,9,True,183.08,Eficiente,137.31
2026-10-14,México,Tijuana,21.0,Casa,4,9,Media,8,True,249.07,Eficiente,186.8
2026-12-23,Colombia,Bogotá,14.5,Departamento,6,7,Media,9,True,295.0,Moderado,221.25
2026-03-25,México,Ciudad de México,17.0,Departamento,4,10,Baja,6,True,181.81,Eficiente,136.36
2026-08-25,México,Tijuana,24.3,Casa,5,18,Baja,2,False,269.76,Moderado,202.32
2026-04-13,México,Guadalajara,23.8,Local,15,19,Media,4,True,1125.64,Ineficiente,844.23
2026-03-15,Perú,Piura,28.9,Departamento,1,8,Alta,10,True,289.38,Moderado,217.04
2026-04-04,México,Tijuana,16.5,Local,8,15,Media,4,True,428.42,Moderado,321.32
2026-02-11,México,Guadalajara,19.1,Departamento,3,11,Alta,12,True,266.61,Moderado,199.96
2026-09-11,Colombia,Medellín,20.7,Casa,8,9,Alta,15,True,503.56,Ineficiente,377.67
2026-12-30,México,Mérida,24.7,Casa,3,6,Media,9,True,330.95,Moderado,248.21
2026-04-28,Colombia,Bucaramanga,23.5,Departamento,1,9,Alta,8,True,243.17,Eficiente,182.38
2026-08-14,Colombia,Cali,22.6,Local,3,20,Media,9,True,774.77,Ineficiente,581.08
2026-11-02,México,Ciudad de México,14.9,Casa,5,12,Baja,4,True,225.67,Eficiente,169.25
2026-01-25,México,Monterrey,15.6,Departamento,3,8,Alta,11,True,310.4,Moderado,232.8
2026-07-03,Perú,Piura,23.4,Casa,7,16,Baja,6,True,281.51,Moderado,211.13
2026-03-27,Colombia,Barranquilla,28.6,Casa,1,6,Media,4,False,187.69,Eficiente,140.77
2026-04-05,México,Monterrey,26.7,Casa,3,14,Media,8,True,332.95,Moderado,249.71
2026-05-08,Colombia,Cali,23.3,Casa,3,20,Alta,13,True,427.72,Moderado,320.79
2026-08-25,México,Ciudad de México,17.7,Departamento,2,9,Media,4,False,117.88,Eficiente,88.41
2026-07-17,México,Ciudad de México,18.3,Casa,8,22,Media,6,True,377.14,Moderado,282.86
2026-12-02,Colombia,Bucaramanga,23.2,Local,2,25,Baja,2,True,392.28,Moderado,294.21
2026-09-14,Colombia,Bucaramanga,22.4,Casa,5,7,Baja,6,False,194.01,Eficiente,145.51
2026-12-13,Perú,Puno,12.8,Casa,4,21,Baja,1,False,301.86,Moderado,226.4
2026-12-29,Perú,Arequipa,16.0,Casa,4,8,Baja,4,True,249.62,Eficiente,187.22
2026-05-30,Colombia,Medellín,22.6,Casa,1,13,Media,9,False,240.65,Eficiente,180.49
2026-09-02,Colombia,Medellín,21.1,Local,10,28,Baja,5,True,703.95,Ineficiente,527.96
2026-01-07,Perú,Piura,27.1,Casa,5,11,Alta,10,False,321.47,Moderado,241.1
2026-11-20,México,Ciudad de México,15.0,Casa,3,10,Baja,6,True,248.29,Eficiente,186.22
2026-03-27,Perú,Lima,27.0,Casa,6,18,Media,10,True,531.31,Ineficiente,398.48
2026-02-06,México,Monterrey,19.0,Casa,3,8,Media,10,True,195.54,Eficiente,146.66
2026-04-01,Perú,Arequipa,16.7,Casa,8,12,Media,7,True,561.3,Ineficiente,420.98
2026-06-07,México,Monterrey,31.4,Departamento,3,9,Baja,2,False,129.81,Eficiente,97.36
2026-03-26,México,Guadalajara,22.8,Departamento,2,5,Alta,13,True,228.17,Eficiente,171.13
2026-03-04,Perú,Cusco,13.5,Casa,2,13,Baja,1,True,245.93,Eficiente,184.45
2026-08-04,Colombia,Bucaramanga,21.9,Casa,8,5,Media,9,False,260.05,Moderado,195.04
2026-11-17,México,Guadalajara,21.2,Departamento,1,11,Alta,11,True,152.21,Eficiente,114.16
2026-02-07,Colombia,Cali,23.1,Local,8,17,Baja,1,True,621.67,Ineficiente,466.25
2026-07-01,México,Monterrey,32.8,Casa,4,9,Alta,9,False,535.08,Ineficiente,401.31
2026-10-25,Colombia,Barranquilla,28.7,Departamento,2,4,Alta,15,True,253.29,Moderado,189.97
2026-03-18,Perú,Lima,27.0,Casa,5,11,Media,10,True,304.74,Moderado,228.56
2026-10-13,México,Guadalajara,23.3,Casa,3,11,Alta,11,True,434.27,Moderado,325.7
2026-11-07,Colombia,Bogotá,13.0,Casa,5,23,Baja,6,False,340.97,Moderado,255.73
2026-09-16,México,Guadalajara,24.6,Casa,6,21,Alta,8,True,521.7,Ineficiente,391.28
2026-02-25,Perú,Lima,27.8,Local,15,14,Media,7,True,1008.34,Ineficiente,756.26
2026-02-15,México,Mérida,25.5,Departamento,1,13,Media,8,False,144.18,Eficiente,108.14
2026-07-05,Colombia,Medellín,20.3,Casa,4,10,Alta,12,True,498.74,Ineficiente,374.06
2026-12-12,Perú,Cusco,13.5,Local,15,19,Media,6,False,1312.0,Ineficiente,984.0
2026-06-08,México,Mérida,31.1,Departamento,3,10,Media,7,True,281.86,Moderado,211.4
2026-09-03,Colombia,Barranquilla,28.5,Casa,6,12,Media,10,True,543.49,Ineficiente,407.62
2026-07-05,Perú,Piura,22.3,Casa,4,18,Baja,5,True,345.04,Moderado,258.78
2026-01-15,Colombia,Cali,24.6,Casa,6,18,Alta,14,True,620.53,Ineficiente,465.4
2026-02-21,Colombia,Cali,24.8,Casa,2,14,Baja,3,False,199.63,Eficiente,149.72
2026-01-26,México,Mérida,23.3,Departamento,3,8,Baja,2,False,173.32,Eficiente,129.99
2026-03-12,Colombia,Barranquilla,28.8,Departamento,3,5,Alta,14,True,308.68,Moderado,231.51
2026-08-17,Perú,Puno,8.5,Departamento,5,7,Media,10,False,314.27,Moderado,235.7
2026-01-07,México,Tijuana,13.1,Local,2,23,Media,6,False,918.73,Ineficiente,689.05
2026-01-21,Colombia,Bucaramanga,24.0,Casa,8,17,Alta,11,True,543.62,Ineficiente,407.72
2026-09-30,México,Tijuana,23.9,Departamento,4,9,Media,6,True,210.54,Eficiente,157.9
2026-04-01,México,Guadalajara,24.9,Departamento,4,10,Baja,3,True,119.01,Eficiente,89.26
2026-11-10,Perú,Cusco,13.0,Casa,4,18,Baja,4,True,383.18,Moderado,287.38
2026-06-07,México,Tijuana,21.8,Local,8,22,Media,4,True,683.47,Ineficiente,512.6
2026-12-22,Colombia,Medellín,22.7,Casa,2,16,Media,8,False,247.45,Eficiente,185.59
2026-05-22,Colombia,Barranquilla,28.3,Casa,5,11,Media,7,True,316.53,Moderado,237.4
2026-06-10,Colombia,Bucaramanga,21.4,Casa,3,7,Media,4,False,172.84,Eficiente,129.63
2026-07-05,México,Monterrey,32.7,Departamento,5,6,Media,7,True,246.13,Eficiente,184.6
2026-11-17,Colombia,Bucaramanga,23.9,Casa,4,10,Alta,9,True,218.5,Eficiente,163.88
2026-12-26,México,Monterrey,15.2,Local,10,13,Media,7,True,746.38,Ineficiente,559.78
2026-07-08,México,Tijuana,22.2,Casa,5,8,Media,9,True,289.78,Moderado,217.33
2026-02-07,México,Ciudad de México,14.4,Departamento,5,7,Alta,14,True,385.15,Moderado,288.86
2026-06-27,Perú,Puno,8.3,Casa,5,11,Baja,5,False,285.27,Moderado,213.95
2026-01-15,México,Ciudad de México,12.8,Departamento,2,5,Media,9,True,179.75,Eficiente,134.81
2026-08-26,Colombia,Cali,23.5,Local,3,12,Media,8,True,601.51,Ineficiente,451.13
2026-10-11,Perú,Lima,20.3,Casa,3,16,Baja,5,True,313.09,Moderado,234.82
2026-09-05,México,Tijuana,23.8,Casa,3,20,Media,6,True,239.39,Eficiente,179.54
2026-10-21,México,Monterrey,25.4,Casa,5,16,Media,9,True,522.73,Ineficiente,392.05
2026-02-18,México,Mérida,24.5,Departamento,3,9,Alta,8,True,235.81,Eficiente,176.86
2026-11-30,Colombia,Cali,24.8,Casa,3,13,Alta,12,False,321.84,Moderado,241.38
2026-02-02,México,Mérida,24.2,Local,10,15,Media,7,True,701.08,Ineficiente,525.81
2026-05-18,Colombia,Medellín,22.3,Departamento,2,9,Media,4,True,249.96,Eficiente,187.47
2026-03-22,México,Ciudad de México,16.5,Casa,7,13,Baja,4,False,212.17,Eficiente,159.13
2026-07-31,México,Monterrey,32.0,Casa,7,10,Baja,3,True,235.93,Eficiente,176.95
2026-12-05,México,Guadalajara,19.7,Local,5,21,Media,10,True,897.52,Ineficiente,673.14
2026-02-24,México,Mérida,25.0,Departamento,3,13,Alta,10,True,203.24,Eficiente,152.43
2026-08-31,Colombia,Bucaramanga,21.8,Departamento,5,10,Baja,4,True,173.35,Eficiente,130.01
2026-09-23,Colombia,Barranquilla,29.5,Departamento,3,7,Baja,1,True,185.4,Eficiente,139.05
2026-07-17,Colombia,Bogotá,12.2,Departamento,3,8,Alta,12,False,257.7,Moderado,193.27
2026-07-06,Colombia,Bogotá,13.0,Departamento,2,6,Media,4,True,230.31,Eficiente,172.73
2026-10-12,México,Mérida,29.5,Casa,6,10,Alta,10,True,451.89,Ineficiente,338.92
2026-04-24,Perú,Puno,10.7,Departamento,2,7,Baja,2,False,114.75,Eficiente,86.06
2026-12-28,Colombia,Barranquilla,28.6,Departamento,4,8,Baja,5,False,254.65,Moderado,190.99
2026-08-05,México,Monterrey,31.4,Casa,5,16,Media,9,True,421.9,Moderado,316.42
2026-07-16,México,Tijuana,22.8,Departamento,2,12,Baja,3,True,142.33,Eficiente,106.75
2026-08-26,Perú,Piura,22.8,Departamento,4,14,Baja,5,False,171.46,Eficiente,128.6
2026-03-01,Perú,Cusco,13.9,Casa,8,8,Alta,10,True,490.31,Ineficiente,367.73
2026-03-04,Perú,Cusco,14.1,Departamento,5,7,Media,8,True,240.35,Eficiente,180.26
2026-01-16,México,Tijuana,14.2,Departamento,3,4,Alta,12,False,330.19,Moderado,247.64
2026-09-22,México,Guadalajara,23.5,Casa,3,10,Baja,3,True,217.8,Eficiente,163.35
2026-11-07,Colombia,Bogotá,13.3,Local,3,29,Baja,1,True,585.14,Ineficiente,438.86
2026-12-27,México,Ciudad de México,14.8,Departamento,2,6,Media,6,True,136.7,Eficiente,102.52
2026-05-17,México,Monterrey,28.5,Casa,8,10,Alta,13,True,518.33,Ineficiente,388.75
2026-09-04,Colombia,Bucaramanga,21.5,Casa,3,24,Media,8,True,359.08,Moderado,269.31
2026-09-01,México,Ciudad de México,17.1,Casa,3,16,Baja,4,False,267.48,Moderado,200.61
2026-04-14,Colombia,Bogotá,13.6,Local,5,18,Alta,13,True,948.7,Ineficiente,711.53
2026-11-05,México,Ciudad de México,14.3,Departamento,5,7,Alta,11,False,259.37,Moderado,194.53
2026-02-15,Colombia,Bogotá,14.3,Local,10,21,Media,7,True,707.87,Ineficiente,530.9
2026-09-15,Colombia,Medellín,21.8,Casa,1,15,Media,7,True,243.1,Eficiente,182.32
2026-06-26,México,Tijuana,21.7,Casa,3,6,Alta,10,True,238.52,Eficiente,178.89
2026-04-06,Perú,Puno,11.6,Departamento,4,9,Alta,11,True,422.22,Moderado,316.67
2026-03-10,México,Mérida,27.6,Casa,1,7,Media,6,False,244.39,Eficiente,183.29
2026-08-23,México,Tijuana,24.2,Local,5,25,Alta,15,True,1059.31,Ineficiente,794.48
2026-01-07,México,Monterrey,14.5,Local,3,28,Media,5,True,716.69,Ineficiente,537.52
2026-09-23,Colombia,Bucaramanga,21.6,Departamento,3,9,Media,10,True,288.31,Moderado,216.23
2026-02-04,México,Guadalajara,19.4,Casa,4,20,Media,9,True,366.56,Moderado,274.92
2026-02-22,Perú,Puno,11.3,Casa,5,16,Baja,5,True,367.39,Moderado,275.54
2026-06-01,México,Monterrey,30.5,Departamento,4,11,Baja,5,True,178.62,Eficiente,133.96
2026-01-18,Perú,Puno,11.6,Casa,5,15,Alta,11,True,579.41,Ineficiente,434.56
2026-01-17,Perú,Piura,28.9,Local,2,15,Alta,12,True,1313.51,Ineficiente,985.13
2026-12-01,Perú,Cusco,14.5,Local,5,17,Media,10,True,1093.9,Ineficiente,820.42
2026-12-18,Colombia,Bucaramanga,23.5,Local,1,11,Media,4,True,353.75,Moderado,265.31
2026-09-28,Perú,Arequipa,14.1,Departamento,1,10,Media,7,True,209.18,Eficiente,156.88
2026-01-06,México,Mérida,25.0,Casa,6,12,Media,4,False,201.31,Eficiente,150.98
2026-10-11,Perú,Arequipa,15.4,Casa,4,20,Media,5,True,317.05,Moderado,237.79
2026-12-21,Colombia,Cali,24.9,Casa,4,9,Alta,13,False,416.03,Moderado,312.02
2026-05-06,México,Ciudad de México,19.3,Casa,3,14,Baja,1,False,251.25,Moderado,188.44
2026-08-30,Perú,Puno,8.1,Casa,2,16,Media,9,True,386.46,Moderado,289.84
2026-02-04,Colombia,Cali,24.4,Departamento,3,7,Alta,12,True,258.55,Moderado,193.91
2026-08-14,Colombia,Bogotá,13.3,Casa,5,17,Alta,11,False,299.38,Moderado,224.54
2026-04-29,México,Mérida,28.5,Departamento,2,3,Alta,14,True,326.89,Moderado,245.17
2026-03-25,Perú,Arequipa,17.0,Casa,5,9,Alta,10,True,416.05,Moderado,312.04
2026-09-02,Perú,Lima,19.6,Casa,4,12,Alta,11,True,412.87,Moderado,309.65
2026-12-06,Colombia,Bucaramanga,22.4,Casa,6,18,Media,5,True,502.46,Ineficiente,376.84
2026-05-06,Colombia,Bogotá,13.1,Departamento,3,6,Alta,12,True,295.24,Moderado,221.43
2026-04-16,Perú,Cusco,12.8,Departamento,1,9,Media,8,False,119.71,Eficiente,89.78
2026-04-29,Perú,Cusco,12.4,Local,20,17,Media,4,False,1241.29,Ineficiente,930.97
2026-10-05,México,Monterrey,24.1,Departamento,1,11,Alta,14,True,192.38,Eficiente,144.28
2026-01-23,Colombia,Medellín,22.4,Departamento,3,8,Media,8,False,252.83,Moderado,189.62
2026-01-14,México,Guadalajara,19.6,Departamento,3,5,Media,5,True,141.4,Eficiente,106.05
2026-08-05,Perú,Cusco,11.2,Departamento,3,9,Media,10,True,199.08,Eficiente,149.31
2026-03-07,México,Mérida,27.7,Casa,4,10,Alta,15,True,437.34,Moderado,328.0
2026-11-17,Colombia,Bogotá,14.6,Casa,3,16,Baja,2,True,207.56,Eficiente,155.67
2026-09-29,Colombia,Barranquilla,29.6,Casa,3,12,Alta,14,True,532.45,Ineficiente,399.34
2026-02-10,Colombia,Bogotá,14.6,Departamento,4,6,Media,7,False,150.48,Eficiente,112.86
2026-07-06,Perú,Arequipa,13.6,Casa,3,11,Alta,15,True,500.11,Ineficiente,375.08
2026-11-12,Colombia,Bogotá,13.3,Casa,2,17,Baja,3,True,159.72,Eficiente,119.79
2026-10-14,Colombia,Bogotá,14.4,Departamento,2,6,Alta,13,False,141.34,Eficiente,106.0
2026-09-30,México,Monterrey,29.6,Casa,6,9,Media,6,False,284.68,Moderado,213.51
2026-09-17,Perú,Puno,10.6,Local,10,23,Baja,5,True,935.35,Ineficiente,701.51
2026-12-01,México,Tijuana,15.3,Casa,6,14,Baja,6,True,213.65,Eficiente,160.24
2026-12-04,Perú,Cusco,13.7,Casa,7,10,Baja,5,False,243.17,Eficiente,182.38
2026-05-17,México,Monterrey,29.5,Local,8,14,Media,9,True,1003.84,Ineficiente,752.88
2026-11-05,México,Ciudad de México,14.6,Departamento,5,12,Alta,14,True,223.61,Eficiente,167.71
2026-04-22,México,Monterrey,26.7,Casa,4,15,Baja,1,True,192.56,Eficiente,144.42
2026-10-26,Colombia,Bogotá,14.6,Departamento,5,13,Media,8,True,332.19,Moderado,249.14
2026-09-05,Perú,Puno,9.1,Departamento,1,6,Media,9,True,183.76,Eficiente,137.82
2026-08-10,Colombia,Cali,23.9,Departamento,3,10,Alta,13,True,304.66,Moderado,228.5
2026-10-28,Colombia,Medellín,21.3,Casa,1,18,Baja,3,True,219.13,Eficiente,164.35
2026-08-09,México,Mérida,30.2,Casa,8,18,Alta,10,True,534.16,Ineficiente,400.62
2026-06-15,Colombia,Barranquilla,29.7,Casa,2,10,Baja,5,True,307.08,Moderado,230.31
2026-03-13,México,Monterrey,22.6,Departamento,3,4,Media,7,False,178.23,Eficiente,133.67
2026-04-02,México,Ciudad de México,18.4,Casa,4,12,Baja,4,True,275.34,Moderado,206.5
2026-12-02,Colombia,Bogotá,14.2,Departamento,2,6,Alta,8,False,179.92,Eficiente,134.94
2026-05-12,México,Tijuana,18.9,Casa,5,14,Alta,12,True,325.1,Moderado,243.82
2026-05-28,Perú,Lima,21.2,Departamento,2,5,Media,8,False,134.46,Eficiente,100.84
2026-04-02,Colombia,Bogotá,13.5,Departamento,6,10,Media,5,True,327.82,Moderado,245.86
2026-04-13,México,Tijuana,17.2,Casa,4,7,Alta,14,False,383.92,Moderado,287.94
2026-08-27,Perú,Arequipa,14.1,Casa,7,12,Alta,13,False,665.17,Ineficiente,498.88
2026-05-11,México,Monterrey,28.8,Casa,6,9,Media,10,False,365.61,Moderado,274.21
2026-03-26,Colombia,Bogotá,13.2,Departamento,3,5,Baja,6,False,123.22,Eficiente,92.42
2026-05-06,Colombia,Bogotá,14.0,Local,3,19,Media,6,True,800.45,Ineficiente,600.34
2026-02-08,México,Ciudad de México,14.3,Departamento,1,12,Media,10,False,205.56,Eficiente,154.17
2026-10-23,México,Guadalajara,23.8,Casa,8,8,Media,9,True,359.79,Moderado,269.84
2026-06-09,Perú,Puno,8.3,Departamento,1,11,Media,9,True,215.75,Eficiente,161.81
2026-08-31,Perú,Arequipa,14.5,Departamento,2,6,Media,6,False,211.05,Eficiente,158.29
2026-10-06,México,Tijuana,21.1,Casa,5,10,Media,6,False,225.78,Eficiente,169.34
2026-01-01,México,Ciudad de México,13.7,Casa,2,6,Alta,13,True,367.91,Moderado,275.93
2026-07-09,Colombia,Cali,23.4,Departamento,3,11,Baja,5,True,245.88,Eficiente,184.41
2026-10-06,Perú,Piura,25.8,Local,10,22,Baja,4,True,397.43,Moderado,298.07
2026-05-29,México,Guadalajara,26.6,Casa,2,19,Media,7,True,461.45,Ineficiente,346.09
2026-02-04,Perú,Cusco,14.9,Departamento,3,15,Media,4,True,238.4,Eficiente,178.8
2026-09-12,México,Ciudad de México,17.7,Casa,4,14,Alta,8,True,352.19,Moderado,264.14
2026-01-31,Colombia,Cali,24.4,Departamento,2,10,Media,9,True,231.69,Eficiente,173.77
2026-03-22,México,Guadalajara,21.3,Local,10,19,Alta,8,True,1149.84,Ineficiente,862.38
2026-11-12,Perú,Piura,26.1,Casa,2,11,Alta,14,True,321.72,Moderado,241.29
2026-10-15,México,Ciudad de México,16.1,Departamento,3,8,Baja,3,True,125.09,Eficiente,93.82
2026-04-03,Colombia,Medellín,21.0,Local,5,17,Alta,8,False,883.99,Ineficiente,662.99
2026-01-19,México,Tijuana,13.8,Departamento,3,13,Media,8,False,249.89,Eficiente,187.42
2026-09-28,México,Monterrey,29.0,Casa,8,8,Media,10,True,372.84,Moderado,279.63
2026-10-31,Colombia,Bucaramanga,23.5,Casa,3,15,Baja,1,True,130.36,Eficiente,97.77
2026-02-26,México,Ciudad de México,14.7,Departamento,3,14,Media,5,True,251.9,Moderado,188.92
2026-02-22,Perú,Puno,12.9,Departamento,3,5,Alta,8,True,225.25,Eficiente,168.94
2026-08-31,Colombia,Barranquilla,28.6,Departamento,3,6,Baja,2,False,154.57,Eficiente,115.93
2026-07-27,Perú,Arequipa,13.4,Casa,3,16,Alta,12,True,265.9,Moderado,199.42
2026-08-10,Colombia,Bucaramanga,22.2,Departamento,3,9,Media,8,False,194.74,Eficiente,146.06
2026-11-28,México,Mérida,26.8,Casa,3,8,Media,5,False,213.62,Eficiente,160.22
2026-06-12,México,Guadalajara,24.2,Casa,6,11,Media,10,False,299.9,Moderado,224.92
2026-03-01,México,Guadalajara,21.2,Casa,4,19,Baja,1,True,361.55,Moderado,271.16
2026-04-24,Colombia,Bucaramanga,22.4,Departamento,5,7,Alta,10,False,318.15,Moderado,238.61
2026-05-18,Colombia,Cali,23.1,Departamento,2,8,Media,6,True,195.59,Eficiente,146.69
2026-02-06,México,Tijuana,14.5,Departamento,1,10,Baja,1,False,139.06,Eficiente,104.3
2026-07-28,Perú,Piura,23.7,Casa,3,13,Media,6,True,386.78,Moderado,290.08
2026-07-07,Perú,Puno,8.2,Local,15,19,Media,7,False,1204.86,Ineficiente,903.64
2026-06-05,México,Monterrey,31.4,Departamento,3,10,Media,4,True,253.8,Moderado,190.35
2026-04-22,México,Ciudad de México,18.7,Local,5,15,Baja,3,True,585.15,Ineficiente,438.86
2026-05-19,México,Guadalajara,26.7,Departamento,3,8,Alta,12,True,213.43,Eficiente,160.07
2026-12-05,México,Guadalajara,19.0,Departamento,2,11,Baja,1,True,143.81,Eficiente,107.86
2026-05-12,Colombia,Bogotá,13.2,Departamento,5,6,Media,5,True,172.49,Eficiente,129.37
2026-06-28,México,Guadalajara,24.7,Departamento,2,5,Media,9,False,177.78,Eficiente,133.34
2026-04-10,Colombia,Cali,23.5,Casa,7,19,Alta,8,True,700.98,Ineficiente,525.74
2026-03-30,Colombia,Medellín,21.7,Casa,3,14,Baja,5,True,218.18,Eficiente,163.64
2026-03-28,México,Ciudad de México,16.4,Casa,5,14,Media,5,True,296.49,Moderado,222.37
2026-10-22,Colombia,Medellín,21.5,Departamento,5,7,Baja,2,True,191.52,Eficiente,143.64
2026-03-04,Colombia,Barranquilla,28.1,Casa,3,10,Baja,2,False,274.87,Moderado,206.15
2026-06-01,Perú,Cusco,11.1,Casa,5,14,Baja,3,False,304.03,Moderado,228.02
2026-02-23,Perú,Cusco,13.4,Local,8,25,Media,5,True,553.81,Ineficiente,415.36
2026-06-03,Perú,Cusco,10.7,Casa,3,17,Baja,1,False,324.45,Moderado,243.34
2026-03-27,Colombia,Medellín,22.1,Departamento,2,4,Media,10,True,146.54,Eficiente,109.9
2026-12-06,México,Mérida,24.4,Casa,3,9,Baja,4,False,218.99,Eficiente,164.24
2026-07-04,Perú,Lima,17.4,Departamento,3,7,Media,10,True,213.78,Eficiente,160.34
2026-11-25,Colombia,Bogotá,14.4,Casa,7,14,Alta,14,True,577.18,Ineficiente,432.88
2026-02-04,México,Ciudad de México,13.4,Casa,10,10,Alta,15,True,688.92,Ineficiente,516.69
2026-09-01,Perú,Cusco,12.2,Departamento,3,12,Alta,9,False,213.36,Eficiente,160.02
2026-07-27,Colombia,Medellín,20.6,Casa,3,6,Media,8,True,314.18,Moderado,235.64
2026-12-05,México,Tijuana,15.2,Local,5,14,Baja,1,True,599.02,Ineficiente,449.26
2026-03-13,México,Ciudad de México,15.1,Casa,2,10,Media,5,True,210.02,Eficiente,157.52
2026-04-01,Colombia,Bogotá,13.3,Departamento,5,7,Alta,13,False,264.16,Moderado,198.12
2026-12-12,México,Guadalajara,19.2,Departamento,4,9,Baja,5,False,220.6,Eficiente,165.45
2026-07-08,Perú,Arequipa,12.4,Local,15,33,Media,4,True,1160.93,Ineficiente,870.7
2026-07-13,Perú,Piura,24.0,Local,5,35,Media,6,False,791.99,Ineficiente,593.99
2026-03-24,Colombia,Medellín,21.4,Casa,4,9,Media,6,False,189.47,Eficiente,142.1
2026-02-08,Perú,Arequipa,16.6,Departamento,4,8,Alta,9,False,376.96,Moderado,282.72
2026-09-28,Perú,Piura,23.2,Casa,7,7,Baja,2,True,287.07,Moderado,215.3
2026-02-23,México,Tijuana,15.5,Casa,3,15,Alta,9,False,444.61,Moderado,333.46
2026-03-14,Colombia,Cali,24.1,Casa,5,13,Baja,1,False,265.52,Moderado,199.14
2026-03-14,Perú,Piura,28.0,Departamento,6,9,Alta,12,True,215.72,Eficiente,161.79
2026-06-07,Perú,Piura,23.4,Departamento,2,9,Media,9,False,219.44,Eficiente,164.58
2026-10-13,Perú,Lima,20.9,Casa,5,11,Media,8,True,359.29,Moderado,269.47
2026-08-23,México,Guadalajara,24.8,Casa,7,21,Media,4,True,390.45,Moderado,292.84
2026-04-29,Colombia,Bucaramanga,23.1,Departamento,4,8,Alta,15,False,419.39,Moderado,314.54
2026-10-05,México,Guadalajara,23.2,Departamento,2,11,Baja,3,True,178.96,Eficiente,134.22
2026-10-15,Perú,Lima,20.8,Local,5,14,Media,8,True,876.81,Ineficiente,657.61
2026-11-13,Colombia,Bucaramanga,22.3,Departamento,2,14,Media,5,True,221.42,Eficiente,166.06
2026-02-13,Perú,Piura,28.7,Local,20,24,Media,4,True,1242.71,Ineficiente,932.03
2026-06-07,México,Guadalajara,24.4,Local,15,12,Alta,13,True,649.79,Ineficiente,487.34
2026-11-30,Colombia,Bucaramanga,22.9,Departamento,1,10,Media,4,True,197.87,Eficiente,148.4
2026-11-11,Colombia,Barranquilla,28.5,Casa,1,12,Media,6,True,309.95,Moderado,232.46
2026-02-25,México,Monterrey,18.7,Local,5,24,Media,9,False,776.11,Ineficiente,582.08
2026-10-19,México,Ciudad de México,16.6,Departamento,2,10,Baja,5,False,118.88,Eficiente,89.16
2026-12-12,Perú,Arequipa,17.8,Casa,5,8,Baja,3,True,196.1,Eficiente,147.07
2026-11-13,Colombia,Cali,24.5,Casa,5,12,Media,7,False,316.84,Moderado,237.63
2026-01-21,México,Mérida,24.1,Casa,3,20,Media,5,True,262.03,Moderado,196.52
2026-07-09,Colombia,Bogotá,13.0,Casa,5,7,Media,6,True,254.6,Moderado,190.95
2026-01-05,México,Mérida,24.2,Casa,2,7,Baja,1,True,178.3,Eficiente,133.73
2026-10-23,México,Monterrey,25.2,Casa,8,10,Media,4,True,363.97,Moderado,272.98
2026-04-29,Perú,Piura,27.5,Casa,4,17,Media,5,False,247.9,Eficiente,185.92
2026-09-01,México,Tijuana,22.6,Casa,1,10,Alta,8,True,367.54,Moderado,275.66
2026-05-21,México,Guadalajara,25.8,Local,15,13,Baja,4,True,994.34,Ineficiente,745.76
2026-09-15,México,Ciudad de México,18.0,Local,2,19,Media,6,True,502.67,Ineficiente,377.0
2026-02-21,Colombia,Bogotá,14.1,Local,15,19,Baja,6,True,1046.63,Ineficiente,784.97
2026-08-16,Perú,Arequipa,14.6,Local,15,14,Baja,1,True,632.23,Ineficiente,474.17
2026-03-22,México,Mérida,26.6,Casa,5,14,Media,9,True,391.28,Moderado,293.46
2026-12-19,Colombia,Barranquilla,28.6,Casa,5,11,Baja,3,False,192.32,Eficiente,144.24
2026-04-24,México,Mérida,30.0,Casa,5,13,Baja,2,True,221.99,Eficiente,166.49
2026-03-01,Colombia,Medellín,21.9,Casa,4,7,Alta,9,False,365.7,Moderado,274.27
2026-12-15,México,Ciudad de México,14.2,Departamento,4,6,Media,8,True,222.64,Eficiente,166.98
2026-08-03,Colombia,Bucaramanga,21.9,Casa,4,12,Baja,6,True,241.4,Eficiente,181.05
2026-04-07,México,Mérida,29.3,Local,8,21,Media,10,True,979.05,Ineficiente,734.29
2026-06-10,México,Guadalajara,25.5,Casa,7,10,Media,9,False,223.55,Eficiente,167.66
2026-03-02,Colombia,Medellín,21.0,Departamento,3,10,Alta,10,False,406.61,Moderado,304.96
2026-12-29,México,Tijuana,15.9,Casa,4,8,Alta,15,True,392.57,Moderado,294.43
2026-06-21,México,Guadalajara,25.6,Departamento,2,5,Alta,8,True,307.69,Moderado,230.77
2026-05-17,México,Tijuana,18.0,Casa,8,15,Media,10,True,486.87,Ineficiente,365.15
2026-01-19,Colombia,Medellín,22.9,Departamento,3,13,Baja,4,True,213.16,Eficiente,159.87
2026-10-01,Perú,Puno,10.6,Casa,3,12,Alta,8,True,561.29,Ineficiente,420.97
2026-01-17,Colombia,Medellín,23.0,Casa,4,21,Media,5,False,218.65,Eficiente,163.99
2026-06-30,Perú,Arequipa,14.0,Departamento,6,13,Alta,13,True,256.43,Moderado,192.32
2026-03-01,Perú,Piura,29.3,Departamento,3,6,Alta,9,False,213.76,Eficiente,160.32
2026-01-02,México,Mérida,23.2,Casa,5,10,Alta,14,True,409.57,Moderado,307.18
2026-05-29,Perú,Lima,21.1,Casa,4,10,Media,5,True,364.83,Moderado,273.62
2026-10-23,México,Mérida,28.8,Departamento,4,11,Media,5,True,341.16,Moderado,255.87
2026-12-22,México,Guadalajara,19.5,Casa,3,14,Baja,4,True,216.96,Eficiente,162.72
2026-10-02,México,Ciudad de México,16.2,Casa,4,11,Media,4,True,288.35,Moderado,216.26
2026-04-09,Colombia,Bogotá,14.5,Departamento,4,8,Baja,6,False,175.0,Eficiente,131.25
2026-09-23,Perú,Puno,9.3,Casa,6,11,Baja,1,False,229.48,Eficiente,172.11
2026-10-09,Colombia,Bogotá,13.1,Casa,7,15,Alta,13,True,398.91,Moderado,299.18
2026-12-18,Colombia,Medellín,22.8,Casa,2,9,Baja,6,True,199.08,Eficiente,149.31
2026-09-10,México,Guadalajara,23.3,Casa,3,12,Media,9,True,426.59,Moderado,319.94
2026-03-15,Perú,Arequipa,17.8,Departamento,2,6,Baja,4,True,221.6,Eficiente,166.2
2026-04-13,México,Monterrey,25.2,Casa,4,12,Baja,6,True,170.53,Eficiente,127.9
2026-12-10,Colombia,Barranquilla,28.6,Departamento,4,8,Baja,2,True,232.23,Eficiente,174.17
2026-04-10,México,Mérida,28.1,Casa,6,9,Media,8,False,312.1,Moderado,234.08
2026-08-28,México,Tijuana,24.5,Departamento,3,6,Alta,15,True,239.08,Eficiente,179.31
2026-02-12,Perú,Puno,12.6,Departamento,3,9,Media,5,True,257.42,Moderado,193.06
2026-05-05,Perú,Puno,9.5,Departamento,1,13,Alta,11,False,194.5,Eficiente,145.88
2026-05-14,Perú,Puno,10.9,Casa,6,13,Baja,4,False,253.47,Moderado,190.1
2026-05-04,Perú,Cusco,12.5,Casa,4,19,Media,10,False,400.81,Moderado,300.61
2026-08-27,Perú,Arequipa,14.4,Local,3,20,Media,4,False,877.98,Ineficiente,658.48
2026-03-26,México,Tijuana,16.7,Departamento,4,9,Media,4,True,232.51,Eficiente,174.38
2026-12-20,México,Monterrey,16.5,Casa,5,13,Media,7,False,380.68,Moderado,285.51
2026-01-20,México,Guadalajara,19.2,Local,2,26,Alta,8,True,852.27,Ineficiente,639.2
2026-06-26,Perú,Arequipa,14.3,Casa,1,11,Media,5,True,233.22,Eficiente,174.92
2026-01-14,México,Mérida,23.4,Casa,6,22,Media,7,False,392.56,Moderado,294.42
2026-03-09,Colombia,Barranquilla,29.4,Casa,5,12,Baja,4,False,195.52,Eficiente,146.64
2026-04-03,Perú,Piura,28.1,Casa,6,17,Alta,11,True,718.7,Ineficiente,539.03
2026-08-08,México,Guadalajara,23.4,Departamento,3,13,Alta,9,True,264.81,Moderado,198.61
2026-08-07,México,Ciudad de México,18.7,Casa,3,5,Alta,13,True,282.84,Moderado,212.13
2026-06-03,México,Guadalajara,25.1,Casa,5,13,Media,7,False,257.4,Moderado,193.05
2026-04-17,Perú,Arequipa,15.6,Local,5,14,Media,9,True,557.36,Ineficiente,418.02
2026-09-19,México,Guadalajara,24.6,Casa,3,10,Media,6,True,259.0,Moderado,194.25
2026-04-02,Colombia,Bogotá,14.2,Departamento,3,10,Alta,8,False,329.5,Moderado,247.12
2026-05-29,Colombia,Medellín,21.7,Casa,5,19,Media,4,True,402.08,Moderado,301.56
2026-08-06,México,Tijuana,23.3,Local,1,18,Media,8,True,441.24,Moderado,330.93
2026-05-25,Colombia,Cali,23.8,Departamento,6,5,Media,7,True,280.93,Moderado,210.7
2026-03-05,Colombia,Bogotá,14.3,Casa,4,11,Alta,12,False,377.97,Moderado,283.48
2026-05-10,México,Tijuana,18.3,Casa,5,16,Baja,3,True,175.43,Eficiente,131.57
2026-07-13,Perú,Arequipa,12.1,Casa,5,9,Alta,15,True,475.04,Ineficiente,356.28
2026-10-06,México,Tijuana,21.1,Departamento,3,12,Baja,1,False,149.71,Eficiente,112.28
2026-12-27,Colombia,Cali,23.9,Casa,3,23,Media,10,False,541.92,Ineficiente,406.44
2026-04-15,México,Tijuana,16.3,Departamento,3,8,Media,7,True,220.22,Eficiente,165.16
2026-12-30,México,Tijuana,14.7,Casa,4,7,Alta,11,True,368.68,Moderado,276.51
2026-02-28,Colombia,Bucaramanga,23.4,Casa,3,14,Baja,6,True,262.13,Moderado,196.6
2026-12-27,México,Monterrey,16.3,Local,10,23,Media,7,True,845.95,Ineficiente,634.46
2026-12-15,México,Mérida,24.5,Casa,2,14,Media,9,False,260.54,Moderado,195.41
2026-01-06,México,Monterrey,14.7,Local,2,13,Media,10,True,667.07,Ineficiente,500.3
2026-07-12,Colombia,Barranquilla,28.3,Casa,3,15,Media,10,True,434.95,Moderado,326.21
2026-10-24,México,Ciudad de México,17.3,Casa,3,16,Alta,8,False,342.79,Moderado,257.09
2026-09-14,Perú,Cusco,12.4,Departamento,5,7,Media,10,False,267.24,Moderado,200.43
2026-07-16,Perú,Puno,8.2,Departamento,1,8,Baja,2,True,151.33,Eficiente,113.5
2026-11-16,Colombia,Bucaramanga,22.4,Casa,6,17,Alta,8,True,343.75,Moderado,257.81
2026-09-02,México,Tijuana,23.7,Departamento,3,4,Alta,12,True,327.09,Moderado,245.32
2026-03-27,México,Ciudad de México,15.4,Casa,5,12,Media,6,True,338.14,Moderado,253.6
2026-10-14,México,Tijuana,21.9,Casa,2,12,Alta,11,True,337.53,Moderado,253.15
2026-12-30,Colombia,Barranquilla,28.7,Departamento,2,8,Alta,10,True,309.56,Moderado,232.17
2026-03-29,México,Monterrey,22.4,Local,5,19,Alta,13,True,1420.39,Ineficiente,1065.29
2026-01-02,Colombia,Bucaramanga,23.3,Casa,3,10,Media,5,True,222.33,Eficiente,166.75
2026-04-19,Perú,Cusco,13.6,Casa,2,12,Baja,2,True,204.19,Eficiente,153.14
2026-03-28,Colombia,Cali,24.5,Departamento,3,3,Media,10,False,197.06,Eficiente,147.8
2026-08-14,México,Tijuana,24.0,Casa,2,10,Baja,4,True,280.5,Moderado,210.38
2026-08-27,México,Mérida,30.9,Casa,8,19,Baja,6,True,335.33,Moderado,251.5
2026-07-03,México,Tijuana,23.4,Casa,4,18,Alta,11,True,332.31,Moderado,249.23
2026-09-02,Perú,Lima,18.6,Casa,6,10,Baja,1,False,251.52,Moderado,188.64
2026-09-13,México,Guadalajara,24.7,Casa,7,14,Media,8,False,587.46,Ineficiente,440.6
2026-02-24,Perú,Cusco,13.8,Casa,6,20,Media,6,True,488.39,Ineficiente,366.29
2026-08-15,México,Ciudad de México,18.9,Casa,5,19,Media,6,True,330.75,Moderado,248.06
2026-09-30,Colombia,Bogotá,12.2,Casa,8,19,Alta,14,True,690.3,Ineficiente,517.72
2026-08-31,México,Ciudad de México,17.8,Casa,5,19,Alta,8,True,423.78,Moderado,317.83
2026-03-10,México,Mérida,26.4,Casa,7,13,Baja,4,True,286.69,Moderado,215.02
2026-03-12,México,Ciudad de México,16.3,Casa,4,17,Media,6,True,269.78,Moderado,202.33
2026-01-15,México,Ciudad de México,13.6,Casa,4,8,Media,5,True,254.06,Moderado,190.54
2026-04-23,México,Monterrey,25.4,Casa,6,12,Baja,4,True,220.84,Eficiente,165.63
2026-06-01,México,Tijuana,20.2,Casa,4,13,Alta,8,True,341.42,Moderado,256.06
2026-09-20,México,Guadalajara,24.1,Casa,5,11,Media,5,True,334.31,Moderado,250.73
2026-09-12,México,Guadalajara,24.8,Departamento,2,4,Media,7,True,237.85,Eficiente,178.39
2026-11-03,México,Monterrey,20.6,Departamento,6,11,Media,4,True,176.0,Eficiente,132.0
2026-07-31,Colombia,Bucaramanga,22.6,Casa,4,17,Media,6,True,335.74,Moderado,251.8
2026-06-29,México,Guadalajara,25.3,Departamento,3,7,Media,4,True,122.48,Eficiente,91.86
2026-08-02,México,Ciudad de México,18.3,Departamento,1,9,Alta,10,False,190.41,Eficiente,142.81
2026-01-16,Perú,Puno,11.1,Local,8,16,Media,6,True,734.91,Ineficiente,551.18
2026-04-05,México,Ciudad de México,18.0,Departamento,3,7,Media,7,True,185.48,Eficiente,139.11
2026-01-07,Colombia,Medellín,22.5,Casa,10,14,Media,4,False,280.06,Moderado,210.04
2026-05-29,México,Mérida,29.8,Casa,6,11,Baja,4,True,432.43,Moderado,324.32
2026-11-20,México,Tijuana,17.5,Departamento,2,10,Baja,6,True,150.21,Eficiente,112.66
2026-01-26,Colombia,Medellín,22.2,Local,3,11,Media,10,False,577.78,Ineficiente,433.34
2026-10-24,México,Mérida,28.3,Departamento,2,8,Baja,5,True,234.71,Eficiente,176.03
2026-03-02,Colombia,Barranquilla,29.8,Departamento,6,5,Alta,12,False,502.06,Ineficiente,376.54
2026-03-05,Colombia,Bucaramanga,22.7,Departamento,3,12,Baja,2,False,181.81,Eficiente,136.36
2026-05-01,Perú,Puno,9.8,Casa,2,13,Alta,12,True,560.88,Ineficiente,420.66
2026-09-14,México,Ciudad de México,17.6,Departamento,3,9,Alta,8,True,259.16,Moderado,194.37
2026-10-15,México,Mérida,28.7,Departamento,5,6,Media,4,True,235.67,Eficiente,176.75
2026-01-12,Colombia,Barranquilla,28.6,Casa,6,5,Media,8,True,253.99,Moderado,190.49
2026-07-13,Colombia,Medellín,20.9,Casa,5,17,Media,4,True,328.27,Moderado,246.2
2026-04-19,Colombia,Bucaramanga,22.0,Departamento,3,6,Media,4,True,162.14,Eficiente,121.6
2026-08-30,México,Guadalajara,23.3,Departamento,3,6,Baja,4,True,162.58,Eficiente,121.94
2026-09-01,México,Tijuana,23.6,Departamento,2,5,Baja,4,True,143.89,Eficiente,107.92
2026-02-18,Perú,Lima,27.5,Casa,3,11,Media,9,True,250.49,Moderado,187.87
2026-03-16,Colombia,Cali,24.0,Casa,6,8,Media,6,True,216.55,Eficiente,162.41
2026-08-20,México,Tijuana,23.7,Departamento,3,11,Baja,6,False,175.79,Eficiente,131.84
2026-03-06,Colombia,Bucaramanga,23.2,Departamento,4,10,Baja,4,True,214.14,Eficiente,160.6
2026-02-22,México,Tijuana,14.3,Departamento,2,8,Alta,12,False,239.75,Eficiente,179.81
2026-12-16,México,Tijuana,14.8,Local,5,15,Media,8,False,722.69,Ineficiente,542.02
2026-02-08,Perú,Arequipa,16.0,Casa,5,10,Media,5,False,336.62,Moderado,252.46
2026-01-12,Colombia,Barranquilla,28.6,Local,15,13,Media,6,True,597.62,Ineficiente,448.22
2026-11-19,México,Ciudad de México,16.0,Casa,8,20,Alta,14,True,683.6,Ineficiente,512.7
2026-10-02,México,Monterrey,24.2,Casa,7,10,Media,7,True,373.38,Moderado,280.03
2026-03-30,Perú,Cusco,15.0,Casa,2,8,Alta,15,True,314.56,Moderado,235.92
2026-10-02,Perú,Cusco,13.7,Casa,5,14,Alta,9,True,456.02,Ineficiente,342.02
2026-08-16,Colombia,Medellín,20.6,Casa,5,11,Baja,5,False,183.09,Eficiente,137.32
2026-03-03,México,Monterrey,21.7,Departamento,1,10,Alta,14,False,301.45,Moderado,226.09
2026-05-07,Perú,Arequipa,14.5,Departamento,2,5,Baja,5,True,116.49,Eficiente,87.37
2026-03-02,México,Guadalajara,21.9,Departamento,1,6,Alta,14,True,343.15,Moderado,257.36
2026-12-14,México,Mérida,24.3,Departamento,5,9,Baja,6,False,178.73,Eficiente,134.05
2026-10-24,Perú,Arequipa,16.3,Casa,10,11,Media,4,True,260.4,Moderado,195.3
2026-11-06,Perú,Arequipa,16.2,Departamento,5,8,Alta,14,False,239.97,Eficiente,179.98
2026-06-26,Colombia,Cali,23.0,Casa,6,7,Alta,8,True,368.85,Moderado,276.64
2026-08-30,México,Monterrey,31.0,Departamento,8,6,Alta,14,False,461.55,Ineficiente,346.16
2026-09-22,México,Tijuana,23.5,Casa,3,11,Alta,8,True,256.56,Moderado,192.42
2026-04-16,México,Mérida,28.0,Casa,5,24,Media,6,True,510.25,Ineficiente,382.69
2026-09-19,Perú,Piura,23.4,Departamento,3,11,Baja,6,False,247.83,Eficiente,185.87
2026-07-18,Colombia,Barranquilla,28.4,Local,1,28,Media,4,True,830.96,Ineficiente,623.22
2026-09-26,Colombia,Bucaramanga,22.6,Casa,1,18,Media,9,True,350.67,Moderado,263.0
2026-11-20,Colombia,Barranquilla,28.2,Casa,4,12,Media,8,True,413.83,Moderado,310.37
2026-07-26,Perú,Lima,18.4,Casa,4,12,Baja,1,True,282.49,Moderado,211.87
2026-02-10,Perú,Piura,28.6,Departamento,3,12,Alta,9,False,352.63,Moderado,264.47
2026-03-25,México,Monterrey,21.0,Casa,4,18,Alta,15,False,324.45,Moderado,243.34
2026-08-31,Perú,Arequipa,13.7,Departamento,2,7,Media,10,False,173.22,Eficiente,129.92
2026-02-11,Perú,Puno,11.2,Departamento,4,9,Media,8,True,304.98,Moderado,228.74
2026-01-08,México,Mérida,23.5,Casa,4,18,Alta,14,True,380.59,Moderado,285.44
2026-05-01,Perú,Cusco,12.0,Casa,2,10,Media,4,True,201.24,Eficiente,150.93
2026-08-23,Colombia,Cali,22.1,Departamento,2,7,Baja,6,True,144.49,Eficiente,108.37
2026-08-16,Perú,Lima,17.5,Casa,6,8,Media,8,True,288.66,Moderado,216.5
2026-04-07,México,Guadalajara,24.8,Local,5,31,Media,8,True,768.68,Ineficiente,576.51
2026-05-01,México,Tijuana,18.9,Departamento,1,10,Baja,4,True,145.52,Eficiente,109.14
2026-02-21,México,Monterrey,17.5,Departamento,2,6,Media,10,False,191.38,Eficiente,143.54
2026-05-12,México,Ciudad de México,19.3,Casa,6,8,Media,10,True,288.36,Moderado,216.27
2026-08-17,Perú,Arequipa,14.2,Departamento,2,6,Baja,5,False,149.72,Eficiente,112.29
2026-12-26,Colombia,Barranquilla,27.1,Departamento,3,6,Media,9,True,145.28,Eficiente,108.96
2026-08-22,México,Tijuana,24.3,Casa,10,10,Baja,6,True,208.1,Eficiente,156.07
2026-12-13,Perú,Puno,11.0,Departamento,3,5,Media,4,False,210.95,Eficiente,158.21
2026-05-28,México,Ciudad de México,20.0,Casa,4,8,Media,10,True,369.29,Moderado,276.97
2026-06-20,México,Tijuana,21.0,Local,10,21,Alta,12,True,900.3,Ineficiente,675.22
2026-10-14,Perú,Cusco,12.0,Casa,3,14,Media,9,True,268.22,Moderado,201.17
2026-02-14,México,Monterrey,17.1,Departamento,3,10,Media,9,False,217.76,Eficiente,163.32
2026-04-12,Perú,Arequipa,15.6,Local,5,17,Media,5,True,550.26,Ineficiente,412.7
2026-05-25,Colombia,Cali,23.2,Local,8,32,Media,9,True,629.11,Ineficiente,471.83
2026-05-12,México,Ciudad de México,19.0,Casa,4,14,Baja,5,True,339.62,Moderado,254.72
2026-07-22,Colombia,Bogotá,12.1,Departamento,4,5,Media,9,False,110.43,Eficiente,82.82
2026-10-31,Perú,Cusco,13.6,Casa,4,16,Media,10,True,284.96,Moderado,213.72
2026-09-27,México,Guadalajara,23.6,Departamento,2,7,Media,10,True,244.46,Eficiente,183.34
2026-12-16,Colombia,Barranquilla,27.1,Departamento,3,13,Alta,13,False,281.37,Moderado,211.03
2026-03-14,México,Tijuana,15.1,Local,8,16,Baja,5,True,613.79,Ineficiente,460.34
2026-06-19,México,Mérida,31.0,Casa,1,9,Media,4,True,212.44,Eficiente,159.33
2026-05-19,Colombia,Barranquilla,29.1,Departamento,4,12,Media,6,False,260.06,Moderado,195.04
2026-09-05,México,Tijuana,23.8,Local,15,25,Alta,10,True,2196.75,Ineficiente,1647.56
2026-06-01,Perú,Puno,8.7,Local,5,17,Alta,14,False,1276.67,Ineficiente,957.5
2026-09-25,Colombia,Cali,23.2,Local,5,11,Alta,8,True,603.52,Ineficiente,452.64
2026-05-18,México,Monterrey,29.9,Casa,5,22,Alta,8,True,537.56,Ineficiente,403.17
2026-04-14,Perú,Cusco,12.7,Casa,4,9,Media,4,False,210.64,Eficiente,157.98
2026-12-11,Perú,Cusco,13.4,Casa,4,15,Alta,11,True,397.47,Moderado,298.1
2026-02-16,México,Monterrey,18.6,Casa,6,19,Alta,13,True,671.63,Ineficiente,503.72
2026-01-24,México,Ciudad de México,12.1,Casa,3,14,Media,5,True,308.46,Moderado,231.34
2026-08-18,Colombia,Medellín,20.2,Casa,3,16,Media,6,True,201.16,Eficiente,150.87
2026-11-05,México,Tijuana,18.1,Local,15,11,Baja,2,True,409.67,Moderado,307.25
2026-06-15,Colombia,Barranquilla,28.1,Local,5,27,Alta,9,False,1313.66,Ineficiente,985.25
2026-06-08,Perú,Cusco,11.4,Departamento,2,5,Media,6,False,178.0,Eficiente,133.5
2026-06-15,Perú,Piura,24.7,Casa,3,7,Alta,8,True,313.52,Moderado,235.14
2026-09-29,Colombia,Bucaramanga,21.9,Casa,5,6,Media,7,True,261.54,Moderado,196.16
2026-08-02,Colombia,Bogotá,12.3,Departamento,2,6,Alta,8,True,199.2,Eficiente,149.4
2026-03-16,Colombia,Cali,23.2,Casa,6,5,Baja,2,False,188.19,Eficiente,141.14
2026-06-02,Colombia,Bogotá,13.9,Casa,3,8,Media,4,True,219.67,Eficiente,164.75
2026-01-14,México,Tijuana,14.3,Casa,3,20,Media,5,False,324.25,Moderado,243.19
2026-10-15,Colombia,Bogotá,13.9,Departamento,2,5,Alta,14,True,313.63,Moderado,235.22
2026-09-24,México,Monterrey,28.6,Casa,4,13,Baja,6,True,347.7,Moderado,260.77
2026-04-04,Perú,Arequipa,15.8,Casa,6,9,Alta,9,True,275.89,Moderado,206.92
2026-03-27,Perú,Piura,29.1,Departamento,3,8,Alta,9,False,297.6,Moderado,223.2
2026-11-04,México,Ciudad de México,15.6,Casa,2,8,Baja,5,True,145.17,Eficiente,108.88
2026-12-03,México,Guadalajara,19.9,Departamento,3,12,Alta,13,False,419.39,Moderado,314.54
2026-06-07,Colombia,Medellín,21.1,Departamento,4,9,Baja,3,True,150.1,Eficiente,112.57
2026-09-26,Perú,Arequipa,14.4,Departamento,5,5,Baja,5,True,236.17,Eficiente,177.13
2026-04-18,México,Ciudad de México,17.2,Departamento,4,9,Alta,9,True,251.13,Moderado,188.35
2026-12-02,México,Ciudad de México,14.9,Departamento,8,7,Alta,15,True,315.11,Moderado,236.33
2026-07-25,México,Monterrey,31.7,Casa,10,15,Media,6,True,565.2,Ineficiente,423.9
2026-02-03,México,Tijuana,14.9,Casa,4,13,Alta,15,True,639.42,Ineficiente,479.56
2026-01-15,México,Monterrey,15.5,Casa,2,11,Alta,10,True,351.92,Moderado,263.94
2026-10-24,Colombia,Medellín,22.5,Casa,3,7,Alta,10,True,445.37,Moderado,334.03
2026-12-09,México,Mérida,25.4,Departamento,1,5,Baja,6,False,185.55,Eficiente,139.16
2026-10-06,Colombia,Bogotá,14.7,Departamento,4,12,Alta,11,True,475.09,Ineficiente,356.32
2026-04-19,Perú,Piura,27.6,Departamento,3,7,Media,7,True,160.41,Eficiente,120.31
2026-04-15,Colombia,Bucaramanga,22.7,Casa,5,8,Baja,4,True,205.65,Eficiente,154.24
2026-04-13,Colombia,Medellín,22.6,Casa,7,12,Baja,2,True,249.17,Eficiente,186.88
2026-07-05,Perú,Puno,8.6,Departamento,3,7,Media,4,True,230.81,Eficiente,173.11
2026-09-07,México,Mérida,30.6,Casa,4,16,Baja,6,False,255.7,Moderado,191.77
2026-08-11,Perú,Arequipa,13.9,Casa,5,13,Media,6,True,390.88,Moderado,293.16
2026-08-18,Perú,Arequipa,13.1,Casa,6,7,Baja,6,True,238.64,Eficiente,178.98
2026-05-02,México,Monterrey,29.5,Local,5,25,Media,5,True,701.8,Ineficiente,526.35
2026-10-07,México,Mérida,29.0,Departamento,4,7,Baja,4,True,116.46,Eficiente,87.34
2026-04-28,Perú,Lima,25.7,Departamento,2,5,Alta,14,True,233.64,Eficiente,175.23
2026-11-19,Perú,Lima,22.6,Casa,3,14,Baja,1,False,224.86,Eficiente,168.64
2026-03-19,Colombia,Barranquilla,29.7,Casa,6,14,Baja,6,True,410.1,Moderado,307.58
2026-12-03,México,Ciudad de México,13.1,Casa,5,17,Alta,9,True,421.93,Moderado,316.45
2026-01-22,Perú,Arequipa,17.1,Casa,3,14,Media,9,True,349.82,Moderado,262.36
2026-03-16,Perú,Cusco,14.7,Departamento,5,6,Baja,5,True,149.48,Eficiente,112.11
2026-06-09,Perú,Puno,9.0,Casa,4,11,Alta,10,True,468.35,Ineficiente,351.26
2026-06-11,México,Guadalajara,25.3,Casa,6,11,Media,6,True,360.39,Moderado,270.29
2026-08-10,Perú,Cusco,10.1,Departamento,4,13,Alta,11,False,470.91,Ineficiente,353.18
2026-12-26,México,Tijuana,15.5,Casa,7,9,Media,9,True,452.15,Ineficiente,339.11
2026-11-26,México,Monterrey,20.1,Casa,4,17,Alta,12,True,428.17,Moderado,321.13
2026-07-01,Colombia,Barranquilla,28.5,Casa,10,18,Media,10,False,493.43,Ineficiente,370.07
2026-08-19,Perú,Puno,9.0,Casa,5,21,Baja,6,True,237.48,Eficiente,178.11
2026-05-17,Perú,Piura,26.1,Casa,7,16,Alta,10,True,585.83,Ineficiente,439.37
2026-07-19,México,Tijuana,22.2,Casa,5,15,Alta,14,True,416.63,Moderado,312.47
2026-09-19,Colombia,Cali,22.9,Casa,2,15,Alta,12,True,584.61,Ineficiente,438.46
2026-08-13,Perú,Lima,17.2,Casa,6,17,Alta,12,True,638.87,Ineficiente,479.15
2026-11-20,México,Ciudad de México,14.3,Casa,6,21,Media,6,True,326.91,Moderado,245.18
2026-09-25,México,Monterrey,29.3,Casa,6,14,Alta,8,True,675.0,Ineficiente,506.25
2026-04-13,Perú,Cusco,13.1,Casa,7,8,Baja,2,True,255.98,Moderado,191.98
2026-01-17,Perú,Arequipa,17.9,Casa,5,21,Media,4,False,329.73,Moderado,247.3
2026-09-08,México,Mérida,30.4,Casa,4,8,Alta,11,True,550.39,Ineficiente,412.79
2026-06-04,México,Mérida,31.9,Casa,5,11,Media,10,False,393.71,Moderado,295.28
2026-08-19,Colombia,Bucaramanga,21.5,Casa,4,7,Media,7,True,295.24,Moderado,221.43
2026-09-10,Perú,Puno,9.7,Departamento,3,9,Media,8,True,301.48,Moderado,226.11
2026-06-09,México,Mérida,30.7,Casa,5,18,Alta,13,True,549.48,Ineficiente,412.11
2026-01-22,Colombia,Bucaramanga,23.1,Casa,1,17,Alta,9,False,465.13,Ineficiente,348.85
2026-09-09,Colombia,Bogotá,12.4,Departamento,1,12,Baja,4,False,200.17,Eficiente,150.13
2026-07-02,Perú,Piura,23.1,Casa,3,16,Baja,4,True,311.44,Moderado,233.58
2026-04-02,México,Ciudad de México,17.9,Departamento,4,7,Media,8,True,323.59,Moderado,242.69
2026-05-14,Perú,Puno,9.1,Casa,3,11,Media,9,False,341.24,Moderado,255.93
2026-11-10,Perú,Lima,22.5,Local,5,25,Media,9,True,970.93,Ineficiente,728.2
2026-11-05,México,Ciudad de México,15.4,Casa,2,17,Baja,2,True,199.92,Eficiente,149.94
2026-12-22,Perú,Piura,27.2,Departamento,1,6,Alta,11,False,288.93,Moderado,216.7
2026-07-17,Perú,Cusco,9.5,Casa,3,11,Media,5,True,406.2,Moderado,304.65
2026-10-05,México,Guadalajara,22.2,Local,1,24,Media,7,True,666.57,Ineficiente,499.93
2026-04-17,Perú,Piura,27.6,Casa,5,11,Media,10,True,286.9,Moderado,215.18
2026-05-27,Colombia,Bucaramanga,22.1,Departamento,3,8,Alta,10,False,365.45,Moderado,274.09
2026-12-08,Colombia,Barranquilla,28.6,Local,5,28,Media,5,True,939.82,Ineficiente,704.86
2026-09-07,Colombia,Barranquilla,29.3,Departamento,2,13,Media,10,False,240.61,Eficiente,180.46
2026-12-12,Perú,Piura,27.4,Casa,8,10,Baja,3,True,281.62,Moderado,211.22
2026-02-28,Perú,Piura,29.9,Casa,5,21,Alta,11,True,597.6,Ineficiente,448.2
2026-01-21,Colombia,Cali,24.6,Departamento,3,5,Alta,13,False,299.54,Moderado,224.66
2026-09-11,Perú,Arequipa,15.1,Local,5,22,Media,6,True,683.66,Ineficiente,512.74
2026-08-03,Colombia,Bogotá,12.1,Departamento,2,14,Media,4,True,185.36,Eficiente,139.02
2026-11-10,Colombia,Barranquilla,28.6,Departamento,2,6,Media,5,False,170.11,Eficiente,127.58
2026-01-20,Colombia,Bucaramanga,22.2,Departamento,2,11,Media,9,True,300.45,Moderado,225.34
2026-02-17,México,Guadalajara,20.2,Departamento,1,7,Alta,15,False,158.41,Eficiente,118.81
2026-09-03,México,Mérida,29.8,Local,5,15,Media,6,True,927.75,Ineficiente,695.81
2026-12-08,México,Guadalajara,20.0,Casa,2,15,Baja,1,True,201.94,Eficiente,151.45
2026-03-07,Perú,Cusco,14.9,Local,10,20,Baja,6,True,381.27,Moderado,285.95
2026-08-24,Colombia,Barranquilla,29.7,Casa,7,15,Alta,11,True,583.18,Ineficiente,437.38
2026-06-18,México,Mérida,31.9,Local,3,18,Media,9,True,1192.73,Ineficiente,894.55
2026-07-02,México,Tijuana,22.0,Departamento,4,9,Alta,14,False,288.7,Moderado,216.52
2026-03-27,Colombia,Barranquilla,29.0,Casa,5,17,Baja,2,True,312.08,Moderado,234.06
2026-12-03,México,Ciudad de México,13.1,Casa,4,10,Media,7,True,284.68,Moderado,213.51
2026-05-12,Perú,Lima,21.3,Casa,4,21,Media,7,True,355.97,Moderado,266.98
2026-04-05,Colombia,Medellín,21.7,Casa,5,11,Media,7,True,396.49,Moderado,297.37
2026-06-06,México,Mérida,31.6,Departamento,1,8,Media,4,True,266.76,Moderado,200.07
2026-10-30,Colombia,Medellín,22.5,Departamento,1,12,Media,7,False,201.86,Eficiente,151.4
2026-11-15,Perú,Piura,26.6,Casa,3,18,Alta,9,True,504.16,Ineficiente,378.12
2026-09-17,Colombia,Barranquilla,28.5,Departamento,3,10,Baja,2,False,112.6,Eficiente,84.45
2026-08-04,México,Mérida,31.8,Casa,1,9,Media,6,True,222.66,Eficiente,167.0
2026-06-30,México,Ciudad de México,18.8,Casa,4,14,Media,5,False,233.18,Eficiente,174.88
2026-12-29,México,Ciudad de México,13.2,Departamento,2,5,Baja,3,True,116.34,Eficiente,87.26
2026-04-17,Colombia,Medellín,22.2,Casa,6,17,Media,9,False,258.94,Moderado,194.2
2026-04-07,Colombia,Barranquilla,28.6,Local,2,12,Media,9,False,781.2,Ineficiente,585.9
2026-05-14,Colombia,Bogotá,14.9,Casa,1,15,Baja,6,False,206.96,Eficiente,155.22
2026-03-03,Colombia,Cali,24.8,Casa,4,17,Media,10,True,365.11,Moderado,273.83
2026-03-11,Colombia,Barranquilla,29.7,Casa,2,7,Media,7,True,272.87,Moderado,204.65
2026-10-27,México,Monterrey,24.8,Local,5,24,Media,5,True,924.67,Ineficiente,693.5
2026-08-30,Colombia,Medellín,20.4,Casa,7,13,Alta,10,True,681.72,Ineficiente,511.29
2026-01-28,Colombia,Barranquilla,28.7,Casa,2,14,Alta,15,True,535.06,Ineficiente,401.29
2026-02-16,Colombia,Cali,24.0,Casa,6,6,Baja,6,True,218.19,Eficiente,163.64
2026-03-02,México,Monterrey,22.6,Casa,8,10,Baja,6,True,189.95,Eficiente,142.46
2026-05-21,México,Mérida,29.6,Casa,4,8,Media,6,True,316.29,Moderado,237.22
2026-11-02,México,Ciudad de México,15.7,Local,15,24,Alta,10,True,1903.54,Ineficiente,1427.66
2026-02-07,Colombia,Bucaramanga,22.9,Departamento,3,7,Baja,5,False,214.63,Eficiente,160.97
2026-01-26,México,Tijuana,13.5,Departamento,3,5,Baja,3,True,76.56,Eficiente,57.42
2026-04-11,México,Guadalajara,23.3,Casa,4,11,Media,4,True,299.98,Moderado,224.98
2026-04-12,Colombia,Bogotá,14.6,Casa,2,12,Media,9,False,326.55,Moderado,244.91
2026-03-03,Colombia,Bogotá,13.5,Casa,7,11,Media,7,False,351.45,Moderado,263.59
2026-05-25,Colombia,Cali,23.9,Departamento,3,7,Alta,10,False,328.53,Moderado,246.4
2026-03-03,México,Ciudad de México,16.2,Local,10,19,Media,10,False,579.24,Ineficiente,434.43
2026-01-18,Colombia,Barranquilla,28.0,Casa,3,14,Alta,14,True,513.07,Ineficiente,384.8
2026-05-19,México,Guadalajara,26.9,Casa,8,13,Media,10,True,417.54,Moderado,313.16
2026-06-24,Perú,Cusco,10.5,Casa,2,17,Alta,11,False,426.69,Moderado,320.02
2026-12-05,Colombia,Cali,24.0,Local,2,31,Media,10,True,1072.83,Ineficiente,804.62
2026-09-20,México,Guadalajara,24.9,Casa,3,13,Media,4,False,319.71,Moderado,239.78
2026-12-27,Perú,Lima,25.9,Local,10,12,Baja,1,True,381.08,Moderado,285.81
2026-03-11,Perú,Puno,12.4,Departamento,4,5,Alta,9,False,207.89,Eficiente,155.92
2026-05-25,Colombia,Bogotá,13.1,Casa,3,12,Media,8,False,303.03,Moderado,227.27
2026-12-26,México,Mérida,24.7,Casa,6,17,Media,5,False,273.38,Moderado,205.04
2026-01-04,Colombia,Medellín,22.5,Casa,2,15,Alta,13,True,524.1,Ineficiente,393.08
2026-01-10,Perú,Piura,28.4,Departamento,3,12,Baja,2,True,133.76,Eficiente,100.32
2026-06-30,Perú,Piura,23.7,Casa,4,9,Alta,11,False,345.57,Moderado,259.18
2026-07-11,Colombia,Cali,22.4,Casa,3,11,Media,7,False,293.02,Moderado,219.76
2026-10-23,México,Mérida,29.4,Casa,6,9,Baja,5,True,277.04,Moderado,207.78
2026-01-08,Colombia,Cali,24.3,Casa,4,11,Alta,13,True,446.28,Moderado,334.71
2026-03-06,Perú,Cusco,13.0,Local,10,14,Media,5,True,702.77,Ineficiente,527.08
2026-09-13,México,Mérida,29.5,Casa,4,10,Baja,4,False,215.19,Eficiente,161.39
2026-04-04,México,Mérida,29.5,Casa,6,21,Media,8,False,534.84,Ineficiente,401.13
2026-01-10,México,Monterrey,15.9,Casa,2,16,Media,10,False,355.42,Moderado,266.56
2026-12-15,México,Monterrey,15.3,Departamento,6,7,Media,8,True,287.17,Moderado,215.38
2026-05-12,México,Mérida,29.9,Casa,5,13,Media,8,False,431.2,Moderado,323.4
2026-01-20,México,Monterrey,15.3,Casa,3,17,Media,10,False,377.5,Moderado,283.12
2026-01-17,México,Tijuana,14.0,Departamento,2,9,Baja,6,True,108.6,Eficiente,81.45
2026-05-27,México,Mérida,29.7,Casa,8,16,Media,8,False,606.06,Ineficiente,454.54
2026-10-17,México,Monterrey,24.9,Casa,4,13,Media,9,True,299.13,Moderado,224.35
2026-01-02,Colombia,Barranquilla,28.2,Local,8,28,Baja,1,False,758.57,Ineficiente,568.93
2026-08-20,Colombia,Medellín,20.7,Departamento,4,8,Alta,11,True,181.96,Eficiente,136.47
2026-10-06,Colombia,Bogotá,14.0,Casa,4,5,Alta,11,False,306.42,Moderado,229.82
2026-11-19,México,Ciudad de México,15.7,Casa,1,12,Baja,5,False,291.32,Moderado,218.49
2026-08-05,Perú,Puno,8.2,Casa,7,9,Alta,9,True,425.6,Moderado,319.2
2026-01-29,Colombia,Bogotá,14.1,Casa,2,19,Media,5,False,373.5,Moderado,280.12
2026-08-18,Perú,Lima,18.5,Casa,6,6,Baja,3,True,211.19,Eficiente,158.39
2026-08-10,Colombia,Barranquilla,28.6,Casa,4,9,Media,7,True,274.28,Moderado,205.71
2026-02-17,México,Ciudad de México,14.7,Departamento,1,9,Media,5,False,152.35,Eficiente,114.26
2026-06-02,México,Guadalajara,25.8,Departamento,2,4,Media,6,True,177.19,Eficiente,132.89
2026-06-26,México,Ciudad de México,18.8,Casa,5,7,Media,5,True,272.01,Moderado,204.01
2026-10-16,Perú,Lima,21.8,Casa,7,11,Media,5,True,369.32,Moderado,276.99
2026-01-03,Perú,Piura,28.2,Casa,2,13,Media,6,True,376.69,Moderado,282.52
2026-11-04,Colombia,Barranquilla,29.7,Local,3,12,Media,9,True,445.74,Moderado,334.3
2026-12-24,Colombia,Medellín,22.0,Departamento,4,12,Media,8,False,179.87,Eficiente,134.9
2026-12-20,México,Ciudad de México,13.0,Departamento,4,14,Alta,12,True,542.9,Ineficiente,407.17
2026-09-26,México,Monterrey,30.0,Departamento,3,7,Media,6,True,225.88,Eficiente,169.41
2026-11-24,México,Guadalajara,20.7,Departamento,2,8,Media,7,False,257.21,Moderado,192.91
2026-06-04,Perú,Cusco,11.9,Local,2,15,Baja,5,False,498.88,Ineficiente,374.16
2026-02-04,Colombia,Bucaramanga,22.2,Casa,1,17,Baja,2,True,158.46,Eficiente,118.84
2026-11-08,Colombia,Cali,23.2,Casa,4,12,Alta,11,True,372.55,Moderado,279.41
2026-09-26,México,Ciudad de México,17.2,Local,10,17,Alta,8,True,1152.75,Ineficiente,864.56
2026-07-22,Perú,Puno,8.6,Departamento,3,9,Alta,11,True,276.69,Moderado,207.52
2026-11-14,Colombia,Barranquilla,29.2,Casa,7,10,Baja,6,False,283.51,Moderado,212.63
2026-05-07,México,Mérida,29.1,Departamento,4,14,Media,10,True,432.49,Moderado,324.37
2026-08-06,México,Monterrey,31.1,Departamento,4,9,Alta,11,False,323.7,Moderado,242.77
2026-12-27,Perú,Piura,27.3,Departamento,3,8,Baja,3,True,124.24,Eficiente,93.18
2026-12-01,Colombia,Barranquilla,27.2,Casa,4,12,Baja,6,True,255.14,Moderado,191.36
2026-07-18,Perú,Piura,22.2,Casa,4,12,Alta,9,True,381.53,Moderado,286.15
2026-02-13,Perú,Piura,28.2,Departamento,3,9,Media,6,False,278.85,Moderado,209.14
2026-10-10,Colombia,Bogotá,15.0,Casa,3,17,Baja,4,True,208.66,Eficiente,156.5
2026-08-25,México,Mérida,30.9,Local,5,18,Alta,14,True,1265.11,Ineficiente,948.83
2026-10-17,México,Ciudad de México,16.7,Departamento,1,7,Baja,4,True,168.12,Eficiente,126.09
2026-05-31,Colombia,Barranquilla,29.4,Departamento,4,9,Baja,6,True,228.0,Eficiente,171.0
2026-05-16,Colombia,Barranquilla,28.7,Casa,4,14,Media,9,False,333.21,Moderado,249.91
2026-04-05,México,Tijuana,16.2,Departamento,6,4,Alta,15,False,230.57,Eficiente,172.93
2026-07-10,México,Guadalajara,24.0,Casa,5,19,Baja,3,False,330.32,Moderado,247.74
2026-12-14,México,Ciudad de México,13.5,Departamento,3,8,Baja,1,True,135.33,Eficiente,101.5
2026-04-13,México,Mérida,29.2,Local,3,17,Media,10,True,869.95,Ineficiente,652.46
2026-02-14,Perú,Lima,28.3,Local,8,14,Media,6,True,1044.94,Ineficiente,783.7
2026-01-09,Perú,Arequipa,17.5,Casa,4,14,Media,7,True,424.46,Moderado,318.34
2026-10-04,México,Tijuana,21.2,Casa,5,14,Alta,12,False,461.64,Ineficiente,346.23
2026-01-19,Colombia,Cali,23.4,Departamento,3,5,Media,5,True,135.9,Eficiente,101.93
2026-11-11,México,Ciudad de México,16.0,Departamento,3,11,Alta,8,False,371.87,Moderado,278.9
2026-12-16,México,Tijuana,14.6,Casa,7,15,Media,6,True,392.38,Moderado,294.28
2026-04-18,Colombia,Medellín,22.2,Casa,5,22,Media,7,True,392.39,Moderado,294.29
2026-01-22,Colombia,Barranquilla,27.7,Departamento,5,6,Alta,13,False,330.17,Moderado,247.63
2026-09-02,Colombia,Barranquilla,29.8,Casa,6,16,Baja,6,True,212.88,Eficiente,159.66
2026-06-20,Colombia,Cali,22.2,Casa,4,20,Baja,3,False,190.52,Eficiente,142.89
2026-01-20,Perú,Arequipa,17.5,Casa,4,19,Alta,10,True,291.14,Moderado,218.36
2026-03-24,Perú,Lima,27.2,Casa,7,14,Media,9,True,393.55,Moderado,295.16
2026-04-01,Perú,Lima,25.0,Casa,5,6,Media,4,True,274.67,Moderado,206.0
2026-08-30,Colombia,Cali,22.4,Local,8,30,Baja,2,True,793.68,Ineficiente,595.26
2026-02-23,Perú,Puno,11.5,Departamento,3,11,Media,4,False,219.69,Eficiente,164.77
2026-12-19,Colombia,Cali,25.0,Casa,4,18,Alta,12,True,478.9,Ineficiente,359.17
2026-04-29,México,Guadalajara,23.7,Local,8,27,Alta,8,True,1088.93,Ineficiente,816.7
2026-04-05,México,Guadalajara,23.3,Casa,3,14,Alta,13,True,503.26,Ineficiente,377.44
2026-01-12,Colombia,Medellín,22.6,Casa,4,14,Media,6,False,289.59,Moderado,217.19
2026-03-14,Perú,Cusco,14.6,Departamento,4,5,Alta,9,True,236.75,Eficiente,177.56
2026-09-27,México,Mérida,29.3,Casa,3,8,Media,5,True,386.19,Moderado,289.64
2026-06-24,Colombia,Medellín,21.4,Casa,1,20,Baja,6,False,172.66,Eficiente,129.5
2026-08-05,Colombia,Cali,22.5,Local,5,17,Baja,6,True,621.12,Ineficiente,465.84
2026-08-22,México,Monterrey,31.0,Casa,2,15,Baja,4,True,279.88,Moderado,209.91
2026-04-10,Colombia,Cali,23.9,Departamento,1,5,Media,10,False,209.85,Eficiente,157.39
2026-12-29,Colombia,Barranquilla,28.6,Departamento,2,11,Media,8,True,312.09,Moderado,234.07
2026-08-30,Perú,Lima,17.1,Casa,7,6,Alta,15,False,611.34,Ineficiente,458.5
2026-11-17,Perú,Cusco,14.6,Local,8,19,Media,10,True,1088.59,Ineficiente,816.44
2026-11-22,Perú,Piura,27.9,Local,5,17,Alta,12,False,1408.41,Ineficiente,1056.31
2026-02-27,Perú,Puno,12.7,Casa,2,14,Media,6,True,165.93,Eficiente,124.45
2026-07-11,México,Ciudad de México,17.9,Departamento,4,7,Baja,5,False,152.77,Eficiente,114.58
2026-05-08,México,Mérida,30.0,Casa,3,12,Alta,9,True,600.04,Ineficiente,450.03
2026-09-18,México,Mérida,30.0,Departamento,3,6,Baja,3,True,220.55,Eficiente,165.41
2026-01-04,México,Ciudad de México,12.3,Casa,6,18,Media,6,False,286.74,Moderado,215.06
2026-01-18,México,Monterrey,14.5,Departamento,2,11,Alta,13,True,287.76,Moderado,215.82
2026-03-06,Perú,Arequipa,16.3,Casa,5,13,Media,5,False,385.44,Moderado,289.08
2026-03-16,México,Mérida,27.6,Departamento,3,6,Media,10,True,200.76,Eficiente,150.57
2026-12-05,México,Guadalajara,19.8,Local,5,20,Alta,13,True,876.48,Ineficiente,657.36
2026-07-12,México,Ciudad de México,18.3,Departamento,4,6,Media,7,True,201.65,Eficiente,151.24
2026-02-08,México,Ciudad de México,13.0,Departamento,3,13,Media,10,True,211.13,Eficiente,158.35
2026-05-15,México,Tijuana,18.8,Departamento,2,12,Alta,13,True,276.54,Moderado,207.41
2026-09-16,México,Ciudad de México,18.3,Casa,4,10,Baja,2,True,227.6,Eficiente,170.7
2026-09-23,Colombia,Bucaramanga,21.5,Casa,5,11,Baja,2,True,289.89,Moderado,217.42
2026-04-12,Colombia,Cali,24.4,Casa,2,15,Media,5,True,211.2,Eficiente,158.4
2026-03-01,Colombia,Bucaramanga,23.5,Departamento,4,7,Media,7,True,123.0,Eficiente,92.25
2026-05-02,México,Mérida,30.8,Departamento,1,12,Alta,10,False,287.46,Moderado,215.59
2026-05-11,Colombia,Barranquilla,29.0,Casa,4,11,Media,4,True,241.02,Eficiente,180.76
2026-04-21,México,Ciudad de México,19.0,Local,15,24,Media,7,True,1365.06,Ineficiente,1023.8
2026-09-22,México,Guadalajara,24.9,Casa,2,8,Media,9,True,302.38,Moderado,226.78
2026-06-19,Colombia,Medellín,20.6,Departamento,5,4,Baja,6,True,124.88,Eficiente,93.66
2026-02-01,México,Monterrey,17.8,Casa,4,13,Baja,2,True,159.28,Eficiente,119.46
2026-08-23,México,Ciudad de México,17.4,Casa,2,13,Media,5,True,250.82,Moderado,188.12
2026-11-27,Perú,Arequipa,16.4,Casa,6,4,Alta,13,True,406.97,Moderado,305.23
2026-05-04,México,Mérida,30.4,Casa,5,18,Baja,6,False,467.96,Ineficiente,350.97
2026-06-02,México,Tijuana,20.2,Departamento,1,12,Media,6,True,216.5,Eficiente,162.38
2026-08-04,Perú,Cusco,10.8,Casa,4,18,Alta,12,True,420.03,Moderado,315.02
2026-05-03,Perú,Piura,26.0,Casa,4,11,Media,9,True,329.95,Moderado,247.46
2026-06-17,México,Mérida,31.3,Departamento,5,7,Media,9,True,217.3,Eficiente,162.98
2026-11-26,Colombia,Bucaramanga,22.4,Departamento,4,9,Baja,2,True,139.2,Eficiente,104.4
2026-10-24,Colombia,Cali,23.3,Casa,4,22,Alta,14,True,505.78,Ineficiente,379.34
2026-12-18,México,Mérida,24.7,Departamento,2,10,Media,9,False,196.46,Eficiente,147.34
2026-11-27,Perú,Puno,11.7,Casa,6,15,Media,8,True,281.64,Moderado,211.23
2026-12-28,Perú,Cusco,14.4,Casa,2,12,Alta,8,True,445.56,Moderado,334.17
2026-11-10,México,Ciudad de México,14.6,Departamento,5,13,Media,8,False,324.89,Moderado,243.67
2026-03-03,México,Tijuana,15.9,Departamento,5,6,Media,5,True,176.12,Eficiente,132.09
2026-02-05,México,Guadalajara,21.0,Casa,6,18,Baja,5,True,449.04,Moderado,336.78
2026-10-24,México,Guadalajara,23.0,Departamento,2,12,Media,10,True,262.66,Moderado,197.0
2026-07-13,Colombia,Bogotá,12.8,Casa,6,11,Baja,1,False,216.53,Eficiente,162.4
2026-05-13,México,Guadalajara,25.8,Casa,5,9,Media,7,True,333.72,Moderado,250.29
2026-05-23,México,Ciudad de México,19.3,Casa,2,14,Alta,15,True,573.39,Ineficiente,430.04
2026-01-18,México,Guadalajara,18.2,Departamento,5,8,Alta,11,True,254.13,Moderado,190.6
2026-03-25,Colombia,Medellín,21.7,Local,2,23,Media,4,True,780.96,Ineficiente,585.72
2026-02-26,Colombia,Bogotá,13.1,Local,2,22,Alta,15,True,1068.89,Ineficiente,801.67
2026-02-08,México,Ciudad de México,13.0,Casa,1,18,Media,10,False,265.38,Moderado,199.04
2026-10-06,Colombia,Medellín,22.8,Local,8,26,Media,7,True,864.16,Ineficiente,648.12
2026-04-20,Colombia,Cali,23.4,Casa,4,8,Baja,6,False,295.26,Moderado,221.44
2026-06-23,Perú,Puno,8.5,Departamento,5,7,Baja,1,True,94.87,Eficiente,71.15
2026-11-04,México,Tijuana,17.1,Local,5,24,Baja,5,True,958.28,Ineficiente,718.71
2026-09-29,Colombia,Barranquilla,28.4,Casa,7,8,Alta,10,False,414.35,Moderado,310.76
2026-04-15,Perú,Arequipa,15.2,Departamento,5,12,Baja,6,True,148.85,Eficiente,111.64
2026-09-18,Colombia,Barranquilla,29.6,Casa,5,5,Media,10,True,386.78,Moderado,290.08
2026-02-16,México,Monterrey,17.4,Departamento,3,8,Media,7,True,181.97,Eficiente,136.48
2026-09-27,México,Ciudad de México,17.4,Casa,3,13,Alta,9,False,423.32,Moderado,317.49
2026-11-09,México,Tijuana,18.7,Departamento,8,6,Baja,2,False,162.44,Eficiente,121.83
2026-07-26,Colombia,Cali,23.6,Casa,6,5,Alta,14,True,414.82,Moderado,311.12
2026-03-04,Colombia,Medellín,21.8,Casa,6,14,Alta,13,True,572.29,Ineficiente,429.22
2026-10-21,México,Tijuana,22.0,Casa,1,14,Alta,9,True,377.46,Moderado,283.09
2026-03-22,Perú,Lima,26.8,Local,15,16,Baja,6,True,1044.64,Ineficiente,783.48
2026-06-13,Perú,Cusco,10.7,Departamento,2,11,Baja,2,True,172.98,Eficiente,129.73
2026-05-27,México,Mérida,30.6,Local,10,18,Media,4,True,772.27,Ineficiente,579.2
2026-09-05,Perú,Lima,19.5,Casa,2,10,Media,6,False,299.06,Moderado,224.3
2026-04-08,Perú,Puno,10.7,Departamento,3,9,Media,7,True,243.82,Eficiente,182.86
2026-11-12,Colombia,Barranquilla,28.4,Departamento,2,7,Media,9,True,143.63,Eficiente,107.72
2026-10-24,México,Guadalajara,23.7,Departamento,5,10,Alta,13,True,179.69,Eficiente,134.77
2026-10-09,México,Mérida,29.7,Departamento,2,4,Media,5,False,106.32,Eficiente,79.74
2026-10-18,México,Guadalajara,22.4,Casa,10,11,Baja,3,True,288.27,Moderado,216.2
2026-08-04,Colombia,Barranquilla,30.0,Casa,6,15,Baja,2,True,258.89,Moderado,194.17
2026-08-15,México,Monterrey,31.8,Local,3,12,Baja,5,False,468.59,Ineficiente,351.44
2026-06-08,Colombia,Cali,23.9,Casa,3,8,Media,7,False,249.63,Eficiente,187.22
2026-12-09,México,Monterrey,15.2,Casa,4,17,Baja,4,True,265.58,Moderado,199.18
2026-04-27,Colombia,Barranquilla,28.1,Departamento,4,5,Media,4,True,253.31,Moderado,189.98
2026-02-14,México,Mérida,25.8,Local,15,27,Media,7,True,1362.51,Ineficiente,1021.88
2026-08-04,México,Monterrey,31.6,Casa,4,7,Media,5,True,225.98,Eficiente,169.48
2026-12-06,México,Monterrey,15.5,Departamento,4,5,Media,9,False,246.22,Eficiente,184.66
2026-10-15,Colombia,Bogotá,14.8,Casa,1,18,Media,5,True,275.14,Moderado,206.36
2026-08-28,Perú,Arequipa,14.9,Local,15,21,Baja,1,True,817.28,Ineficiente,612.96
2026-09-07,México,Monterrey,29.0,Departamento,2,12,Media,4,True,254.3,Moderado,190.73
2026-10-11,Perú,Puno,11.7,Local,8,22,Alta,9,True,1389.16,Ineficiente,1041.87
2026-11-22,Colombia,Bucaramanga,22.2,Casa,2,14,Media,9,False,486.63,Ineficiente,364.97
2026-04-23,Perú,Cusco,13.7,Casa,3,8,Alta,12,True,235.52,Eficiente,176.64
2026-08-30,México,Mérida,31.9,Local,8,20,Baja,1,True,930.52,Ineficiente,697.89
2026-01-02,Perú,Cusco,13.1,Casa,4,12,Media,5,True,236.83,Eficiente,177.62
2026-09-16,Perú,Arequipa,14.6,Casa,4,5,Alta,8,False,289.96,Moderado,217.47
2026-03-06,Perú,Puno,11.7,Local,10,13,Alta,9,False,917.38,Ineficiente,688.04
2026-12-23,México,Ciudad de México,13.4,Casa,2,12,Media,9,False,374.53,Moderado,280.9
2026-11-14,México,Guadalajara,21.4,Casa,4,15,Media,5,True,308.84,Moderado,231.63
2026-09-22,México,Tijuana,23.8,Casa,5,10,Baja,3,True,228.98,Eficiente,171.74
2026-04-20,México,Guadalajara,23.1,Casa,5,13,Media,9,True,291.44,Moderado,218.58
2026-02-23,Perú,Lima,27.6,Casa,4,13,Media,5,True,357.24,Moderado,267.93
2026-10-30,México,Tijuana,21.1,Casa,6,7,Alta,11,False,321.48,Moderado,241.11
2026-10-04,Perú,Cusco,12.4,Casa,8,11,Media,5,True,364.9,Moderado,273.67
2026-08-21,México,Ciudad de México,18.1,Casa,2,8,Media,10,True,211.53,Eficiente,158.65
2026-07-20,México,Mérida,31.9,Local,3,12,Media,5,True,459.16,Ineficiente,344.37
2026-03-12,México,Monterrey,21.7,Casa,3,16,Media,10,False,353.67,Moderado,265.25
2026-05-04,Colombia,Cali,23.5,Casa,3,5,Media,4,False,201.72,Eficiente,151.29
2026-08-06,México,Mérida,30.5,Casa,4,12,Media,5,True,412.47,Moderado,309.35
2026-06-16,México,Monterrey,30.4,Departamento,3,8,Media,6,False,258.38,Moderado,193.78
2026-09-23,Perú,Lima,19.3,Departamento,1,6,Baja,4,False,123.15,Eficiente,92.36
2026-07-02,Colombia,Medellín,20.9,Casa,4,10,Media,5,False,181.6,Eficiente,136.2
2026-11-24,México,Ciudad de México,15.7,Local,8,10,Baja,4,True,534.76,Ineficiente,401.07
2026-09-16,México,Monterrey,29.4,Departamento,6,11,Media,10,False,248.5,Eficiente,186.38
2026-01-22,México,Guadalajara,19.6,Casa,4,18,Baja,1,True,344.51,Moderado,258.38
2026-12-06,Colombia,Cali,24.6,Departamento,4,8,Baja,4,False,156.37,Eficiente,117.28
2026-12-12,México,Tijuana,15.5,Casa,8,4,Media,9,False,326.61,Moderado,244.96
2026-03-28,Colombia,Bucaramanga,23.1,Departamento,2,4,Baja,4,True,160.73,Eficiente,120.55
2026-01-05,México,Mérida,23.9,Departamento,6,8,Alta,11,False,251.67,Moderado,188.75
2026-10-17,Perú,Arequipa,15.7,Casa,4,13,Baja,4,True,260.36,Moderado,195.27
2026-09-11,Colombia,Bogotá,13.3,Casa,5,13,Baja,5,True,279.14,Moderado,209.36
2026-09-16,México,Mérida,31.0,Departamento,3,6,Media,5,False,158.51,Eficiente,118.88
2026-12-30,México,Tijuana,14.5,Casa,3,17,Baja,1,True,221.2,Eficiente,165.9
2026-03-31,Perú,Cusco,14.0,Casa,3,13,Media,7,True,333.53,Moderado,250.15
2026-01-08,Perú,Cusco,14.1,Local,10,19,Baja,1,True,906.79,Ineficiente,680.09
2026-01-11,Colombia,Medellín,22.4,Casa,3,14,Media,9,True,221.93,Eficiente,166.45
2026-06-26,Colombia,Barranquilla,29.5,Casa,5,15,Media,4,False,297.9,Moderado,223.42
2026-05-30,México,Ciudad de México,18.2,Departamento,6,9,Alta,9,True,215.93,Eficiente,161.95
2026-09-28,México,Mérida,29.7,Casa,1,11,Baja,2,False,201.49,Eficiente,151.12
2026-08-27,México,Tijuana,23.4,Casa,3,13,Media,9,True,420.69,Moderado,315.52
2026-06-13,Colombia,Cali,23.7,Departamento,4,13,Alta,11,False,239.54,Eficiente,179.66
2026-06-24,Perú,Lima,19.4,Casa,6,18,Media,6,True,366.9,Moderado,275.17
2026-06-28,Perú,Arequipa,14.4,Local,10,25,Media,7,True,937.12,Ineficiente,702.84
2026-03-17,México,Monterrey,21.1,Local,3,22,Alta,8,True,1157.61,Ineficiente,868.21
2026-05-01,Perú,Arequipa,15.1,Departamento,2,9,Alta,14,False,275.73,Moderado,206.8
2026-10-01,México,Tijuana,20.6,Departamento,1,14,Baja,1,False,112.45,Eficiente,84.34
2026-07-05,Perú,Puno,7.4,Casa,5,11,Alta,12,True,313.97,Moderado,235.48
2026-10-07,Colombia,Barranquilla,28.4,Casa,6,11,Baja,5,False,224.51,Eficiente,168.38
2026-05-21,Colombia,Barranquilla,29.2,Departamento,2,6,Baja,5,True,111.33,Eficiente,83.5
2026-08-31,México,Ciudad de México,18.5,Local,2,14,Baja,5,True,277.76,Moderado,208.32
2026-02-11,Colombia,Barranquilla,27.9,Casa,3,15,Baja,4,False,297.5,Moderado,223.12
2026-11-30,México,Tijuana,18.6,Casa,6,17,Baja,5,True,251.69,Moderado,188.77
2026-02-27,México,Mérida,25.7,Casa,7,18,Alta,10,True,536.67,Ineficiente,402.5
2026-07-14,México,Monterrey,31.3,Casa,7,15,Alta,12,True,596.72,Ineficiente,447.54
2026-10-30,Colombia,Bogotá,13.2,Departamento,2,4,Alta,15,True,181.94,Eficiente,136.45
2026-10-21,México,Monterrey,24.5,Casa,5,21,Baja,3,False,402.67,Moderado,302.0
2026-09-15,México,Monterrey,29.2,Local,3,32,Alta,15,True,1991.1,Ineficiente,1493.32
2026-12-06,Colombia,Medellín,22.5,Local,5,16,Media,7,True,913.22,Ineficiente,684.92
2026-10-26,Colombia,Barranquilla,29.5,Local,10,19,Media,6,True,831.32,Ineficiente,623.49
2026-01-15,Perú,Piura,27.4,Departamento,2,6,Baja,3,False,167.41,Eficiente,125.56
2026-07-01,México,Monterrey,32.6,Departamento,1,12,Alta,13,True,179.2,Eficiente,134.4
2026-10-28,México,Mérida,29.4,Local,2,22,Baja,5,False,476.62,Ineficiente,357.46
2026-11-13,México,Guadalajara,21.2,Casa,8,8,Media,4,False,351.8,Moderado,263.85
2026-08-30,México,Mérida,30.0,Casa,5,11,Alta,8,True,368.42,Moderado,276.32
2026-07-13,Colombia,Medellín,20.0,Local,10,31,Media,4,True,837.01,Ineficiente,627.76
2026-05-12,Colombia,Barranquilla,28.4,Departamento,1,10,Baja,6,False,196.16,Eficiente,147.12
2026-06-19,Colombia,Medellín,20.5,Casa,6,12,Baja,6,True,364.73,Moderado,273.55
2026-05-12,Colombia,Cali,23.5,Casa,5,7,Media,10,False,242.36,Eficiente,181.77
2026-11-11,Colombia,Bucaramanga,23.9,Local,8,19,Baja,3,True,483.13,Ineficiente,362.35
2026-09-10,México,Guadalajara,23.6,Casa,3,14,Alta,11,True,475.24,Ineficiente,356.43
2026-11-05,México,Mérida,27.2,Departamento,2,6,Baja,3,False,153.32,Eficiente,114.99
2026-12-06,México,Guadalajara,19.1,Departamento,4,7,Baja,2,False,112.11,Eficiente,84.08
2026-08-26,Perú,Arequipa,15.0,Local,1,29,Alta,12,True,843.49,Ineficiente,632.62
2026-04-29,Perú,Lima,25.3,Casa,4,8,Alta,11,True,494.32,Ineficiente,370.74
2026-08-11,México,Tijuana,23.5,Casa,4,11,Media,6,True,321.75,Moderado,241.31
2026-08-10,Colombia,Barranquilla,28.9,Casa,2,13,Baja,5,True,346.45,Moderado,259.84
2026-09-24,México,Tijuana,22.7,Casa,4,9,Media,9,True,266.82,Moderado,200.12
2026-10-16,México,Guadalajara,23.8,Departamento,1,6,Alta,10,False,208.85,Eficiente,156.64
2026-12-21,Colombia,Medellín,22.0,Departamento,3,8,Alta,11,True,140.23,Eficiente,105.17
2026-08-30,Colombia,Medellín,21.0,Departamento,3,8,Alta,9,True,285.88,Moderado,214.41
2026-01-11,México,Mérida,23.2,Casa,4,14,Baja,2,False,202.8,Eficiente,152.1
2026-10-19,México,Mérida,28.5,Departamento,3,12,Media,10,True,274.11,Moderado,205.58
2026-10-31,México,Tijuana,20.3,Casa,3,8,Media,4,True,210.57,Eficiente,157.93
2026-08-21,Perú,Cusco,10.9,Casa,2,10,Alta,15,False,506.83,Ineficiente,380.12
2026-12-22,Perú,Lima,25.6,Casa,8,14,Media,10,True,554.91,Ineficiente,416.18
2026-05-02,Perú,Lima,21.5,Casa,1,13,Baja,1,True,123.72,Eficiente,92.79
2026-05-26,Perú,Puno,11.0,Casa,6,15,Media,6,False,420.04,Moderado,315.03
2026-03-28,México,Ciudad de México,15.5,Departamento,6,11,Baja,4,True,112.16,Eficiente,84.12
2026-05-22,México,Guadalajara,25.8,Casa,6,8,Baja,6,False,287.09,Moderado,215.32
2026-07-26,México,Ciudad de México,17.8,Casa,5,11,Media,10,True,378.95,Moderado,284.21
2026-12-02,Perú,Puno,11.4,Casa,10,10,Baja,4,True,307.81,Moderado,230.86
2026-01-24,Perú,Cusco,14.5,Casa,5,13,Alta,10,True,445.58,Moderado,334.18
2026-01-20,Perú,Piura,27.6,Casa,5,8,Baja,4,True,258.34,Moderado,193.76
2026-06-01,México,Guadalajara,24.3,Casa,7,14,Media,6,True,417.78,Moderado,313.33
2026-06-09,México,Mérida,31.2,Casa,8,9,Baja,2,True,263.95,Moderado,197.96
2026-04-08,Perú,Piura,28.3,Casa,3,11,Media,6,True,447.02,Moderado,335.26
2026-11-11,Perú,Arequipa,16.1,Departamento,1,6,Baja,2,True,106.73,Eficiente,80.05
2026-04-22,Perú,Puno,11.6,Departamento,3,8,Media,7,False,197.71,Eficiente,148.28
2026-10-27,México,Mérida,28.4,Departamento,3,6,Media,10,True,311.17,Moderado,233.38
2026-04-15,México,Monterrey,25.4,Casa,7,9,Baja,4,True,227.17,Eficiente,170.38
2026-07-08,México,Monterrey,32.6,Casa,3,6,Media,7,True,439.73,Moderado,329.8
2026-08-30,Perú,Puno,8.0,Casa,10,22,Media,7,True,389.87,Moderado,292.4
2026-09-08,México,Ciudad de México,17.9,Casa,3,11,Alta,12,True,361.66,Moderado,271.24
2026-05-11,Perú,Piura,26.8,Departamento,2,7,Media,4,True,136.16,Eficiente,102.12
2026-09-15,México,Monterrey,28.1,Departamento,4,5,Baja,1,False,214.63,Eficiente,160.97
2026-05-18,México,Monterrey,28.2,Casa,3,13,Alta,9,True,591.09,Ineficiente,443.32
2026-07-24,México,Monterrey,31.5,Local,5,21,Baja,4,True,730.11,Ineficiente,547.58
2026-06-20,Colombia,Barranquilla,29.7,Casa,4,12,Alta,8,True,461.23,Ineficiente,345.92
2026-08-23,México,Guadalajara,24.7,Casa,4,18,Alta,8,True,531.41,Ineficiente,398.56
2026-03-04,México,Guadalajara,22.7,Casa,5,7,Alta,9,False,481.72,Ineficiente,361.29
2026-02-14,México,Ciudad de México,14.0,Casa,5,13,Media,10,True,348.17,Moderado,261.13
2026-05-15,México,Monterrey,29.6,Departamento,3,4,Media,9,True,212.77,Eficiente,159.58
2026-01-21,México,Ciudad de México,13.8,Casa,2,13,Baja,2,False,226.56,Eficiente,169.92
2026-10-10,Colombia,Bogotá,13.0,Casa,5,8,Alta,9,True,510.4,Ineficiente,382.8
2026-03-19,México,Guadalajara,21.6,Casa,6,18,Baja,4,False,313.64,Moderado,235.23
2026-07-22,Colombia,Medellín,21.7,Casa,5,10,Baja,6,True,305.96,Moderado,229.47
2026-07-18,Perú,Lima,17.0,Casa,4,15,Media,4,False,301.79,Moderado,226.34
2026-09-14,México,Monterrey,29.4,Casa,4,15,Baja,6,True,317.32,Moderado,237.99
2026-10-15,México,Ciudad de México,16.0,Casa,5,12,Media,10,True,393.34,Moderado,295.0
2026-03-17,Colombia,Barranquilla,28.4,Departamento,1,9,Media,6,True,255.53,Moderado,191.65
2026-05-20,México,Mérida,29.8,Departamento,2,9,Baja,4,False,147.9,Eficiente,110.93
2026-03-23,Perú,Arequipa,17.5,Casa,3,11,Media,5,True,258.01,Moderado,193.51
2026-06-17,Perú,Lima,19.1,Casa,3,10,Baja,5,True,165.58,Eficiente,124.18
2026-08-12,Perú,Piura,23.4,Casa,1,8,Media,6,True,251.76,Moderado,188.82
2026-06-30,Colombia,Cali,22.2,Local,3,12,Baja,3,False,290.82,Moderado,218.12
2026-06-25,México,Monterrey,32.0,Departamento,2,11,Media,8,True,274.6,Moderado,205.95
2026-08-31,Colombia,Bogotá,12.3,Local,15,21,Alta,8,True,1651.5,Ineficiente,1238.62
2026-10-03,México,Mérida,29.5,Local,1,14,Media,8,True,573.13,Ineficiente,429.85
2026-10-10,Colombia,Medellín,22.3,Departamento,2,6,Alta,12,True,240.34,Eficiente,180.26
2026-01-11,México,Guadalajara,19.1,Casa,5,21,Alta,15,False,757.25,Ineficiente,567.94
2026-11-07,Colombia,Bogotá,13.4,Departamento,2,6,Alta,12,False,165.87,Eficiente,124.4
2026-09-15,Perú,Piura,23.4,Local,20,25,Alta,13,True,2128.4,Ineficiente,1596.3
2026-02-16,Perú,Piura,28.1,Local,10,21,Media,10,True,1125.63,Ineficiente,844.22
2026-05-29,México,Mérida,31.0,Departamento,3,12,Alta,8,True,484.03,Ineficiente,363.02
2026-03-31,Perú,Arequipa,17.3,Departamento,3,7,Alta,10,True,247.63,Eficiente,185.72
2026-12-29,Colombia,Barranquilla,28.4,Casa,8,6,Media,10,True,448.31,Moderado,336.23
2026-04-29,México,Ciudad de México,18.3,Departamento,3,8,Media,8,False,237.93,Eficiente,178.45
2026-01-12,México,Monterrey,15.0,Casa,4,14,Media,9,True,310.11,Moderado,232.58
2026-09-03,México,Guadalajara,23.2,Casa,3,17,Baja,3,False,243.64,Eficiente,182.73
2026-09-13,México,Mérida,30.4,Casa,5,11,Baja,3,True,315.72,Moderado,236.79
2026-12-02,Colombia,Barranquilla,27.6,Departamento,3,9,Baja,5,True,137.26,Eficiente,102.94
2026-04-16,Colombia,Bucaramanga,23.0,Casa,5,17,Media,5,True,342.15,Moderado,256.61
2026-01-28,Colombia,Bogotá,14.2,Casa,5,7,Alta,15,True,555.72,Ineficiente,416.79
2026-06-14,Colombia,Cali,23.0,Casa,10,11,Media,9,True,323.22,Moderado,242.42
2026-09-11,Colombia,Barranquilla,29.4,Casa,5,10,Baja,4,True,404.98,Moderado,303.74
2026-04-30,México,Monterrey,25.8,Departamento,1,6,Media,9,True,199.12,Eficiente,149.34
2026-04-04,Colombia,Medellín,21.3,Casa,4,7,Baja,5,False,286.14,Moderado,214.6
2026-05-31,México,Mérida,29.8,Casa,2,15,Media,5,True,266.21,Moderado,199.66
2026-08-07,Perú,Lima,18.3,Casa,5,11,Media,7,False,190.6,Eficiente,142.95
2026-06-01,Perú,Arequipa,13.2,Local,2,20,Baja,1,True,513.66,Ineficiente,385.24
2026-08-23,Colombia,Medellín,20.4,Local,8,20,Baja,2,True,589.34,Ineficiente,442.0
2026-09-04,Colombia,Bogotá,13.5,Casa,3,13,Baja,6,True,317.41,Moderado,238.06
2026-07-20,Perú,Arequipa,13.7,Casa,3,8,Media,5,False,147.8,Eficiente,110.85
2026-10-06,Perú,Lima,20.2,Casa,3,19,Media,8,True,447.02,Moderado,335.26
2026-07-27,Colombia,Bucaramanga,21.2,Local,10,20,Alta,11,True,988.2,Ineficiente,741.15
2026-05-18,Perú,Piura,26.6,Casa,10,8,Alta,13,True,677.49,Ineficiente,508.12
2026-08-19,Colombia,Cali,23.7,Departamento,3,6,Alta,8,True,308.81,Moderado,231.61
2026-09-23,México,Mérida,30.0,Casa,5,19,Baja,1,True,249.49,Eficiente,187.12
2026-08-31,México,Monterrey,31.8,Departamento,2,11,Media,8,False,340.72,Moderado,255.54
2026-02-19,México,Ciudad de México,13.6,Casa,4,10,Media,6,True,213.33,Eficiente,160.0
2026-04-24,México,Guadalajara,24.2,Departamento,4,12,Baja,6,True,144.05,Eficiente,108.04
2026-10-17,Colombia,Bogotá,13.3,Local,2,14,Media,7,True,762.43,Ineficiente,571.82
2026-08-11,México,Ciudad de México,18.3,Casa,6,13,Alta,9,True,493.85,Ineficiente,370.39
2026-03-23,Perú,Cusco,13.1,Local,8,30,Media,8,True,1336.95,Ineficiente,1002.71
2026-07-24,México,Tijuana,22.5,Local,2,13,Media,5,False,270.59,Moderado,202.94
2026-08-19,Perú,Lima,17.1,Casa,5,14,Alta,15,True,453.17,Ineficiente,339.88
2026-11-20,México,Monterrey,19.7,Departamento,3,6,Media,7,False,239.61,Eficiente,179.71
2026-09-25,México,Ciudad de México,18.3,Local,8,16,Media,9,False,864.69,Ineficiente,648.52
2026-02-09,Perú,Piura,29.2,Casa,6,15,Baja,2,False,279.19,Moderado,209.39
2026-09-14,Colombia,Barranquilla,28.3,Departamento,3,12,Baja,6,True,200.39,Eficiente,150.29
2026-06-11,México,Ciudad de México,18.5,Casa,6,12,Alta,9,False,245.31,Eficiente,183.98
2026-02-13,México,Guadalajara,19.7,Departamento,6,7,Baja,1,False,136.81,Eficiente,102.61
2026-06-10,Perú,Piura,23.2,Local,3,21,Media,10,True,882.98,Ineficiente,662.24
2026-07-14,México,Monterrey,32.3,Local,2,25,Media,7,True,558.34,Ineficiente,418.76
2026-01-27,Perú,Arequipa,17.6,Local,2,18,Alta,10,False,882.29,Ineficiente,661.72
2026-01-28,México,Monterrey,15.4,Departamento,2,8,Alta,11,False,307.88,Moderado,230.91
2026-10-18,México,Ciudad de México,17.9,Casa,4,24,Media,9,True,403.43,Moderado,302.57
2026-12-19,Colombia,Bucaramanga,22.0,Casa,5,17,Alta,12,True,586.9,Ineficiente,440.17
2026-01-10,Perú,Lima,27.1,Local,3,21,Media,4,True,487.53,Ineficiente,365.65
2026-04-19,Colombia,Cali,23.7,Departamento,3,10,Media,4,True,219.97,Eficiente,164.98
2026-10-16,Perú,Lima,20.4,Departamento,3,9,Media,8,True,212.84,Eficiente,159.63
2026-06-20,Perú,Puno,9.0,Casa,7,9,Media,4,True,320.75,Moderado,240.56
2026-05-02,México,Ciudad de México,19.7,Casa,6,8,Alta,14,True,474.27,Ineficiente,355.7
2026-10-12,Perú,Lima,21.1,Departamento,3,8,Alta,14,True,262.4,Moderado,196.8
2026-12-11,Perú,Piura,28.7,Casa,5,9,Alta,13,True,534.63,Ineficiente,400.97
2026-09-21,México,Mérida,29.5,Casa,7,15,Baja,4,True,354.64,Moderado,265.98
2026-03-22,México,Guadalajara,22.3,Departamento,3,12,Media,10,True,262.15,Moderado,196.61
2026-07-10,México,Guadalajara,23.2,Departamento,2,5,Alta,13,True,236.38,Eficiente,177.28
2026-12-13,Perú,Cusco,14.5,Casa,3,15,Media,5,False,330.89,Moderado,248.17
2026-03-30,México,Ciudad de México,15.8,Casa,6,8,Media,10,True,218.12,Eficiente,163.59
2026-03-04,Colombia,Bucaramanga,22.2,Casa,6,14,Media,9,True,318.17,Moderado,238.63
2026-07-20,México,Mérida,31.2,Casa,5,15,Media,9,False,375.17,Moderado,281.38
2026-12-20,México,Ciudad de México,14.2,Casa,6,12,Baja,1,False,192.7,Eficiente,144.52
2026-06-11,Colombia,Cali,22.2,Local,5,29,Media,5,False,657.92,Ineficiente,493.44
2026-07-16,Colombia,Cali,22.9,Local,3,18,Media,6,True,520.79,Ineficiente,390.59
2026-08-05,México,Ciudad de México,18.5,Casa,6,11,Baja,5,True,244.23,Eficiente,183.17
2026-05-06,Colombia,Medellín,22.0,Local,8,13,Alta,14,False,912.6,Ineficiente,684.45
2026-01-04,Colombia,Cali,24.7,Casa,3,10,Baja,1,True,140.91,Eficiente,105.68
2026-05-30,México,Guadalajara,26.2,Local,8,9,Baja,5,False,347.82,Moderado,260.86
2026-10-25,Colombia,Bucaramanga,23.9,Departamento,1,10,Media,5,True,185.26,Eficiente,138.94
2026-12-21,Perú,Piura,28.0,Local,3,11,Media,10,True,644.92,Ineficiente,483.69
2026-12-28,Perú,Arequipa,16.9,Local,5,19,Baja,4,False,448.89,Moderado,336.67
2026-10-12,Colombia,Bogotá,14.9,Local,8,18,Alta,9,True,1105.01,Ineficiente,828.76
2026-09-12,México,Monterrey,28.6,Casa,3,5,Baja,4,True,205.91,Eficiente,154.43
2026-08-22,Colombia,Medellín,20.1,Departamento,2,8,Media,6,False,191.98,Eficiente,143.98
2026-05-04,México,Monterrey,29.5,Local,2,14,Media,10,True,519.9,Ineficiente,389.92
2026-05-19,Colombia,Cali,24.4,Departamento,1,6,Media,6,True,191.74,Eficiente,143.8
2026-07-16,Perú,Piura,23.1,Local,1,17,Media,5,True,338.06,Moderado,253.54
2026-03-21,México,Mérida,27.4,Departamento,2,11,Media,4,True,184.57,Eficiente,138.43
2026-11-03,México,Monterrey,20.7,Casa,5,9,Media,10,True,263.38,Moderado,197.54
2026-05-08,Colombia,Bogotá,14.4,Casa,3,12,Alta,11,True,378.86,Moderado,284.14
2026-08-10,Perú,Puno,9.6,Casa,1,15,Alta,13,True,422.05,Moderado,316.54
2026-07-04,México,Monterrey,31.1,Departamento,1,10,Media,5,True,153.8,Eficiente,115.35
2026-06-26,Perú,Puno,8.2,Casa,6,11,Baja,4,True,293.07,Moderado,219.8
2026-01-08,México,Mérida,23.8,Local,5,22,Media,5,True,598.85,Ineficiente,449.14
2026-01-15,México,Ciudad de México,13.1,Local,8,25,Media,6,True,788.54,Ineficiente,591.4
2026-03-22,Colombia,Barranquilla,30.0,Departamento,5,7,Media,4,True,118.68,Eficiente,89.01
2026-11-30,México,Tijuana,18.7,Departamento,2,8,Baja,6,True,135.49,Eficiente,101.62
2026-09-16,Colombia,Bogotá,13.0,Departamento,3,14,Media,7,True,213.45,Eficiente,160.09
2026-12-15,México,Ciudad de México,14.5,Casa,5,10,Alta,9,True,252.4,Moderado,189.3
2026-01-30,México,Ciudad de México,12.2,Local,15,21,Alta,14,True,2058.94,Ineficiente,1544.2
2026-03-01,México,Ciudad de México,16.4,Casa,4,20,Alta,12,True,499.72,Ineficiente,374.79
2026-08-17,Colombia,Bogotá,12.9,Casa,5,14,Alta,12,True,364.14,Moderado,273.1
2026-03-29,México,Ciudad de México,15.4,Casa,3,15,Baja,1,False,126.11,Eficiente,94.58
2026-08-12,México,Mérida,31.7,Departamento,2,7,Media,6,True,160.14,Eficiente,120.1
2026-04-02,México,Monterrey,25.5,Casa,1,12,Alta,15,True,226.69,Eficiente,170.02
2026-09-02,Perú,Arequipa,15.3,Departamento,2,11,Alta,10,True,242.37,Eficiente,181.78
2026-09-29,Perú,Arequipa,14.2,Casa,4,8,Media,7,True,349.59,Moderado,262.19
2026-04-01,México,Monterrey,26.7,Local,5,33,Alta,12,True,1369.93,Ineficiente,1027.45
2026-09-14,México,Ciudad de México,17.8,Casa,2,14,Alta,8,True,228.57,Eficiente,171.43
2026-08-18,Perú,Puno,9.8,Casa,6,14,Baja,1,True,351.41,Moderado,263.56
2026-12-15,México,Ciudad de México,14.8,Local,8,16,Baja,3,True,726.9,Ineficiente,545.17
2026-09-23,México,Mérida,30.0,Casa,4,14,Media,8,True,398.85,Moderado,299.14
2026-01-05,México,Monterrey,14.7,Local,2,20,Alta,9,True,662.58,Ineficiente,496.94
2026-06-11,Perú,Piura,24.7,Casa,8,14,Baja,1,False,269.81,Moderado,202.36
2026-06-19,México,Mérida,30.3,Casa,6,14,Alta,14,True,415.66,Moderado,311.74
2026-01-14,Perú,Cusco,14.0,Casa,4,13,Alta,14,True,476.9,Ineficiente,357.67
2026-12-16,Perú,Cusco,14.1,Local,8,21,Alta,12,True,1327.77,Ineficiente,995.83
2026-12-26,Colombia,Barranquilla,27.4,Departamento,4,7,Baja,1,False,155.85,Eficiente,116.89
2026-01-07,Colombia,Medellín,22.6,Departamento,2,5,Baja,1,True,67.2,Eficiente,50.4
2026-09-07,Colombia,Bucaramanga,21.1,Casa,8,10,Media,9,True,310.41,Moderado,232.81
2026-04-01,México,Mérida,29.1,Casa,6,10,Baja,4,True,390.19,Moderado,292.64
2026-03-20,Colombia,Bucaramanga,23.5,Departamento,3,7,Alta,14,True,199.19,Eficiente,149.39
2026-05-27,Colombia,Medellín,22.9,Local,5,14,Alta,8,True,740.32,Ineficiente,555.24
2026-12-12,México,Guadalajara,18.7,Casa,3,13,Media,6,True,307.62,Moderado,230.72
2026-01-02,México,Guadalajara,18.5,Departamento,2,8,Media,7,False,152.28,Eficiente,114.21
2026-03-24,Colombia,Cali,24.4,Local,1,15,Alta,14,True,914.39,Ineficiente,685.79
2026-07-18,México,Mérida,30.4,Casa,10,16,Media,5,True,388.09,Moderado,291.07
2026-08-28,México,Monterrey,30.9,Casa,5,17,Media,6,True,323.36,Moderado,242.52
2026-02-21,Colombia,Bogotá,13.8,Casa,2,21,Alta,11,False,307.07,Moderado,230.3
2026-06-15,Colombia,Barranquilla,29.1,Local,3,27,Media,6,True,1111.04,Ineficiente,833.28
2026-11-17,Colombia,Barranquilla,28.1,Casa,3,13,Alta,8,True,482.54,Ineficiente,361.9
2026-10-20,Perú,Piura,25.0,Local,10,27,Media,8,False,752.34,Ineficiente,564.26
2026-01-04,Colombia,Bucaramanga,22.8,Casa,5,11,Media,4,True,447.16,Moderado,335.37
2026-04-21,México,Ciudad de México,18.5,Casa,3,13,Alta,12,True,583.45,Ineficiente,437.59
2026-12-11,México,Guadalajara,19.1,Casa,8,18,Alta,8,False,598.49,Ineficiente,448.87
2026-01-03,México,Tijuana,14.1,Departamento,4,6,Media,8,False,216.06,Eficiente,162.05
2026-07-14,Perú,Lima,17.9,Casa,1,7,Media,9,True,279.24,Moderado,209.43
2026-02-12,Perú,Cusco,13.9,Departamento,2,8,Media,4,True,161.31,Eficiente,120.98
2026-12-16,Perú,Puno,11.7,Departamento,4,10,Media,4,True,233.8,Eficiente,175.35
2026-06-04,México,Ciudad de México,18.6,Casa,3,8,Media,5,True,229.52,Eficiente,172.14
2026-01-15,México,Ciudad de México,13.4,Casa,4,7,Media,4,True,231.51,Eficiente,173.63
2026-05-26,Perú,Puno,9.3,Casa,6,13,Alta,9,True,439.21,Moderado,329.41
2026-03-10,Colombia,Bucaramanga,22.3,Departamento,2,7,Media,9,True,177.78,Eficiente,133.34
2026-06-29,México,Mérida,30.3,Departamento,2,10,Media,9,False,287.4,Moderado,215.55
2026-05-18,Perú,Lima,21.4,Casa,3,9,Baja,3,False,215.29,Eficiente,161.47
2026-07-15,México,Tijuana,23.4,Departamento,1,7,Alta,9,True,189.4,Eficiente,142.05
2026-04-10,Colombia,Bucaramanga,22.6,Casa,3,9,Media,6,True,333.96,Moderado,250.47
2026-10-28,México,Monterrey,24.7,Casa,7,9,Media,5,False,300.77,Moderado,225.58
2026-10-26,Colombia,Cali,23.7,Casa,2,20,Baja,1,False,220.89,Eficiente,165.67
2026-12-11,Perú,Arequipa,16.4,Departamento,3,10,Alta,9,False,292.01,Moderado,219.01
2026-06-23,México,Guadalajara,25.5,Departamento,2,5,Alta,14,True,229.01,Eficiente,171.76
2026-12-11,México,Ciudad de México,14.1,Casa,3,12,Media,9,True,308.82,Moderado,231.62
2026-11-23,México,Monterrey,20.0,Casa,4,8,Baja,6,True,179.49,Eficiente,134.62
2026-07-23,México,Monterrey,31.7,Casa,6,14,Media,5,True,292.94,Moderado,219.7
2026-03-31,Colombia,Barranquilla,28.6,Casa,4,17,Baja,5,False,203.18,Eficiente,152.38
2026-04-16,Perú,Cusco,13.8,Casa,5,9,Media,8,False,324.61,Moderado,243.46
2026-07-06,México,Guadalajara,24.0,Departamento,2,10,Media,10,False,174.66,Eficiente,131.0
2026-07-09,México,Mérida,31.9,Casa,5,12,Alta,9,True,657.13,Ineficiente,492.85
2026-09-09,Colombia,Barranquilla,29.6,Local,10,19,Alta,14,True,1332.14,Ineficiente,999.1
2026-09-05,Perú,Puno,9.1,Casa,8,15,Media,9,True,278.44,Moderado,208.83
2026-11-07,México,Monterrey,19.4,Departamento,4,7,Media,8,False,112.11,Eficiente,84.08
2026-10-24,Colombia,Bucaramanga,23.5,Casa,3,11,Media,8,True,341.59,Moderado,256.19
2026-03-01,México,Monterrey,21.9,Casa,6,20,Baja,5,True,326.27,Moderado,244.7
2026-10-02,México,Guadalajara,22.1,Departamento,3,6,Alta,10,False,210.6,Eficiente,157.95
2026-08-18,México,Ciudad de México,17.6,Casa,3,22,Media,4,True,383.34,Moderado,287.5
2026-12-22,México,Guadalajara,19.1,Departamento,5,7,Alta,10,True,314.24,Moderado,235.68
2026-06-05,Perú,Piura,23.3,Casa,3,13,Media,9,True,297.49,Moderado,223.12
2026-07-09,México,Monterrey,32.4,Casa,5,16,Media,7,True,412.9,Moderado,309.67
2026-09-19,Colombia,Bucaramanga,22.1,Casa,5,19,Media,8,False,424.24,Moderado,318.18
2026-08-15,Perú,Piura,22.1,Casa,1,12,Alta,8,True,294.5,Moderado,220.88
2026-04-03,Colombia,Barranquilla,28.0,Casa,3,13,Baja,6,True,250.54,Moderado,187.9
2026-03-19,México,Monterrey,22.1,Local,15,21,Media,5,True,803.71,Ineficiente,602.78
2026-01-09,Colombia,Barranquilla,27.0,Casa,3,13,Baja,6,True,229.05,Eficiente,171.79
2026-01-04,México,Monterrey,14.7,Departamento,3,7,Baja,1,False,87.57,Eficiente,65.68
2026-06-07,México,Monterrey,30.5,Casa,2,12,Baja,1,True,330.92,Moderado,248.19
2026-11-24,Colombia,Bucaramanga,23.0,Casa,5,13,Media,9,True,330.05,Moderado,247.54
2026-04-10,Colombia,Bucaramanga,22.2,Casa,5,17,Alta,15,True,430.82,Moderado,323.12
2026-09-25,México,Guadalajara,23.1,Casa,10,19,Media,8,False,459.29,Ineficiente,344.47
2026-02-24,México,Guadalajara,20.7,Departamento,6,6,Media,7,False,199.85,Eficiente,149.89
2026-02-09,Perú,Arequipa,16.1,Casa,4,9,Baja,6,True,169.54,Eficiente,127.16
2026-08-14,Perú,Cusco,11.6,Local,5,15,Media,5,True,759.89,Ineficiente,569.92
2026-10-28,Colombia,Bucaramanga,23.0,Departamento,2,5,Baja,3,True,175.61,Eficiente,131.71
2026-05-17,Perú,Piura,26.9,Casa,7,15,Media,6,True,197.37,Eficiente,148.03
2026-02-20,México,Monterrey,18.8,Departamento,2,9,Media,4,False,160.98,Eficiente,120.73
2026-08-02,Perú,Arequipa,13.5,Casa,3,4,Media,5,True,263.65,Moderado,197.74
2026-09-02,México,Monterrey,29.9,Casa,4,16,Media,9,True,390.24,Moderado,292.68
2026-07-04,México,Ciudad de México,18.9,Departamento,5,6,Alta,11,True,352.89,Moderado,264.67
2026-09-21,Colombia,Medellín,22.0,Casa,3,9,Media,4,False,226.95,Eficiente,170.21
2026-03-21,Colombia,Barranquilla,28.4,Departamento,2,9,Media,5,True,154.63,Eficiente,115.97
2026-12-02,Perú,Cusco,14.1,Departamento,3,8,Alta,10,False,340.44,Moderado,255.33
2026-11-14,Colombia,Cali,24.5,Local,10,12,Media,9,True,1072.91,Ineficiente,804.68
2026-07-31,Colombia,Bogotá,12.8,Departamento,3,10,Media,6,True,260.07,Moderado,195.05
2026-10-19,México,Tijuana,20.2,Casa,6,18,Alta,9,True,676.71,Ineficiente,507.53
2026-08-28,Colombia,Medellín,20.6,Casa,4,5,Alta,11,True,235.54,Eficiente,176.66
2026-01-09,México,Monterrey,14.7,Casa,3,8,Baja,4,False,245.42,Eficiente,184.06
2026-06-06,México,Ciudad de México,18.8,Departamento,2,7,Alta,14,True,242.76,Eficiente,182.07
2026-12-22,Colombia,Cali,23.0,Departamento,6,8,Baja,3,False,213.39,Eficiente,160.04
2026-02-03,Perú,Lima,28.8,Casa,6,10,Alta,12,False,678.6,Ineficiente,508.95
2026-08-10,Colombia,Bogotá,13.0,Casa,7,13,Media,10,False,360.52,Moderado,270.39
2026-07-28,Colombia,Cali,22.6,Local,2,20,Media,8,False,680.9,Ineficiente,510.67
2026-09-06,México,Tijuana,22.8,Local,3,14,Media,10,True,965.75,Ineficiente,724.31
2026-12-06,Colombia,Bucaramanga,23.2,Local,5,27,Media,5,True,768.33,Ineficiente,576.25
2026-04-30,Perú,Arequipa,15.6,Casa,3,14,Alta,11,False,386.14,Moderado,289.6
2026-12-18,Colombia,Bucaramanga,22.4,Casa,6,19,Alta,15,True,470.95,Ineficiente,353.21
2026-04-23,México,Tijuana,17.3,Casa,4,13,Baja,5,False,362.59,Moderado,271.94
2026-07-01,Perú,Cusco,9.6,Casa,6,8,Baja,3,True,204.41,Eficiente,153.31
2026-01-21,Colombia,Cali,25.0,Casa,6,14,Media,7,False,427.92,Moderado,320.94
2026-03-20,México,Monterrey,21.3,Departamento,5,5,Media,4,True,138.51,Eficiente,103.88
2026-05-18,México,Tijuana,18.7,Casa,6,16,Media,10,True,546.11,Ineficiente,409.58
2026-04-21,Perú,Piura,27.2,Casa,4,22,Media,5,True,335.01,Moderado,251.26
2026-11-30,México,Guadalajara,21.8,Local,2,9,Alta,13,True,773.18,Ineficiente,579.88
2026-03-01,Perú,Cusco,14.0,Casa,5,13,Baja,2,True,226.42,Eficiente,169.82
2026-12-23,Colombia,Cali,24.1,Casa,4,18,Alta,13,True,528.03,Ineficiente,396.02
2026-04-14,México,Mérida,28.1,Local,8,20,Media,10,True,1009.34,Ineficiente,757.0
2026-09-08,México,Monterrey,29.4,Local,3,22,Media,5,True,729.61,Ineficiente,547.21
2026-03-09,Colombia,Medellín,22.6,Departamento,4,15,Baja,4,True,237.4,Eficiente,178.05
2026-06-19,Perú,Arequipa,14.5,Casa,5,10,Alta,13,True,539.32,Ineficiente,404.49
2026-11-05,México,Tijuana,18.2,Local,5,11,Media,9,True,690.74,Ineficiente,518.06
2026-04-23,Colombia,Medellín,21.5,Departamento,1,6,Media,8,True,168.65,Eficiente,126.49
2026-12-31,México,Monterrey,16.3,Departamento,4,10,Alta,14,False,383.43,Moderado,287.57
2026-08-08,Perú,Lima,18.1,Local,10,21,Alta,13,True,1237.93,Ineficiente,928.45
2026-03-10,México,Ciudad de México,16.0,Departamento,3,8,Baja,6,True,118.62,Eficiente,88.96
2026-05-16,México,Guadalajara,26.9,Departamento,2,6,Alta,10,True,239.4,Eficiente,179.55
2026-08-17,México,Guadalajara,23.9,Casa,4,20,Media,6,True,493.01,Ineficiente,369.76
2026-01-01,Perú,Arequipa,17.1,Casa,4,11,Baja,5,False,219.88,Eficiente,164.91
2026-03-22,México,Mérida,26.2,Casa,5,6,Baja,6,False,231.32,Eficiente,173.49
2026-03-11,México,Guadalajara,22.2,Departamento,5,7,Media,10,False,246.67,Eficiente,185.0
2026-04-08,Colombia,Medellín,21.8,Casa,3,14,Alta,14,True,580.12,Ineficiente,435.09
2026-12-23,Colombia,Bucaramanga,23.6,Departamento,5,8,Media,10,True,229.25,Eficiente,171.94
2026-10-03,Perú,Cusco,13.1,Casa,6,13,Baja,2,True,214.72,Eficiente,161.04
2026-07-29,México,Monterrey,32.5,Departamento,2,13,Baja,4,True,232.1,Eficiente,174.08
2026-10-31,México,Ciudad de México,17.1,Casa,6,20,Alta,13,True,345.65,Moderado,259.24
2026-12-10,México,Ciudad de México,14.9,Departamento,4,13,Alta,15,True,535.96,Ineficiente,401.97
2026-02-04,México,Ciudad de México,14.8,Casa,5,13,Media,10,False,269.26,Moderado,201.94
2026-07-05,Colombia,Cali,23.6,Casa,6,5,Baja,1,False,178.52,Eficiente,133.89
2026-08-07,Perú,Lima,18.4,Casa,4,15,Media,6,True,331.52,Moderado,248.64
2026-08-09,México,Ciudad de México,17.4,Departamento,3,4,Media,9,True,144.18,Eficiente,108.14
2026-07-15,Perú,Lima,18.5,Casa,5,10,Baja,4,True,349.07,Moderado,261.8
2026-07-12,México,Mérida,30.8,Local,20,17,Baja,3,True,858.77,Ineficiente,644.08
2026-08-29,Perú,Cusco,10.4,Departamento,1,12,Media,5,True,176.03,Eficiente,132.02
2026-06-29,México,Tijuana,20.2,Casa,5,12,Media,10,True,260.64,Moderado,195.48
2026-08-22,Colombia,Bucaramanga,22.1,Casa,6,10,Media,5,True,377.32,Moderado,282.99
2026-12-18,México,Tijuana,15.7,Casa,4,21,Alta,14,False,529.51,Ineficiente,397.13
2026-03-25,Perú,Puno,12.8,Casa,5,10,Baja,6,False,334.7,Moderado,251.02
2026-02-22,Perú,Lima,28.7,Casa,4,14,Media,4,True,312.6,Moderado,234.45
2026-07-23,Colombia,Cali,22.7,Departamento,4,7,Media,10,False,223.61,Eficiente,167.71
2026-11-20,Colombia,Bogotá,13.7,Casa,3,12,Baja,1,True,174.56,Eficiente,130.92
2026-01-22,Colombia,Medellín,21.6,Casa,7,7,Alta,12,True,358.99,Moderado,269.24
2026-08-21,Perú,Lima,18.4,Casa,4,10,Alta,13,False,309.26,Moderado,231.94
2026-04-08,Perú,Puno,10.8,Casa,3,20,Baja,4,True,303.62,Moderado,227.72
2026-12-28,México,Ciudad de México,13.7,Departamento,4,11,Alta,8,True,260.7,Moderado,195.52
2026-10-18,Perú,Piura,25.4,Departamento,4,5,Media,4,False,195.03,Eficiente,146.27
2026-02-28,Perú,Piura,29.0,Casa,10,7,Media,4,True,484.77,Ineficiente,363.58
2026-02-06,México,Tijuana,14.5,Local,10,26,Baja,6,True,863.19,Ineficiente,647.39
2026-04-27,Colombia,Cali,23.5,Local,1,29,Alta,10,True,975.46,Ineficiente,731.6
2026-06-14,Perú,Arequipa,14.8,Casa,5,9,Media,7,True,388.47,Moderado,291.35
2026-03-01,México,Ciudad de México,16.6,Casa,4,19,Media,7,True,491.35,Ineficiente,368.51
2026-11-10,México,Mérida,26.5,Departamento,3,9,Media,6,True,284.15,Moderado,213.11
2026-04-19,Perú,Puno,10.4,Departamento,2,10,Alta,11,False,364.09,Moderado,273.07
2026-09-30,México,Ciudad de México,17.5,Departamento,3,10,Media,9,True,284.13,Moderado,213.1
2026-04-23,Colombia,Cali,23.1,Casa,4,22,Baja,4,True,204.78,Eficiente,153.58
2026-06-16,México,Tijuana,20.6,Departamento,1,9,Alta,10,False,281.42,Moderado,211.06
2026-03-21,Perú,Piura,29.1,Departamento,1,13,Media,10,True,313.34,Moderado,235.0
2026-12-29,México,Tijuana,14.8,Departamento,3,6,Alta,9,True,320.04,Moderado,240.03
2026-06-12,Perú,Arequipa,13.8,Casa,5,12,Media,5,False,247.17,Eficiente,185.38
2026-04-30,México,Mérida,29.4,Casa,8,9,Media,5,False,399.6,Moderado,299.7
2026-03-24,Colombia,Bogotá,14.1,Casa,6,11,Alta,9,False,460.4,Ineficiente,345.3
2026-08-31,México,Tijuana,24.3,Casa,4,12,Alta,14,True,309.07,Moderado,231.8
2026-03-29,México,Ciudad de México,15.1,Casa,2,9,Alta,15,True,448.23,Moderado,336.17
2026-06-19,Colombia,Medellín,21.8,Casa,2,5,Baja,4,True,176.34,Eficiente,132.26
2026-01-28,Colombia,Medellín,22.6,Departamento,3,6,Media,9,True,101.58,Eficiente,76.18
2026-02-09,Colombia,Bogotá,14.1,Local,10,23,Alta,10,True,1415.64,Ineficiente,1061.73
2026-03-17,Colombia,Barranquilla,28.7,Casa,4,14,Alta,10,True,388.88,Moderado,291.66
2026-05-07,Colombia,Bogotá,14.0,Casa,2,10,Alta,12,False,354.25,Moderado,265.69
2026-05-16,Colombia,Barranquilla,29.8,Local,5,14,Media,10,True,666.7,Ineficiente,500.02
2026-06-19,Perú,Arequipa,13.0,Casa,5,14,Baja,3,False,273.98,Moderado,205.48
2026-03-05,México,Tijuana,15.8,Casa,7,9,Media,4,True,284.65,Moderado,213.49
2026-09-06,Colombia,Cali,22.1,Casa,5,10,Media,7,False,282.39,Moderado,211.79
2026-04-02,Colombia,Medellín,22.7,Casa,6,21,Media,4,False,467.44,Ineficiente,350.58
2026-08-27,Perú,Cusco,10.5,Local,3,13,Baja,5,True,519.07,Ineficiente,389.3
2026-11-15,Colombia,Cali,23.0,Casa,4,18,Media,8,True,258.98,Moderado,194.24
2026-12-04,Colombia,Barranquilla,28.7,Departamento,3,7,Media,7,True,150.12,Eficiente,112.59
2026-03-14,Perú,Cusco,14.9,Departamento,2,6,Baja,2,False,209.99,Eficiente,157.49
2026-08-28,Perú,Piura,22.8,Casa,5,7,Media,10,True,331.24,Moderado,248.43
2026-07-10,México,Mérida,30.9,Departamento,1,13,Alta,12,False,328.61,Moderado,246.46
2026-07-08,México,Ciudad de México,18.8,Casa,6,12,Media,8,True,277.71,Moderado,208.28
2026-05-08,México,Monterrey,28.4,Casa,5,10,Alta,12,True,339.11,Moderado,254.33
2026-06-01,Perú,Arequipa,13.9,Departamento,4,12,Baja,1,False,169.13,Eficiente,126.85
2026-04-16,Colombia,Barranquilla,28.6,Departamento,3,13,Media,6,True,212.58,Eficiente,159.44
2026-05-19,México,Guadalajara,26.7,Departamento,3,8,Media,8,False,231.66,Eficiente,173.74
2026-05-26,Perú,Puno,10.9,Casa,5,9,Media,5,True,356.23,Moderado,267.17
2026-07-19,México,Guadalajara,24.2,Departamento,3,7,Media,7,True,282.59,Moderado,211.94
2026-01-20,Colombia,Cali,23.3,Casa,6,13,Alta,11,True,544.31,Ineficiente,408.23
2026-09-20,Colombia,Bucaramanga,21.1,Departamento,2,8,Media,4,False,194.27,Eficiente,145.7
2026-09-04,Colombia,Barranquilla,29.4,Departamento,1,6,Media,7,True,186.62,Eficiente,139.96
2026-02-07,México,Monterrey,17.2,Local,10,17,Baja,6,False,969.53,Ineficiente,727.15
2026-06-23,Perú,Arequipa,14.3,Casa,1,16,Media,8,True,199.42,Eficiente,149.56
2026-06-12,Colombia,Bogotá,13.4,Departamento,2,12,Alta,13,True,337.83,Moderado,253.37
2026-09-11,Colombia,Bogotá,13.3,Departamento,2,6,Alta,15,True,305.76,Moderado,229.32
2026-10-23,México,Monterrey,25.0,Casa,2,10,Alta,13,True,479.9,Ineficiente,359.92
2026-04-22,Colombia,Cali,24.1,Local,10,23,Media,7,True,607.54,Ineficiente,455.66
2026-10-02,México,Ciudad de México,16.6,Departamento,5,7,Media,10,True,223.29,Eficiente,167.47
2026-10-08,Colombia,Medellín,22.3,Casa,6,14,Baja,1,False,242.45,Eficiente,181.84
2026-02-20,Colombia,Cali,24.6,Departamento,3,7,Alta,10,True,210.19,Eficiente,157.64
2026-02-27,México,Guadalajara,20.6,Casa,6,10,Baja,2,False,371.62,Moderado,278.72
2026-05-29,México,Mérida,30.3,Departamento,1,5,Media,10,True,208.42,Eficiente,156.32
2026-04-05,Colombia,Cali,24.9,Casa,6,13,Media,6,False,327.72,Moderado,245.79
2026-08-14,Perú,Piura,23.4,Departamento,4,8,Media,10,False,326.07,Moderado,244.55
2026-02-26,Perú,Puno,11.8,Departamento,2,6,Alta,8,True,239.68,Eficiente,179.76
2026-08-18,México,Guadalajara,23.3,Casa,4,11,Alta,13,True,434.02,Moderado,325.52
2026-07-21,Colombia,Barranquilla,28.0,Local,5,21,Media,8,True,724.39,Ineficiente,543.29
2026-08-27,México,Ciudad de México,17.6,Departamento,3,7,Media,9,False,181.87,Eficiente,136.4
2026-03-10,Perú,Arequipa,17.7,Casa,1,13,Media,5,True,233.13,Eficiente,174.85
2026-08-05,México,Guadalajara,24.0,Casa,2,9,Baja,3,False,196.15,Eficiente,147.11
2026-11-19,México,Mérida,26.3,Local,10,21,Baja,5,False,912.22,Ineficiente,684.16
2026-02-11,México,Guadalajara,19.5,Local,15,11,Media,7,True,446.75,Moderado,335.06
2026-06-06,México,Mérida,30.1,Casa,2,13,Baja,6,False,293.43,Moderado,220.07
2026-01-15,México,Mérida,23.9,Casa,3,12,Alta,8,False,499.91,Ineficiente,374.93
2026-09-14,Colombia,Medellín,21.1,Departamento,5,7,Media,10,True,180.38,Eficiente,135.28
2026-05-14,México,Monterrey,29.6,Departamento,4,8,Baja,1,False,175.66,Eficiente,131.74
2026-10-10,Colombia,Barranquilla,29.8,Departamento,3,5,Baja,1,True,188.53,Eficiente,141.4
2026-01-11,México,Guadalajara,18.2,Casa,5,19,Alta,8,False,578.38,Ineficiente,433.78
2026-05-07,México,Monterrey,29.9,Departamento,2,7,Alta,11,True,201.39,Eficiente,151.04
2026-10-06,Colombia,Medellín,22.0,Casa,5,7,Alta,12,True,317.45,Moderado,238.09
2026-07-25,Perú,Piura,22.7,Casa,4,17,Baja,4,False,206.04,Eficiente,154.53
2026-11-26,Colombia,Barranquilla,29.8,Casa,5,14,Baja,4,True,218.64,Eficiente,163.98
2026-08-20,Colombia,Cali,22.9,Casa,3,7,Baja,4,True,116.28,Eficiente,87.21
2026-06-16,Perú,Arequipa,13.1,Departamento,5,7,Alta,11,False,260.57,Moderado,195.43
2026-12-15,México,Tijuana,14.8,Casa,6,9,Alta,13,True,448.78,Moderado,336.58
2026-10-21,Colombia,Bucaramanga,22.3,Casa,8,19,Media,10,True,367.37,Moderado,275.53
2026-11-29,México,Tijuana,17.9,Departamento,2,8,Baja,2,True,165.51,Eficiente,124.13
2026-06-17,Colombia,Medellín,20.1,Departamento,2,7,Baja,1,True,105.49,Eficiente,79.12
2026-05-10,México,Guadalajara,26.1,Casa,5,12,Alta,11,True,555.82,Ineficiente,416.86
2026-12-30,México,Mérida,25.3,Departamento,5,8,Media,8,True,247.25,Eficiente,185.44
2026-03-27,México,Monterrey,22.0,Casa,5,20,Alta,12,True,582.41,Ineficiente,436.81
2026-12-08,Perú,Arequipa,17.5,Departamento,4,12,Media,9,True,229.85,Eficiente,172.39
2026-09-26,Colombia,Bogotá,13.1,Departamento,2,9,Media,8,True,203.91,Eficiente,152.93
2026-01-05,Colombia,Bogotá,14.9,Departamento,2,10,Media,5,False,165.32,Eficiente,123.99
2026-09-01,México,Tijuana,22.2,Casa,2,13,Baja,3,True,323.28,Moderado,242.46
2026-08-14,México,Mérida,30.0,Casa,2,15,Media,9,True,252.02,Moderado,189.02
2026-06-25,México,Guadalajara,24.4,Departamento,1,9,Baja,4,True,118.85,Eficiente,89.14
2026-06-22,México,Tijuana,21.4,Local,5,13,Baja,3,False,550.74,Ineficiente,413.06
2026-02-24,Colombia,Bucaramanga,23.3,Casa,6,21,Baja,2,False,311.06,Moderado,233.3
2026-08-03,Perú,Arequipa,14.6,Casa,2,20,Media,4,True,225.36,Eficiente,169.02
2026-01-10,México,Monterrey,15.9,Casa,5,23,Baja,4,True,274.21,Moderado,205.66
2026-11-25,México,Guadalajara,20.1,Casa,4,6,Alta,11,False,441.51,Moderado,331.13
2026-01-12,México,Tijuana,14.9,Casa,4,15,Alta,8,True,384.43,Moderado,288.32
2026-08-22,Colombia,Bogotá,13.3,Local,8,15,Baja,5,True,649.95,Ineficiente,487.46
2026-02-17,Perú,Cusco,13.1,Departamento,3,7,Alta,9,True,291.7,Moderado,218.77
2026-09-08,Colombia,Bogotá,12.3,Casa,1,11,Alta,8,True,395.3,Moderado,296.48
2026-02-21,México,Guadalajara,20.7,Casa,5,11,Alta,12,True,491.37,Ineficiente,368.53
2026-04-29,Colombia,Bucaramanga,23.6,Casa,5,7,Alta,10,True,270.55,Moderado,202.91
2026-11-11,México,Mérida,26.6,Casa,3,12,Baja,2,True,193.21,Eficiente,144.91
2026-05-19,México,Tijuana,19.1,Local,20,22,Media,10,True,1596.24,Ineficiente,1197.18
2026-11-11,México,Monterrey,19.8,Departamento,5,6,Baja,3,True,161.13,Eficiente,120.85
2026-10-27,Colombia,Bogotá,14.7,Casa,3,13,Media,5,True,261.53,Moderado,196.15
2026-05-21,Colombia,Medellín,21.4,Departamento,3,11,Alta,15,True,314.97,Moderado,236.23
2026-02-25,México,Mérida,24.2,Casa,6,19,Baja,5,True,312.6,Moderado,234.45
2026-03-08,Colombia,Cali,23.4,Casa,4,12,Baja,2,True,292.88,Moderado,219.66
2026-11-05,Perú,Piura,26.4,Casa,5,22,Media,8,True,472.92,Ineficiente,354.69
2026-09-05,Colombia,Barranquilla,29.7,Departamento,3,8,Media,5,False,245.32,Eficiente,183.99
2026-06-28,Colombia,Bucaramanga,21.9,Departamento,3,12,Baja,3,False,211.95,Eficiente,158.96
2026-07-29,Colombia,Cali,23.6,Casa,1,9,Baja,5,True,197.09,Eficiente,147.82
2026-11-02,Colombia,Bogotá,14.2,Casa,3,12,Media,10,True,391.83,Moderado,293.87
2026-06-10,México,Mérida,31.2,Local,10,20,Alta,12,True,1924.29,Ineficiente,1443.22
2026-03-08,Perú,Piura,29.1,Departamento,3,8,Media,9,False,264.57,Moderado,198.43
2026-11-09,Perú,Lima,22.8,Departamento,1,9,Media,7,True,189.53,Eficiente,142.15
2026-11-21,Colombia,Bogotá,13.9,Departamento,4,8,Media,9,True,282.66,Moderado,212.0
2026-01-17,México,Monterrey,14.4,Casa,4,6,Media,10,True,257.47,Moderado,193.1
2026-07-18,México,Tijuana,23.1,Departamento,1,5,Baja,1,True,114.44,Eficiente,85.83
2026-11-02,Colombia,Bogotá,14.0,Casa,5,13,Media,9,True,237.13,Eficiente,177.85
2026-03-21,México,Monterrey,21.2,Local,2,27,Alta,10,False,1466.76,Ineficiente,1100.07
2026-06-13,México,Ciudad de México,18.6,Departamento,3,9,Baja,1,False,172.61,Eficiente,129.46
2026-01-02,México,Ciudad de México,13.3,Casa,5,19,Media,7,True,563.65,Ineficiente,422.74
2026-03-30,México,Guadalajara,21.9,Casa,6,5,Media,8,False,306.53,Moderado,229.9
2026-06-19,Colombia,Bucaramanga,21.2,Casa,6,8,Media,4,True,314.28,Moderado,235.71
2026-05-11,México,Monterrey,29.9,Departamento,3,6,Media,5,True,249.08,Eficiente,186.81
2026-05-30,México,Ciudad de México,19.9,Departamento,2,12,Media,7,True,323.98,Moderado,242.98
2026-07-21,México,Mérida,30.6,Local,5,16,Media,6,True,708.39,Ineficiente,531.29
2026-10-21,Colombia,Medellín,21.3,Casa,7,11,Media,9,True,323.42,Moderado,242.56
2026-03-10,Colombia,Bucaramanga,22.7,Casa,6,15,Media,5,True,346.76,Moderado,260.07
2026-04-28,Colombia,Barranquilla,28.6,Casa,6,16,Media,9,True,536.24,Ineficiente,402.18
2026-11-02,Colombia,Barranquilla,28.3,Casa,7,7,Baja,5,False,343.66,Moderado,257.74
2026-11-20,México,Tijuana,18.1,Casa,3,8,Media,9,False,236.19,Eficiente,177.14
2026-10-11,México,Tijuana,21.9,Local,1,20,Media,10,True,607.67,Ineficiente,455.75
2026-03-02,Colombia,Medellín,22.8,Casa,4,14,Baja,5,False,183.54,Eficiente,137.66
2026-01-23,México,Ciudad de México,13.6,Casa,5,20,Media,5,True,339.82,Moderado,254.86
2026-03-22,México,Monterrey,22.8,Local,8,13,Media,9,True,713.67,Ineficiente,535.25
2026-10-07,Colombia,Bucaramanga,23.6,Local,3,11,Media,10,True,506.53,Ineficiente,379.9
2026-08-17,Perú,Arequipa,13.9,Casa,3,14,Media,10,True,271.81,Moderado,203.86
2026-11-12,México,Tijuana,18.9,Local,3,31,Alta,13,True,1077.54,Ineficiente,808.16
2026-06-22,México,Mérida,31.5,Casa,4,19,Media,5,True,321.21,Moderado,240.91
2026-07-22,Colombia,Cali,23.8,Departamento,3,10,Baja,4,False,130.58,Eficiente,97.94
2026-10-16,Perú,Lima,20.5,Local,1,14,Baja,2,True,425.92,Moderado,319.44
2026-04-28,México,Mérida,28.2,Casa,6,9,Baja,2,True,217.08,Eficiente,162.81
2026-09-03,Colombia,Bucaramanga,21.3,Departamento,2,7,Baja,1,True,138.05,Eficiente,103.54
2026-09-19,México,Mérida,29.8,Departamento,2,5,Media,9,True,189.53,Eficiente,142.15
2026-08-11,Colombia,Bucaramanga,21.3,Casa,5,10,Media,5,True,381.61,Moderado,286.21
2026-07-09,Colombia,Medellín,21.4,Casa,7,8,Alta,10,True,259.65,Moderado,194.74
2026-02-12,México,Mérida,24.6,Departamento,2,9,Media,6,True,261.07,Moderado,195.8
2026-11-01,Colombia,Bogotá,14.7,Local,5,29,Alta,13,True,770.25,Ineficiente,577.69
2026-05-20,Perú,Cusco,12.4,Casa,5,9,Media,5,False,233.11,Eficiente,174.83
2026-07-25,Perú,Cusco,10.2,Casa,5,9,Media,10,True,342.72,Moderado,257.04
2026-05-16,México,Monterrey,29.6,Casa,5,23,Alta,12,True,652.82,Ineficiente,489.62
2026-03-20,México,Monterrey,22.5,Casa,3,13,Media,7,True,314.23,Moderado,235.67
2026-02-12,Perú,Arequipa,17.4,Casa,5,14,Media,9,True,557.2,Ineficiente,417.9
2026-04-05,México,Mérida,29.6,Casa,5,11,Baja,3,False,212.04,Eficiente,159.03
2026-03-17,México,Monterrey,22.5,Casa,4,14,Alta,12,True,308.01,Moderado,231.01
2026-01-07,México,Monterrey,14.1,Departamento,2,13,Alta,13,False,175.17,Eficiente,131.38
2026-11-11,Perú,Puno,12.7,Casa,4,12,Media,5,False,373.37,Moderado,280.03
2026-05-10,Perú,Cusco,11.7,Casa,4,9,Alta,14,True,423.25,Moderado,317.44
2026-08-15,Colombia,Bucaramanga,22.8,Departamento,3,13,Alta,9,False,320.07,Moderado,240.05
2026-02-01,México,Ciudad de México,14.4,Casa,3,16,Alta,14,True,512.76,Ineficiente,384.57
2026-05-27,México,Monterrey,29.3,Departamento,2,5,Alta,10,True,377.44,Moderado,283.08
2026-06-09,México,Ciudad de México,18.7,Local,8,17,Baja,1,True,531.38,Ineficiente,398.54
2026-09-06,México,Mérida,29.7,Casa,4,14,Alta,15,True,390.38,Moderado,292.78
2026-02-08,Perú,Cusco,13.6,Departamento,3,10,Alta,13,True,257.79,Moderado,193.34
2026-10-03,Colombia,Bogotá,14.8,Departamento,1,11,Alta,8,True,243.34,Eficiente,182.5
2026-08-09,Colombia,Bogotá,12.6,Casa,6,15,Media,6,False,369.08,Moderado,276.81
2026-11-21,Colombia,Cali,24.1,Local,10,25,Alta,9,False,1302.69,Ineficiente,977.02
2026-04-07,Colombia,Bogotá,13.5,Casa,1,11,Baja,6,True,170.9,Eficiente,128.18
2026-08-16,Perú,Arequipa,14.2,Casa,2,9,Media,10,True,246.02,Eficiente,184.52
2026-09-15,México,Ciudad de México,18.0,Departamento,3,11,Media,7,True,258.51,Moderado,193.88
2026-06-27,México,Mérida,30.2,Casa,6,12,Media,10,True,332.06,Moderado,249.04
2026-05-18,Colombia,Medellín,22.7,Casa,6,10,Media,8,False,413.0,Moderado,309.75
2026-03-29,México,Monterrey,21.8,Casa,7,8,Media,7,True,217.37,Eficiente,163.03
2026-11-13,Colombia,Cali,24.9,Departamento,2,8,Alta,14,False,322.4,Moderado,241.8
2026-07-05,Perú,Lima,18.6,Casa,6,17,Media,4,False,221.36,Eficiente,166.02
2026-11-06,Colombia,Medellín,21.9,Local,8,24,Baja,4,True,540.76,Ineficiente,405.57
2026-06-07,México,Guadalajara,25.5,Casa,4,5,Alta,8,False,386.54,Moderado,289.91
2026-10-18,México,Guadalajara,23.1,Casa,3,18,Media,9,False,372.47,Moderado,279.35
2026-10-07,Colombia,Bucaramanga,23.8,Casa,2,10,Baja,2,True,170.25,Eficiente,127.69
2026-04-15,Colombia,Medellín,22.4,Local,8,15,Media,9,True,678.63,Ineficiente,508.97
2026-12-29,México,Ciudad de México,14.7,Casa,6,20,Baja,1,False,262.33,Moderado,196.75
2026-03-18,México,Monterrey,21.8,Departamento,3,7,Alta,10,True,337.91,Moderado,253.43
2026-05-22,México,Guadalajara,25.3,Casa,3,7,Media,7,True,333.04,Moderado,249.78
2026-12-15,Colombia,Medellín,23.0,Departamento,4,11,Media,5,True,208.47,Eficiente,156.35
2026-02-27,Perú,Puno,12.4,Casa,1,21,Media,8,False,316.77,Moderado,237.58
2026-09-19,México,Ciudad de México,17.5,Departamento,3,6,Media,7,False,188.46,Eficiente,141.34
2026-11-03,Colombia,Bogotá,13.5,Casa,2,10,Media,6,True,258.58,Moderado,193.94
2026-02-18,México,Monterrey,17.9,Casa,6,6,Media,10,True,346.6,Moderado,259.95
2026-05-06,México,Mérida,29.6,Casa,5,7,Alta,12,True,380.39,Moderado,285.29
2026-06-24,México,Mérida,30.4,Departamento,5,6,Alta,8,True,409.66,Moderado,307.24
2026-11-20,México,Ciudad de México,15.8,Departamento,2,7,Media,7,False,179.56,Eficiente,134.67
2026-04-12,Perú,Puno,11.4,Local,10,18,Media,6,True,971.11,Ineficiente,728.33
2026-08-24,México,Tijuana,24.6,Departamento,2,7,Media,4,False,202.78,Eficiente,152.08
2026-06-09,Perú,Piura,23.6,Casa,7,11,Media,10,True,501.11,Ineficiente,375.83
2026-08-19,Perú,Lima,18.3,Casa,10,9,Media,4,False,389.56,Moderado,292.17
2026-08-22,Perú,Cusco,11.9,Local,3,13,Media,6,True,766.2,Ineficiente,574.65
2026-04-15,México,Monterrey,25.3,Casa,4,13,Media,10,True,358.65,Moderado,268.99
2026-02-01,Perú,Arequipa,17.7,Casa,4,11,Media,5,True,338.87,Moderado,254.15
2026-01-22,Colombia,Medellín,22.3,Casa,3,5,Media,9,False,289.96,Moderado,217.47
2026-03-23,México,Tijuana,15.3,Departamento,2,9,Baja,5,False,183.82,Eficiente,137.86
2026-07-11,Colombia,Medellín,21.7,Casa,4,12,Media,4,True,354.72,Moderado,266.04
2026-08-08,Perú,Arequipa,13.4,Departamento,3,10,Alta,9,True,292.98,Moderado,219.74
2026-10-19,Perú,Puno,11.2,Local,3,15,Baja,2,True,404.73,Moderado,303.55
2026-01-19,México,Tijuana,13.5,Casa,4,12,Media,6,True,235.64,Eficiente,176.73
2026-03-04,México,Ciudad de México,15.6,Casa,1,20,Media,9,True,482.4,Ineficiente,361.8
2026-04-20,Colombia,Medellín,22.6,Casa,7,15,Media,9,True,519.16,Ineficiente,389.37
2026-07-16,Perú,Cusco,9.0,Local,3,17,Media,5,True,609.4,Ineficiente,457.05
2026-05-06,Colombia,Barranquilla,28.5,Casa,7,24,Alta,12,True,808.2,Ineficiente,606.15
2026-11-17,México,Tijuana,17.6,Local,20,27,Media,4,True,1566.26,Ineficiente,1174.7
2026-07-01,México,Mérida,31.3,Local,15,13,Media,5,False,1068.6,Ineficiente,801.45
2026-03-23,Colombia,Bogotá,13.5,Casa,2,9,Media,9,False,299.31,Moderado,224.48
2026-10-16,Perú,Cusco,13.6,Casa,2,6,Alta,14,False,384.0,Moderado,288.0
2026-10-18,Perú,Cusco,13.6,Casa,5,8,Baja,5,False,286.85,Moderado,215.14
2026-11-18,México,Ciudad de México,15.2,Casa,1,10,Baja,5,True,267.47,Moderado,200.6
2026-01-10,Perú,Lima,27.9,Casa,6,12,Alta,14,True,451.47,Ineficiente,338.6
2026-08-15,Colombia,Bucaramanga,22.2,Casa,4,6,Media,6,False,272.1,Moderado,204.08
2026-02-20,Colombia,Bucaramanga,22.8,Departamento,4,6,Media,4,True,131.03,Eficiente,98.27
2026-11-09,Colombia,Cali,23.3,Local,20,29,Alta,12,True,1804.18,Ineficiente,1353.14
2026-06-19,Perú,Piura,23.6,Departamento,4,8,Media,5,False,98.7,Eficiente,74.03
2026-06-19,Perú,Arequipa,13.6,Local,20,14,Media,4,True,1407.88,Ineficiente,1055.91
2026-08-11,Colombia,Bogotá,12.1,Casa,1,11,Baja,6,True,179.25,Eficiente,134.44
2026-09-24,Colombia,Cali,23.6,Local,3,17,Media,8,True,497.55,Ineficiente,373.16
2026-10-03,México,Guadalajara,23.6,Casa,5,21,Alta,14,True,590.65,Ineficiente,442.99
2026-03-08,Colombia,Barranquilla,29.2,Casa,6,21,Media,5,False,337.02,Moderado,252.76
2026-01-03,Perú,Lima,27.0,Departamento,1,5,Media,10,True,154.46,Eficiente,115.84
2026-08-07,Colombia,Cali,23.6,Casa,4,10,Media,10,True,344.06,Moderado,258.04
2026-01-01,México,Mérida,23.7,Departamento,1,10,Alta,11,False,344.0,Moderado,258.0
2026-05-31,México,Ciudad de México,19.8,Casa,8,11,Media,4,True,324.25,Moderado,243.19
2026-07-08,Colombia,Cali,22.8,Departamento,3,6,Media,9,False,135.37,Eficiente,101.53
2026-04-17,Colombia,Barranquilla,29.7,Casa,5,16,Media,8,True,539.53,Ineficiente,404.65
2026-09-09,Perú,Arequipa,14.1,Local,5,27,Media,10,True,1181.81,Ineficiente,886.36
2026-10-02,Perú,Cusco,13.5,Casa,4,15,Alta,13,False,590.1,Ineficiente,442.58
2026-07-16,México,Monterrey,32.4,Departamento,1,7,Alta,14,True,326.75,Moderado,245.06
2026-10-22,Colombia,Bucaramanga,23.9,Local,2,14,Media,9,True,659.72,Ineficiente,494.79
2026-04-05,Colombia,Medellín,21.2,Casa,4,10,Baja,4,True,246.33,Eficiente,184.75
2026-04-02,Colombia,Medellín,22.0,Casa,3,19,Baja,3,True,326.37,Moderado,244.78
2026-11-21,México,Mérida,26.3,Casa,3,10,Media,8,True,293.69,Moderado,220.27
2026-01-03,México,Mérida,24.7,Casa,6,11,Baja,4,True,209.79,Eficiente,157.34
2026-12-24,Colombia,Cali,24.0,Departamento,3,5,Media,6,True,113.53,Eficiente,85.15
2026-04-19,México,Mérida,28.8,Departamento,3,13,Baja,5,True,306.73,Moderado,230.05
2026-11-05,Colombia,Medellín,21.2,Departamento,3,12,Media,10,False,209.85,Eficiente,157.39
2026-07-29,Perú,Puno,7.2,Casa,8,24,Media,5,False,638.95,Ineficiente,479.21
2026-04-02,Perú,Cusco,13.8,Local,5,16,Media,5,False,669.14,Ineficiente,501.86
2026-06-03,Colombia,Bucaramanga,21.5,Casa,2,9,Media,6,True,284.56,Moderado,213.42
2026-11-21,Colombia,Bucaramanga,23.1,Casa,6,18,Media,5,True,320.19,Moderado,240.14
2026-06-13,México,Tijuana,21.2,Local,5,28,Baja,2,True,616.5,Ineficiente,462.38
2026-07-04,Colombia,Medellín,21.8,Casa,5,21,Alta,14,True,565.26,Ineficiente,423.94
2026-02-18,Perú,Lima,28.3,Departamento,4,8,Media,8,False,236.12,Eficiente,177.09
2026-07-23,México,Monterrey,32.9,Local,8,30,Media,10,True,968.05,Ineficiente,726.04
2026-10-07,Colombia,Medellín,22.2,Departamento,3,7,Baja,3,False,196.51,Eficiente,147.38
2026-08-17,Colombia,Barranquilla,28.2,Local,20,24,Media,5,True,1451.45,Ineficiente,1088.59
2026-12-20,México,Guadalajara,18.4,Local,10,15,Baja,4,True,725.72,Ineficiente,544.29
2026-10-11,Colombia,Medellín,22.2,Casa,5,23,Baja,3,True,474.33,Ineficiente,355.75
2026-01-26,México,Ciudad de México,13.6,Departamento,1,8,Media,6,False,159.03,Eficiente,119.27
2026-06-13,Perú,Cusco,11.6,Casa,4,19,Media,4,True,365.46,Moderado,274.09
2026-04-17,Colombia,Cali,23.2,Casa,6,18,Alta,13,True,505.45,Ineficiente,379.09
2026-07-14,México,Guadalajara,24.4,Departamento,4,11,Media,10,False,229.54,Eficiente,172.16
2026-02-21,México,Tijuana,15.8,Departamento,4,12,Baja,2,True,237.87,Eficiente,178.4
2026-05-28,Colombia,Bucaramanga,23.9,Casa,4,18,Baja,2,True,283.57,Moderado,212.68
2026-06-21,Colombia,Cali,22.0,Casa,10,16,Media,9,True,331.96,Moderado,248.97
2026-07-29,Colombia,Cali,22.8,Departamento,3,9,Alta,9,True,166.51,Eficiente,124.88
2026-10-18,México,Ciudad de México,16.1,Local,5,18,Baja,5,True,804.73,Ineficiente,603.55
2026-01-09,México,Guadalajara,19.5,Casa,4,23,Alta,11,False,681.89,Ineficiente,511.42
2026-07-16,Colombia,Bogotá,13.3,Casa,5,12,Alta,10,True,393.07,Moderado,294.8
2026-07-11,México,Guadalajara,23.5,Local,2,11,Media,8,True,505.58,Ineficiente,379.18
2026-08-29,Colombia,Bogotá,13.6,Casa,10,17,Alta,12,True,638.5,Ineficiente,478.88
2026-01-08,México,Ciudad de México,12.9,Casa,6,20,Media,10,False,487.61,Ineficiente,365.71
2026-04-09,México,Monterrey,25.6,Casa,5,17,Media,5,True,314.0,Moderado,235.5
2026-09-05,Colombia,Cali,23.3,Departamento,3,6,Alta,11,True,240.75,Eficiente,180.56
2026-02-14,Colombia,Bogotá,13.2,Casa,8,22,Media,8,True,555.44,Ineficiente,416.58
2026-05-16,Colombia,Medellín,21.2,Departamento,5,6,Alta,13,True,396.02,Moderado,297.02
2026-09-14,Colombia,Cali,22.5,Casa,2,13,Media,9,True,338.47,Moderado,253.85
2026-10-30,México,Tijuana,20.3,Casa,5,12,Media,9,False,423.75,Moderado,317.81
2026-08-28,México,Guadalajara,23.1,Casa,3,14,Alta,14,True,433.97,Moderado,325.48
2026-12-02,Colombia,Bucaramanga,22.6,Casa,4,11,Media,8,True,261.15,Moderado,195.86
2026-03-03,Perú,Lima,26.8,Casa,5,16,Media,6,True,288.52,Moderado,216.39
2026-12-16,México,Monterrey,15.4,Departamento,5,7,Alta,9,True,194.74,Eficiente,146.06
2026-02-08,Colombia,Bogotá,14.6,Casa,7,11,Alta,12,True,591.07,Ineficiente,443.3
2026-06-03,México,Guadalajara,24.9,Casa,7,21,Media,5,True,393.05,Moderado,294.79
2026-05-30,México,Mérida,29.9,Departamento,1,10,Media,6,True,290.43,Moderado,217.82
2026-08-25,México,Mérida,31.8,Departamento,3,7,Alta,10,False,321.6,Moderado,241.2
2026-01-03,Colombia,Bucaramanga,22.1,Casa,2,10,Baja,2,True,219.63,Eficiente,164.72
2026-04-13,México,Tijuana,17.7,Casa,1,5,Media,5,True,274.44,Moderado,205.83
2026-05-09,México,Ciudad de México,18.9,Departamento,2,14,Media,7,True,185.83,Eficiente,139.37
2026-08-15,México,Mérida,30.5,Casa,5,11,Baja,5,True,245.62,Eficiente,184.22
2026-02-16,Perú,Puno,13.0,Casa,5,18,Alta,15,True,374.82,Moderado,281.12
2026-09-12,México,Ciudad de México,17.4,Casa,2,7,Baja,6,False,203.35,Eficiente,152.51
2026-06-24,México,Tijuana,20.5,Casa,4,9,Baja,5,False,155.38,Eficiente,116.54
2026-07-05,Perú,Cusco,10.0,Departamento,1,11,Alta,9,True,253.14,Moderado,189.86
2026-09-13,Colombia,Bogotá,12.7,Casa,2,20,Baja,3,False,258.08,Moderado,193.56
2026-11-13,Colombia,Bucaramanga,23.6,Casa,4,11,Media,8,True,246.92,Eficiente,185.19
2026-02-26,Colombia,Bogotá,14.4,Local,10,30,Alta,10,True,1278.55,Ineficiente,958.91
2026-10-26,Colombia,Barranquilla,29.9,Casa,3,12,Media,9,True,308.72,Moderado,231.54
2026-12-04,Colombia,Barranquilla,27.1,Departamento,2,7,Media,9,True,247.3,Eficiente,185.48
2026-12-31,Perú,Cusco,13.7,Departamento,3,4,Baja,2,True,198.94,Eficiente,149.2
2026-11-09,México,Tijuana,17.9,Casa,5,14,Baja,1,False,254.35,Moderado,190.76
2026-11-02,México,Monterrey,20.4,Departamento,3,7,Alta,8,True,206.41,Eficiente,154.81
2026-02-06,México,Monterrey,17.4,Departamento,3,6,Baja,5,True,217.17,Eficiente,162.88
2026-03-27,Perú,Cusco,14.5,Casa,5,12,Media,10,True,288.41,Moderado,216.31
2026-04-13,México,Mérida,29.6,Casa,2,13,Media,6,True,395.07,Moderado,296.3
2026-01-13,Colombia,Barranquilla,28.9,Casa,3,14,Alta,15,True,402.48,Moderado,301.86
2026-08-16,Perú,Puno,8.0,Casa,1,9,Media,8,True,333.34,Moderado,250.0
2026-06-16,México,Guadalajara,24.8,Casa,8,9,Media,7,False,328.55,Moderado,246.41
2026-07-29,México,Ciudad de México,17.1,Casa,6,13,Media,5,True,290.49,Moderado,217.87
2026-06-04,México,Tijuana,20.5,Casa,3,10,Alta,9,False,297.4,Moderado,223.05
2026-08-09,México,Ciudad de México,17.4,Departamento,4,5,Media,5,True,192.35,Eficiente,144.26
2026-06-24,México,Mérida,30.5,Local,2,25,Media,7,True,1009.47,Ineficiente,757.1
2026-05-03,Perú,Arequipa,15.3,Casa,7,6,Media,5,True,255.14,Moderado,191.36
2026-07-06,Perú,Lima,17.6,Casa,7,8,Baja,1,True,206.84,Eficiente,155.13
2026-02-02,Colombia,Medellín,21.7,Casa,3,9,Baja,6,True,323.48,Moderado,242.61
2026-07-18,Perú,Cusco,9.4,Casa,7,17,Baja,1,True,351.53,Moderado,263.65
2026-02-06,México,Mérida,24.4,Casa,7,18,Baja,5,True,247.37,Eficiente,185.53
2026-10-26,Colombia,Bucaramanga,23.8,Departamento,6,8,Media,9,True,233.78,Eficiente,175.34
2026-03-15,México,Mérida,26.7,Casa,8,14,Alta,10,True,465.86,Ineficiente,349.4
2026-12-08,Colombia,Medellín,22.7,Casa,5,17,Baja,5,False,422.72,Moderado,317.04
2026-07-12,Colombia,Bogotá,12.1,Departamento,3,8,Alta,15,False,174.96,Eficiente,131.22
2026-07-09,México,Guadalajara,23.6,Casa,4,16,Media,7,True,326.48,Moderado,244.86
2026-01-24,México,Guadalajara,18.9,Local,8,30,Media,6,True,669.67,Ineficiente,502.25
2026-04-01,México,Guadalajara,24.2,Departamento,1,8,Media,7,False,213.04,Eficiente,159.78
2026-08-26,México,Guadalajara,24.4,Casa,3,19,Media,7,False,298.99,Moderado,224.24
2026-01-16,México,Mérida,24.9,Casa,3,19,Baja,6,True,297.32,Moderado,222.99
2026-08-17,México,Ciudad de México,18.1,Casa,6,11,Media,10,True,263.53,Moderado,197.65
2026-01-13,Colombia,Bogotá,13.2,Departamento,6,7,Media,10,True,154.57,Eficiente,115.93
2026-08-17,México,Ciudad de México,17.1,Casa,8,15,Media,9,True,365.93,Moderado,274.45
2026-04-12,Colombia,Bucaramanga,23.2,Departamento,2,12,Media,8,True,170.44,Eficiente,127.83
2026-05-25,Perú,Lima,21.6,Casa,7,13,Baja,3,True,196.44,Eficiente,147.33
2026-02-01,Perú,Puno,11.4,Casa,3,24,Media,7,True,285.47,Moderado,214.1
2026-12-29,Colombia,Bogotá,14.0,Departamento,3,6,Media,9,False,224.99,Eficiente,168.74
2026-10-02,Colombia,Barranquilla,28.7,Casa,4,7,Alta,13,True,452.88,Ineficiente,339.66
2026-02-01,Perú,Cusco,14.1,Casa,2,15,Baja,3,True,298.13,Moderado,223.6
2026-03-28,Perú,Arequipa,16.4,Local,15,13,Alta,9,True,1260.38,Ineficiente,945.29
2026-03-14,México,Tijuana,15.9,Casa,7,11,Media,4,False,276.97,Moderado,207.73
2026-02-23,Colombia,Medellín,21.6,Departamento,3,9,Media,9,False,227.34,Eficiente,170.5
2026-05-20,Perú,Arequipa,15.0,Casa,7,8,Media,6,False,337.44,Moderado,253.08
2026-06-15,Colombia,Bucaramanga,21.6,Casa,5,7,Alta,9,True,415.31,Moderado,311.48
2026-03-17,México,Monterrey,22.9,Departamento,2,8,Media,9,False,123.75,Eficiente,92.81
2026-09-26,México,Mérida,30.2,Casa,5,18,Alta,9,True,609.49,Ineficiente,457.12
2026-08-06,México,Guadalajara,24.2,Casa,2,9,Media,6,True,357.51,Moderado,268.13
2026-01-13,México,Guadalajara,19.3,Departamento,1,5,Media,4,True,199.8,Eficiente,149.85
2026-06-13,México,Guadalajara,25.0,Departamento,1,15,Media,4,False,174.53,Eficiente,130.9
2026-04-25,México,Monterrey,26.6,Casa,4,20,Alta,13,True,593.89,Ineficiente,445.42
2026-05-16,Colombia,Bucaramanga,23.9,Departamento,1,13,Media,4,False,238.17,Eficiente,178.63
2026-02-22,México,Monterrey,18.5,Casa,6,10,Alta,8,True,415.5,Moderado,311.62
2026-11-05,Perú,Puno,11.1,Local,10,16,Baja,1,True,347.28,Moderado,260.46
2026-03-23,Perú,Arequipa,16.6,Departamento,2,9,Alta,15,True,459.51,Ineficiente,344.63
2026-02-18,Perú,Puno,12.9,Casa,4,16,Baja,5,True,211.75,Eficiente,158.81
2026-10-13,México,Monterrey,25.5,Casa,2,9,Alta,13,True,262.04,Moderado,196.53
2026-04-27,México,Monterrey,26.7,Casa,7,7,Baja,3,True,161.64,Eficiente,121.23
2026-01-21,Colombia,Bucaramanga,22.1,Casa,5,10,Baja,5,True,321.84,Moderado,241.38
2026-03-04,Perú,Puno,11.2,Departamento,3,5,Media,4,True,194.41,Eficiente,145.81
2026-08-14,México,Tijuana,23.9,Departamento,1,7,Media,5,False,133.95,Eficiente,100.46
2026-08-22,México,Ciudad de México,17.2,Departamento,4,14,Media,10,False,239.25,Eficiente,179.44
2026-01-13,México,Tijuana,14.3,Casa,6,7,Media,5,True,281.3,Moderado,210.98
2026-09-10,Colombia,Bogotá,13.1,Casa,6,10,Alta,10,False,279.45,Moderado,209.59
2026-05-12,México,Ciudad de México,18.3,Departamento,8,7,Media,7,True,211.02,Eficiente,158.27
2026-03-17,Colombia,Bogotá,14.8,Casa,3,11,Alta,15,True,491.05,Ineficiente,368.29
2026-01-22,México,Ciudad de México,13.0,Departamento,2,7,Media,6,False,176.71,Eficiente,132.53
2026-10-24,Perú,Arequipa,16.2,Casa,7,19,Media,8,True,342.34,Moderado,256.76
2026-03-10,México,Ciudad de México,15.1,Departamento,3,6,Media,9,True,194.42,Eficiente,145.82
2026-06-21,México,Guadalajara,24.7,Casa,10,20,Alta,12,True,570.02,Ineficiente,427.52
2026-04-09,Colombia,Bogotá,14.8,Casa,4,14,Media,6,True,271.86,Moderado,203.9
2026-08-03,México,Mérida,31.3,Casa,7,10,Media,8,True,368.14,Moderado,276.1
2026-01-23,México,Tijuana,14.1,Casa,5,10,Alta,11,True,430.97,Moderado,323.23
2026-03-23,Colombia,Cali,23.6,Casa,8,15,Media,10,True,422.91,Moderado,317.18
2026-07-06,Perú,Cusco,9.5,Casa,6,16,Baja,5,False,211.08,Eficiente,158.31
2026-01-10,México,Guadalajara,19.3,Casa,10,6,Media,7,True,349.2,Moderado,261.9
2026-01-05,Perú,Lima,26.2,Casa,3,15,Alta,11,False,470.47,Ineficiente,352.85
2026-03-06,Colombia,Cali,23.8,Departamento,3,7,Media,10,True,233.83,Eficiente,175.37
2026-01-15,Colombia,Barranquilla,27.9,Casa,3,17,Alta,14,False,585.3,Ineficiente,438.98
2026-12-13,México,Monterrey,15.6,Casa,3,15,Baja,5,False,217.45,Eficiente,163.09
2026-11-06,México,Mérida,27.3,Departamento,5,8,Media,5,True,241.16,Eficiente,180.87
2026-06-15,Colombia,Medellín,21.6,Casa,5,12,Media,10,True,285.59,Moderado,214.19
2026-04-13,Colombia,Bogotá,13.3,Casa,3,21,Baja,6,True,365.66,Moderado,274.24
2026-01-24,Perú,Arequipa,17.2,Casa,2,19,Alta,10,True,398.9,Moderado,299.17
2026-05-27,Perú,Lima,21.5,Local,10,13,Baja,4,True,814.77,Ineficiente,611.08
2026-07-10,Colombia,Bogotá,13.9,Casa,5,8,Media,4,True,185.89,Eficiente,139.42
2026-01-12,Colombia,Medellín,21.6,Casa,4,7,Alta,14,True,443.12,Moderado,332.34
2026-10-28,México,Ciudad de México,16.2,Casa,5,9,Alta,11,False,402.26,Moderado,301.7
2026-04-11,México,Ciudad de México,18.1,Casa,3,9,Alta,14,True,223.62,Eficiente,167.72
2026-10-18,México,Monterrey,24.1,Casa,5,15,Media,4,True,264.06,Moderado,198.04
2026-04-26,Colombia,Cali,24.5,Casa,2,15,Alta,12,True,415.55,Moderado,311.66
2026-05-11,México,Monterrey,29.5,Casa,5,9,Baja,4,True,215.73,Eficiente,161.8
2026-03-16,México,Guadalajara,21.9,Casa,3,23,Media,8,False,546.53,Ineficiente,409.9
2026-03-19,México,Mérida,26.2,Departamento,1,11,Alta,14,True,332.08,Moderado,249.06
2026-11-02,México,Tijuana,17.7,Departamento,3,7,Media,4,False,189.86,Eficiente,142.4
2026-06-22,Perú,Lima,19.7,Departamento,2,5,Media,8,True,218.48,Eficiente,163.86
2026-01-31,México,Tijuana,14.8,Casa,8,15,Media,8,True,345.32,Moderado,258.99
2026-10-11,Colombia,Cali,23.6,Casa,2,13,Media,7,False,399.03,Moderado,299.27
2026-12-10,México,Monterrey,16.7,Local,5,9,Media,9,True,465.42,Ineficiente,349.06
2026-01-20,Colombia,Barranquilla,28.5,Casa,5,7,Media,6,True,240.13,Eficiente,180.1
2026-11-26,México,Guadalajara,21.9,Casa,4,7,Media,5,True,211.74,Eficiente,158.8
2026-10-20,México,Guadalajara,23.1,Departamento,1,12,Media,8,False,334.06,Moderado,250.54
2026-02-13,México,Guadalajara,20.6,Casa,4,7,Alta,15,True,490.35,Ineficiente,367.76
2026-04-12,Colombia,Barranquilla,28.3,Casa,4,18,Alta,15,False,718.46,Ineficiente,538.84
2026-08-10,Perú,Lima,17.4,Casa,7,16,Baja,3,True,304.55,Moderado,228.41
2026-06-22,México,Guadalajara,24.9,Departamento,2,5,Alta,15,False,206.2,Eficiente,154.65
2026-01-11,México,Tijuana,13.4,Casa,2,12,Media,9,True,291.06,Moderado,218.3
2026-08-18,México,Mérida,31.0,Local,15,23,Media,7,True,1592.57,Ineficiente,1194.43
2026-08-15,México,Mérida,31.8,Departamento,3,9,Media,6,False,246.18,Eficiente,184.64
2026-03-05,México,Tijuana,16.2,Casa,4,8,Baja,6,True,330.41,Moderado,247.81
2026-08-11,Perú,Puno,8.4,Local,2,21,Media,10,True,749.63,Ineficiente,562.22
2026-04-25,Colombia,Bogotá,13.6,Casa,10,13,Media,6,True,557.72,Ineficiente,418.29
2026-08-14,Perú,Puno,9.0,Departamento,2,7,Alta,14,True,236.52,Eficiente,177.39
2026-12-20,Perú,Lima,24.3,Casa,5,15,Media,7,False,223.37,Eficiente,167.53
2026-03-24,Colombia,Medellín,22.1,Casa,5,9,Media,10,True,259.96,Moderado,194.97
2026-03-15,México,Monterrey,21.3,Casa,7,12,Alta,10,True,441.09,Moderado,330.82
2026-10-29,México,Ciudad de México,16.5,Casa,4,8,Baja,2,True,211.6,Eficiente,158.7
2026-04-03,Perú,Puno,10.1,Departamento,3,6,Baja,6,True,148.08,Eficiente,111.06
2026-12-08,Colombia,Bucaramanga,22.5,Departamento,2,11,Baja,1,False,88.61,Eficiente,66.46
2026-02-09,México,Monterrey,17.7,Casa,2,9,Alta,11,False,462.35,Ineficiente,346.76
2026-05-17,Colombia,Barranquilla,29.4,Local,3,16,Media,7,True,673.31,Ineficiente,504.98
2026-12-31,México,Monterrey,15.4,Casa,4,16,Media,9,True,573.36,Ineficiente,430.02
2026-10-06,México,Monterrey,24.2,Departamento,3,5,Baja,4,False,154.51,Eficiente,115.88
2026-02-10,México,Mérida,25.3,Local,15,13,Media,7,True,825.78,Ineficiente,619.34
2026-02-08,México,Tijuana,16.0,Casa,4,20,Media,6,True,356.95,Moderado,267.71
2026-12-14,México,Guadalajara,18.8,Local,15,24,Baja,3,True,735.14,Ineficiente,551.36
2026-04-24,Colombia,Medellín,21.7,Local,2,12,Alta,9,True,581.73,Ineficiente,436.3
2026-01-28,México,Tijuana,14.7,Casa,6,22,Alta,15,True,573.0,Ineficiente,429.75
2026-12-19,Colombia,Medellín,21.4,Casa,7,9,Baja,2,True,265.74,Moderado,199.3
2026-11-20,México,Tijuana,17.9,Departamento,3,4,Alta,8,False,260.9,Moderado,195.68
2026-04-21,Perú,Piura,27.3,Casa,5,15,Media,5,True,339.34,Moderado,254.5
2026-07-05,México,Tijuana,23.5,Local,5,11,Media,10,True,783.86,Ineficiente,587.9
2026-07-03,México,Ciudad de México,18.0,Local,5,13,Media,9,True,539.0,Ineficiente,404.25
2026-11-12,México,Monterrey,19.6,Departamento,3,8,Alta,15,True,289.99,Moderado,217.49
2026-06-10,México,Monterrey,31.4,Local,8,20,Media,9,True,1281.86,Ineficiente,961.4
2026-01-01,México,Mérida,24.9,Local,5,22,Alta,10,True,1388.74,Ineficiente,1041.56
2026-07-18,Perú,Puno,7.9,Casa,3,10,Baja,4,True,166.11,Eficiente,124.58
2026-01-01,México,Tijuana,13.3,Casa,5,17,Media,8,True,382.57,Moderado,286.93
2026-10-16,Colombia,Bucaramanga,23.5,Casa,5,14,Baja,1,True,214.87,Eficiente,161.15
2026-06-06,México,Tijuana,21.1,Local,10,16,Media,6,False,745.76,Ineficiente,559.32
2026-09-19,México,Ciudad de México,18.9,Casa,10,14,Media,10,True,446.69,Moderado,335.02
2026-01-08,Colombia,Bucaramanga,22.3,Casa,3,15,Alta,15,False,494.87,Ineficiente,371.15
2026-01-14,México,Tijuana,14.8,Casa,5,13,Alta,15,True,584.93,Ineficiente,438.7
2026-01-13,Perú,Piura,27.9,Local,3,28,Media,8,True,731.4,Ineficiente,548.55
2026-03-29,México,Tijuana,16.4,Departamento,3,7,Alta,15,False,275.57,Moderado,206.68
2026-07-28,Perú,Arequipa,13.1,Casa,5,13,Baja,2,False,150.66,Eficiente,113.0
2026-04-27,Colombia,Barranquilla,28.9,Departamento,2,11,Media,10,True,271.53,Moderado,203.65
2026-02-21,Perú,Lima,27.0,Casa,6,22,Media,5,True,312.64,Moderado,234.48
2026-11-10,México,Mérida,26.1,Local,8,27,Alta,15,False,1188.25,Ineficiente,891.19
2026-11-20,México,Ciudad de México,15.3,Casa,7,16,Baja,2,True,284.72,Moderado,213.54
2026-06-19,México,Monterrey,31.2,Casa,7,17,Baja,5,False,452.38,Ineficiente,339.28
2026-06-14,México,Guadalajara,24.4,Casa,4,7,Baja,6,True,194.83,Eficiente,146.12
2026-09-06,México,Mérida,30.9,Casa,5,10,Alta,10,True,451.15,Ineficiente,338.36
2026-07-23,Colombia,Bogotá,13.5,Casa,5,9,Alta,11,True,263.61,Moderado,197.71
2026-05-21,México,Guadalajara,26.7,Departamento,4,5,Baja,3,False,118.75,Eficiente,89.06
2026-04-20,Perú,Lima,24.9,Casa,1,13,Baja,4,True,276.66,Moderado,207.5
2026-03-05,Perú,Arequipa,17.8,Casa,4,11,Media,10,True,327.75,Moderado,245.81
2026-10-10,Perú,Puno,11.5,Local,10,13,Media,4,True,723.64,Ineficiente,542.73
2026-03-15,Colombia,Barranquilla,28.6,Casa,4,20,Alta,9,True,614.41,Ineficiente,460.81
2026-11-15,Colombia,Medellín,21.7,Casa,10,13,Media,8,False,513.8,Ineficiente,385.35
2026-09-27,Colombia,Bogotá,13.9,Casa,3,19,Alta,12,True,345.08,Moderado,258.81
2026-02-12,México,Guadalajara,20.4,Local,10,21,Media,8,False,1038.27,Ineficiente,778.7
2026-12-14,Perú,Piura,28.6,Departamento,6,8,Alta,14,True,584.48,Ineficiente,438.36
2026-06-19,Colombia,Bucaramanga,21.7,Departamento,5,8,Media,5,False,213.06,Eficiente,159.8
2026-01-11,Perú,Arequipa,17.5,Departamento,8,12,Media,10,True,293.52,Moderado,220.14
2026-03-15,México,Mérida,27.6,Casa,6,10,Alta,10,True,549.65,Ineficiente,412.24
2026-07-24,Colombia,Bogotá,14.0,Casa,5,13,Alta,14,False,572.11,Ineficiente,429.08
2026-04-28,Perú,Piura,27.3,Casa,6,21,Alta,9,False,646.03,Ineficiente,484.52
2026-10-18,Colombia,Medellín,21.6,Casa,5,20,Alta,15,True,531.54,Ineficiente,398.66
2026-01-12,Perú,Arequipa,17.1,Departamento,4,10,Media,10,False,243.28,Eficiente,182.46
2026-02-13,México,Guadalajara,19.9,Casa,4,9,Alta,9,True,410.09,Moderado,307.57
2026-08-06,Perú,Puno,9.5,Casa,5,8,Media,5,True,283.39,Moderado,212.54
2026-07-22,Colombia,Cali,23.8,Local,2,15,Alta,8,True,594.86,Ineficiente,446.14
2026-02-02,Colombia,Bogotá,13.5,Casa,3,12,Baja,5,False,277.13,Moderado,207.85
2026-04-16,Colombia,Medellín,22.9,Departamento,1,6,Alta,12,True,189.37,Eficiente,142.03
2026-05-18,México,Ciudad de México,19.4,Casa,3,7,Media,4,False,299.08,Moderado,224.31
2026-11-16,Colombia,Bucaramanga,22.6,Local,5,23,Alta,13,True,981.45,Ineficiente,736.09
2026-12-05,México,Tijuana,15.7,Casa,5,15,Baja,1,False,332.21,Moderado,249.16
2026-03-21,Perú,Cusco,14.6,Local,5,16,Media,5,True,472.54,Ineficiente,354.4
2026-07-02,México,Mérida,30.2,Casa,5,11,Alta,12,True,285.41,Moderado,214.06
2026-07-15,México,Mérida,30.5,Casa,6,7,Media,4,True,396.23,Moderado,297.17
2026-03-27,Colombia,Bogotá,14.0,Departamento,2,6,Alta,15,True,279.22,Moderado,209.42
2026-10-12,Perú,Arequipa,15.3,Casa,3,13,Baja,5,True,282.4,Moderado,211.8
2026-03-30,México,Monterrey,21.5,Departamento,5,9,Baja,4,True,154.96,Eficiente,116.22
2026-07-13,Colombia,Cali,22.9,Casa,2,11,Alta,9,False,323.17,Moderado,242.38
2026-08-14,Colombia,Medellín,21.4,Casa,7,14,Baja,2,False,293.46,Moderado,220.09
2026-03-23,México,Monterrey,22.1,Casa,2,13,Baja,3,False,293.57,Moderado,220.18
2026-07-10,México,Guadalajara,23.2,Local,10,17,Alta,9,False,1297.49,Ineficiente,973.12
2026-01-25,Colombia,Bogotá,14.6,Casa,5,10,Baja,5,True,201.86,Eficiente,151.4
2026-04-21,Colombia,Barranquilla,28.6,Casa,3,15,Alta,12,True,604.06,Ineficiente,453.04
2026-12-06,Perú,Piura,27.1,Departamento,1,4,Baja,6,True,120.27,Eficiente,90.2
2026-09-02,México,Ciudad de México,17.0,Local,8,18,Media,9,False,818.45,Ineficiente,613.84
2026-12-06,Perú,Puno,12.4,Departamento,3,8,Media,9,True,213.3,Eficiente,159.98
2026-06-21,Colombia,Medellín,21.1,Casa,4,14,Media,7,False,347.29,Moderado,260.47
2026-07-28,México,Guadalajara,24.7,Casa,3,14,Media,8,True,302.74,Moderado,227.06
2026-12-02,Colombia,Cali,23.1,Departamento,4,13,Media,4,False,298.47,Moderado,223.85
2026-05-02,México,Mérida,29.4,Casa,1,10,Media,10,False,493.22,Ineficiente,369.92
2026-01-02,México,Monterrey,14.9,Casa,4,9,Alta,10,True,357.75,Moderado,268.31
2026-03-08,México,Tijuana,16.8,Departamento,3,9,Alta,8,False,308.6,Moderado,231.45
2026-04-26,Colombia,Bogotá,14.1,Casa,5,15,Baja,1,True,339.76,Moderado,254.82
2026-10-12,Perú,Puno,10.3,Casa,6,13,Media,7,True,395.48,Moderado,296.61
2026-05-15,México,Tijuana,19.2,Casa,6,8,Alta,9,True,364.06,Moderado,273.04
2026-06-03,Colombia,Medellín,20.2,Casa,5,9,Media,9,True,431.69,Moderado,323.77
2026-12-01,Perú,Piura,28.7,Casa,8,12,Alta,9,False,727.31,Ineficiente,545.48
2026-07-25,Perú,Cusco,10.4,Departamento,3,5,Media,9,True,257.97,Moderado,193.48
2026-12-17,México,Tijuana,15.6,Casa,3,22,Baja,5,True,254.55,Moderado,190.91
2026-10-15,México,Ciudad de México,17.8,Casa,4,21,Media,4,True,413.89,Moderado,310.42
2026-03-04,Perú,Lima,26.2,Casa,4,13,Alta,12,True,336.31,Moderado,252.23
2026-01-06,México,Monterrey,14.7,Casa,4,16,Baja,6,False,330.37,Moderado,247.78
2026-05-23,México,Mérida,29.3,Departamento,5,13,Baja,3,True,189.0,Eficiente,141.75
2026-06-05,México,Guadalajara,25.7,Casa,2,14,Media,4,True,343.64,Moderado,257.73
2026-08-11,México,Ciudad de México,17.1,Casa,7,12,Alta,11,True,519.14,Ineficiente,389.36
2026-07-18,México,Ciudad de México,18.9,Local,10,15,Media,8,True,593.34,Ineficiente,445.0
2026-09-03,Colombia,Barranquilla,28.9,Departamento,2,5,Alta,13,False,255.8,Moderado,191.85
2026-11-18,Perú,Cusco,14.7,Casa,5,12,Media,4,True,253.62,Moderado,190.22
2026-01-12,Colombia,Cali,23.6,Casa,4,17,Alta,8,False,535.96,Ineficiente,401.97
2026-03-14,México,Guadalajara,21.4,Local,8,32,Media,10,True,904.3,Ineficiente,678.22
2026-10-25,Perú,Lima,20.2,Casa,2,11,Media,8,True,255.31,Moderado,191.48
2026-03-02,Colombia,Cali,23.3,Local,8,23,Baja,2,True,783.8,Ineficiente,587.85
2026-03-05,México,Tijuana,16.0,Casa,4,9,Media,9,True,317.17,Moderado,237.88
2026-07-08,Perú,Lima,17.2,Local,2,19,Media,8,True,612.87,Ineficiente,459.65
2026-09-19,Colombia,Barranquilla,28.3,Casa,7,14,Baja,6,False,337.48,Moderado,253.11
2026-01-02,México,Monterrey,14.5,Local,2,17,Alta,9,True,738.16,Ineficiente,553.62
2026-09-21,México,Tijuana,23.3,Local,15,17,Baja,4,True,758.0,Ineficiente,568.5
2026-09-30,Perú,Lima,18.8,Casa,3,11,Alta,14,True,363.43,Moderado,272.57
2026-06-28,Perú,Puno,7.7,Casa,8,9,Alta,11,True,524.64,Ineficiente,393.48
2026-09-18,Colombia,Bucaramanga,22.7,Casa,5,11,Media,6,False,330.2,Moderado,247.65
2026-11-08,Perú,Cusco,13.8,Departamento,4,9,Media,10,True,275.39,Moderado,206.54
2026-04-18,Perú,Puno,10.6,Casa,7,20,Baja,3,False,242.6,Eficiente,181.95
2026-04-08,Colombia,Medellín,22.8,Local,8,22,Media,10,True,822.35,Ineficiente,616.76
2026-05-29,Perú,Cusco,12.9,Casa,1,5,Alta,8,True,209.39,Eficiente,157.04
2026-07-17,México,Monterrey,31.2,Casa,5,19,Alta,15,False,748.02,Ineficiente,561.02
2026-01-07,Colombia,Bucaramanga,22.4,Casa,5,8,Media,8,True,310.32,Moderado,232.74
2026-11-26,Colombia,Medellín,22.4,Casa,6,10,Media,7,False,290.31,Moderado,217.73
2026-05-22,Perú,Cusco,11.3,Departamento,3,12,Alta,14,True,460.86,Ineficiente,345.64
2026-11-15,Colombia,Medellín,22.5,Departamento,3,6,Baja,5,False,107.43,Eficiente,80.57
2026-03-24,Perú,Cusco,14.4,Casa,4,14,Media,9,True,342.59,Moderado,256.94
2026-05-12,Colombia,Bogotá,14.7,Casa,6,11,Media,10,True,429.88,Moderado,322.41
2026-05-21,Perú,Lima,21.4,Casa,6,10,Baja,2,True,216.27,Eficiente,162.2
2026-01-28,México,Monterrey,15.6,Casa,3,13,Alta,14,True,549.71,Ineficiente,412.28
2026-06-02,Perú,Lima,20.6,Casa,5,13,Media,4,True,355.1,Moderado,266.33
2026-05-31,Perú,Lima,22.1,Casa,1,9,Media,6,True,261.3,Moderado,195.98
2026-11-09,Perú,Lima,22.1,Local,3,17,Media,7,True,499.02,Ineficiente,374.26
2026-12-23,México,Ciudad de México,13.1,Departamento,3,8,Alta,10,False,256.46,Moderado,192.34
2026-11-09,Perú,Cusco,13.1,Casa,2,7,Media,7,True,223.21,Eficiente,167.41
2026-12-14,México,Guadalajara,19.7,Casa,4,11,Baja,3,False,258.45,Moderado,193.84
2026-11-23,Colombia,Medellín,22.9,Casa,3,19,Baja,1,True,240.08,Eficiente,180.06
2026-09-19,Perú,Arequipa,14.3,Casa,4,16,Alta,9,True,472.79,Ineficiente,354.59
2026-05-27,México,Tijuana,20.0,Local,1,19,Alta,12,True,736.15,Ineficiente,552.11
2026-03-04,México,Monterrey,21.8,Casa,4,13,Alta,8,True,474.12,Ineficiente,355.59
2026-11-03,Perú,Puno,12.7,Departamento,3,5,Alta,10,False,266.09,Moderado,199.57
2026-08-17,Perú,Puno,9.4,Casa,4,10,Media,5,True,346.09,Moderado,259.57
2026-06-20,México,Tijuana,21.7,Casa,3,8,Media,6,True,333.93,Moderado,250.45
2026-09-30,México,Ciudad de México,18.9,Local,8,14,Media,9,False,636.84,Ineficiente,477.63
2026-04-28,Colombia,Medellín,21.5,Casa,1,10,Media,4,True,273.95,Moderado,205.46
2026-11-19,México,Guadalajara,21.7,Casa,3,19,Baja,1,True,198.14,Eficiente,148.6
2026-10-18,Perú,Lima,20.5,Departamento,1,5,Baja,5,True,107.07,Eficiente,80.3
2026-06-17,Perú,Arequipa,14.1,Casa,1,12,Media,6,True,267.43,Moderado,200.57
2026-10-14,México,Mérida,29.7,Casa,3,9,Media,4,True,297.6,Moderado,223.2
2026-10-02,Perú,Arequipa,15.7,Casa,4,6,Media,8,True,279.51,Moderado,209.63
2026-10-30,Colombia,Bucaramanga,23.7,Casa,10,12,Baja,3,True,171.97,Eficiente,128.98
2026-09-03,Perú,Arequipa,15.4,Departamento,3,7,Baja,4,True,213.47,Eficiente,160.1
2026-05-23,Perú,Cusco,12.0,Local,20,25,Media,7,True,2007.24,Ineficiente,1505.43
2026-09-02,México,Mérida,30.4,Casa,6,16,Alta,14,False,479.68,Ineficiente,359.76
2026-05-16,México,Mérida,29.2,Casa,8,21,Media,4,True,565.22,Ineficiente,423.92
2026-06-28,México,Mérida,30.8,Local,20,22,Alta,10,True,2462.01,Ineficiente,1846.51
2026-10-01,Perú,Lima,20.4,Casa,4,7,Media,7,True,298.89,Moderado,224.17
2026-11-18,Perú,Arequipa,16.2,Casa,6,14,Alta,10,False,395.6,Moderado,296.7
2026-04-19,Perú,Arequipa,15.0,Casa,3,8,Media,9,False,262.63,Moderado,196.97
2026-06-18,México,Guadalajara,25.3,Casa,7,10,Alta,8,True,615.53,Ineficiente,461.65
2026-02-04,Colombia,Medellín,21.0,Departamento,4,7,Media,9,True,151.04,Eficiente,113.28
2026-12-11,Perú,Lima,24.7,Departamento,3,7,Media,10,True,223.33,Eficiente,167.5
2026-12-19,México,Mérida,25.4,Casa,6,10,Alta,9,False,317.18,Moderado,237.88
2026-02-19,Perú,Arequipa,16.8,Local,8,13,Alta,14,True,744.59,Ineficiente,558.44
2026-01-21,Perú,Cusco,13.9,Casa,4,11,Alta,13,True,387.94,Moderado,290.96
2026-06-04,México,Ciudad de México,18.4,Casa,8,16,Baja,6,False,245.36,Eficiente,184.02
2026-08-15,México,Guadalajara,24.4,Casa,4,4,Media,10,True,264.38,Moderado,198.28
2026-11-29,Colombia,Bucaramanga,23.2,Departamento,2,9,Alta,9,True,425.96,Moderado,319.47
2026-04-30,Perú,Arequipa,15.8,Departamento,3,6,Media,4,True,123.85,Eficiente,92.89
2026-09-12,Colombia,Medellín,21.7,Casa,5,6,Media,9,False,356.48,Moderado,267.36
2026-07-22,México,Guadalajara,23.0,Casa,6,10,Media,8,False,260.07,Moderado,195.05
2026-08-01,México,Monterrey,30.5,Local,3,21,Alta,10,True,1095.42,Ineficiente,821.56
2026-08-30,Colombia,Cali,22.5,Casa,6,22,Baja,3,True,199.54,Eficiente,149.66
2026-11-21,México,Ciudad de México,14.9,Departamento,2,7,Alta,12,True,386.13,Moderado,289.6
2026-10-27,México,Tijuana,20.2,Departamento,1,8,Media,9,False,181.0,Eficiente,135.75
2026-08-20,Colombia,Cali,23.0,Departamento,3,6,Media,9,True,187.92,Eficiente,140.94
2026-05-17,Colombia,Barranquilla,29.0,Casa,6,7,Alta,10,True,576.5,Ineficiente,432.38
2026-12-23,México,Ciudad de México,13.9,Casa,2,13,Media,6,True,406.12,Moderado,304.59
2026-02-07,México,Tijuana,15.2,Casa,8,18,Media,6,False,395.34,Moderado,296.5
2026-04-19,Colombia,Medellín,22.0,Departamento,1,10,Baja,4,True,173.51,Eficiente,130.13
2026-09-29,Colombia,Medellín,21.2,Local,20,16,Media,5,True,1278.64,Ineficiente,958.98
2026-12-01,Perú,Lima,24.4,Casa,4,19,Alta,11,False,577.03,Ineficiente,432.77
2026-10-06,México,Guadalajara,22.9,Departamento,2,6,Media,8,True,185.78,Eficiente,139.34
2026-02-12,México,Ciudad de México,14.0,Departamento,6,4,Media,9,True,303.34,Moderado,227.5
2026-09-13,México,Guadalajara,25.0,Departamento,3,5,Media,5,True,139.11,Eficiente,104.33
2026-07-26,México,Guadalajara,23.3,Departamento,2,4,Media,8,False,157.11,Eficiente,117.83
2026-04-07,México,Mérida,29.4,Departamento,2,10,Media,5,True,288.25,Moderado,216.19
2026-09-14,México,Monterrey,28.8,Casa,2,21,Media,9,False,521.49,Ineficiente,391.12
2026-10-05,México,Mérida,29.8,Casa,1,8,Alta,15,False,397.26,Moderado,297.94
2026-02-02,México,Monterrey,18.7,Casa,7,12,Media,8,True,477.98,Ineficiente,358.48
2026-05-08,México,Tijuana,19.0,Casa,4,12,Media,9,False,236.02,Eficiente,177.02
2026-11-18,México,Tijuana,17.5,Local,3,26,Media,4,True,476.92,Ineficiente,357.69
2026-01-13,Colombia,Medellín,21.7,Casa,7,16,Baja,2,False,405.55,Moderado,304.16
2026-11-24,México,Tijuana,17.1,Departamento,1,8,Media,8,True,246.01,Eficiente,184.51
2026-01-20,Perú,Puno,12.6,Casa,6,10,Alta,12,False,462.64,Ineficiente,346.98
2026-06-01,México,Monterrey,30.8,Local,8,26,Media,8,True,1435.6,Ineficiente,1076.7
2026-05-29,Colombia,Bucaramanga,23.1,Casa,8,18,Baja,6,False,322.48,Moderado,241.86
2026-05-13,Colombia,Barranquilla,29.0,Casa,7,20,Baja,5,True,469.69,Ineficiente,352.27
2026-08-09,México,Monterrey,30.5,Casa,5,14,Baja,2,False,347.17,Moderado,260.38
2026-09-12,Perú,Puno,10.2,Casa,4,18,Baja,1,True,265.88,Moderado,199.41
2026-08-20,México,Mérida,30.1,Local,10,13,Media,6,True,879.59,Ineficiente,659.69
2026-11-29,México,Mérida,27.6,Casa,4,21,Media,9,False,293.77,Moderado,220.33
2026-04-07,Colombia,Medellín,21.4,Casa,7,24,Baja,4,True,276.42,Moderado,207.32
2026-03-01,México,Guadalajara,22.4,Casa,5,13,Media,9,True,274.77,Moderado,206.08
2026-04-28,Perú,Lima,25.5,Casa,5,13,Alta,10,False,395.44,Moderado,296.58
2026-02-18,Colombia,Cali,24.1,Casa,4,11,Alta,14,False,562.32,Ineficiente,421.74
2026-08-04,Colombia,Barranquilla,28.1,Departamento,2,9,Baja,3,False,186.9,Eficiente,140.18
2026-11-13,México,Guadalajara,21.1,Departamento,4,6,Media,7,True,196.93,Eficiente,147.7
2026-09-08,México,Monterrey,28.2,Casa,4,11,Media,10,True,380.28,Moderado,285.21
2026-01-30,Colombia,Bucaramanga,22.6,Local,15,16,Baja,1,True,908.83,Ineficiente,681.62
2026-07-10,Perú,Puno,7.9,Casa,8,20,Media,10,True,492.12,Ineficiente,369.09
2026-07-13,México,Ciudad de México,17.2,Departamento,3,5,Alta,14,True,350.48,Moderado,262.86
2026-08-11,Perú,Cusco,10.1,Casa,3,15,Baja,4,True,242.86,Eficiente,182.14
2026-11-23,México,Ciudad de México,14.8,Departamento,5,9,Media,5,True,314.69,Moderado,236.02
2026-08-06,Colombia,Cali,23.5,Casa,5,10,Alta,14,False,404.86,Moderado,303.64
2026-07-06,Perú,Cusco,9.8,Departamento,8,9,Media,6,True,183.02,Eficiente,137.27
2026-09-18,México,Monterrey,28.3,Departamento,2,6,Media,4,False,311.3,Moderado,233.48
2026-04-20,México,Guadalajara,24.5,Departamento,4,8,Alta,9,False,174.83,Eficiente,131.12
2026-01-22,Colombia,Barranquilla,27.8,Casa,7,7,Media,4,False,387.39,Moderado,290.54
2026-10-08,México,Guadalajara,22.3,Departamento,4,9,Alta,14,True,231.93,Eficiente,173.95
2026-01-29,México,Ciudad de México,13.4,Departamento,4,9,Media,6,True,162.32,Eficiente,121.74
2026-04-19,Colombia,Bucaramanga,23.0,Casa,5,21,Media,9,True,333.78,Moderado,250.33
2026-10-23,México,Guadalajara,23.0,Casa,6,14,Media,7,True,508.12,Ineficiente,381.09
2026-11-12,México,Monterrey,20.5,Casa,4,16,Media,6,True,274.28,Moderado,205.71
2026-02-24,Perú,Cusco,14.6,Departamento,2,5,Media,4,True,210.38,Eficiente,157.78
2026-06-17,Perú,Puno,8.4,Departamento,2,6,Baja,4,True,156.72,Eficiente,117.54
2026-06-07,México,Ciudad de México,19.8,Local,15,23,Media,8,True,1415.56,Ineficiente,1061.67
2026-05-07,México,Monterrey,29.2,Casa,10,9,Baja,2,True,251.75,Moderado,188.81
2026-07-22,Perú,Arequipa,13.9,Casa,4,19,Media,9,True,507.68,Ineficiente,380.76
2026-02-18,Perú,Cusco,14.3,Departamento,3,9,Media,9,False,279.98,Moderado,209.98
2026-06-12,México,Tijuana,20.8,Departamento,3,13,Media,7,True,296.13,Moderado,222.1
2026-05-18,México,Guadalajara,26.3,Local,3,13,Media,9,True,612.8,Ineficiente,459.6
2026-10-31,Colombia,Barranquilla,28.2,Casa,6,15,Alta,13,False,569.34,Ineficiente,427.0
2026-09-25,Perú,Piura,24.7,Departamento,2,9,Baja,3,False,125.13,Eficiente,93.85
2026-11-13,México,Mérida,26.7,Casa,3,12,Media,5,False,239.5,Eficiente,179.62
2026-03-03,México,Monterrey,22.4,Casa,4,7,Alta,15,True,327.32,Moderado,245.49
2026-09-23,México,Mérida,30.3,Departamento,1,6,Baja,4,True,133.46,Eficiente,100.1
2026-09-19,México,Mérida,30.3,Departamento,2,11,Alta,12,True,289.25,Moderado,216.94
2026-02-11,Perú,Lima,27.8,Departamento,6,10,Media,8,False,367.93,Moderado,275.95
2026-08-12,Colombia,Cali,24.0,Casa,5,15,Baja,6,True,368.14,Moderado,276.1
2026-01-03,México,Monterrey,14.6,Casa,1,7,Alta,11,True,251.08,Moderado,188.31
2026-08-15,México,Ciudad de México,18.8,Casa,4,9,Alta,13,True,395.53,Moderado,296.65
2026-03-22,México,Monterrey,21.2,Casa,5,19,Media,7,True,324.01,Moderado,243.01
2026-07-08,Colombia,Bogotá,12.1,Departamento,2,5,Baja,3,False,170.04,Eficiente,127.53
2026-10-12,Perú,Lima,22.0,Departamento,3,10,Alta,13,True,317.26,Moderado,237.94
2026-11-02,Colombia,Bogotá,13.4,Departamento,1,5,Media,6,True,182.53,Eficiente,136.9
2026-02-25,México,Mérida,25.2,Local,1,22,Alta,10,True,798.14,Ineficiente,598.6
2026-02-20,Perú,Cusco,13.6,Casa,3,17,Baja,5,True,215.55,Eficiente,161.66
2026-10-17,México,Ciudad de México,16.1,Casa,8,19,Baja,3,True,230.66,Eficiente,173.0
2026-12-06,Colombia,Barranquilla,27.7,Casa,4,14,Baja,1,True,185.74,Eficiente,139.3
2026-10-28,México,Guadalajara,22.1,Casa,5,7,Alta,12,True,313.21,Moderado,234.91
2026-05-10,México,Ciudad de México,18.6,Local,15,22,Media,6,True,1282.21,Ineficiente,961.66
2026-08-26,México,Tijuana,24.5,Departamento,3,8,Media,7,False,221.56,Eficiente,166.17
2026-01-02,México,Mérida,24.0,Casa,6,12,Media,6,False,436.04,Moderado,327.03
2026-09-16,México,Monterrey,29.6,Departamento,6,11,Media,4,False,266.38,Moderado,199.78
2026-03-14,Perú,Cusco,14.4,Local,15,25,Alta,13,True,2360.94,Ineficiente,1770.7
2026-08-20,Perú,Arequipa,14.2,Departamento,2,11,Media,10,True,185.74,Eficiente,139.3
2026-09-30,México,Guadalajara,23.1,Casa,5,23,Media,10,True,296.88,Moderado,222.66
2026-09-27,Colombia,Medellín,20.4,Departamento,3,10,Alta,10,True,307.12,Moderado,230.34
2026-08-10,México,Tijuana,23.8,Departamento,6,7,Media,8,True,302.11,Moderado,226.58
2026-08-05,México,Guadalajara,23.5,Casa,4,13,Baja,2,True,268.98,Moderado,201.74
2026-12-23,Colombia,Medellín,21.9,Departamento,3,12,Media,5,False,129.03,Eficiente,96.77
2026-08-24,México,Monterrey,30.7,Casa,7,22,Alta,13,False,680.47,Ineficiente,510.35
2026-09-19,México,Monterrey,28.8,Casa,3,9,Alta,15,True,650.94,Ineficiente,488.21
2026-01-15,Perú,Piura,28.4,Local,2,12,Alta,13,True,624.59,Ineficiente,468.44
2026-10-05,Colombia,Medellín,22.7,Departamento,3,12,Media,8,False,178.93,Eficiente,134.2
2026-04-08,México,Mérida,28.4,Departamento,3,13,Media,7,False,346.76,Moderado,260.07
2026-03-06,México,Mérida,26.7,Departamento,2,4,Alta,11,True,194.15,Eficiente,145.61
2026-04-11,México,Monterrey,25.8,Casa,2,11,Media,5,True,238.89,Eficiente,179.17
2026-08-23,Colombia,Bogotá,12.8,Casa,3,8,Media,4,False,265.09,Moderado,198.82
2026-04-17,Perú,Puno,10.6,Departamento,2,9,Media,7,True,197.54,Eficiente,148.16
2026-09-07,México,Ciudad de México,17.4,Casa,4,10,Alta,9,False,505.3,Ineficiente,378.98
2026-02-09,Colombia,Bucaramanga,23.1,Departamento,2,9,Alta,10,True,377.28,Moderado,282.96
2026-05-22,Colombia,Barranquilla,30.0,Departamento,2,7,Baja,3,True,133.57,Eficiente,100.18
2026-01-05,México,Tijuana,14.3,Casa,8,19,Alta,12,True,617.03,Ineficiente,462.77
2026-03-28,Perú,Puno,12.4,Local,20,15,Media,8,True,1652.15,Ineficiente,1239.11
2026-12-23,México,Mérida,25.0,Local,3,19,Baja,3,True,376.68,Moderado,282.51
2026-04-26,México,Tijuana,16.6,Casa,5,12,Baja,4,False,229.64,Eficiente,172.23
2026-02-14,México,Tijuana,14.0,Departamento,1,11,Media,7,True,207.96,Eficiente,155.97
2026-09-18,México,Tijuana,23.6,Casa,6,9,Baja,3,False,210.84,Eficiente,158.13
2026-11-03,Perú,Cusco,13.4,Casa,3,17,Alta,10,False,521.27,Ineficiente,390.95
2026-03-04,México,Monterrey,22.5,Departamento,3,11,Media,6,True,151.04,Eficiente,113.28
2026-03-27,México,Tijuana,16.4,Departamento,4,9,Media,5,False,165.84,Eficiente,124.38
2026-08-23,Colombia,Medellín,20.9,Departamento,4,8,Media,9,False,133.28,Eficiente,99.96
2026-04-02,Colombia,Bogotá,13.3,Departamento,3,7,Alta,10,True,298.77,Moderado,224.08
2026-01-14,México,Tijuana,13.8,Local,8,16,Alta,10,True,1189.91,Ineficiente,892.43
2026-01-11,Perú,Arequipa,16.1,Local,5,21,Baja,1,True,702.51,Ineficiente,526.88
2026-02-01,México,Monterrey,17.5,Local,8,28,Baja,6,True,718.25,Ineficiente,538.69
2026-08-27,México,Monterrey,31.9,Casa,5,16,Media,9,True,542.77,Ineficiente,407.08
2026-07-26,Colombia,Cali,22.1,Departamento,2,9,Media,6,False,161.66,Eficiente,121.24
2026-10-15,México,Guadalajara,23.5,Local,20,15,Media,4,True,1103.97,Ineficiente,827.98
2026-08-14,México,Ciudad de México,17.4,Casa,7,10,Baja,1,False,250.82,Moderado,188.12
2026-02-16,México,Ciudad de México,13.7,Casa,7,9,Alta,8,True,356.12,Moderado,267.09
2026-04-19,Colombia,Bogotá,13.5,Local,8,13,Media,6,True,717.13,Ineficiente,537.85
2026-06-17,Perú,Puno,8.3,Casa,7,12,Alta,11,False,494.93,Ineficiente,371.2
2026-12-18,México,Ciudad de México,13.1,Casa,3,13,Media,7,False,415.78,Moderado,311.83
2026-08-06,México,Ciudad de México,18.1,Casa,5,17,Alta,15,True,567.16,Ineficiente,425.37
2026-12-28,Colombia,Bogotá,13.7,Departamento,6,5,Media,5,True,275.49,Moderado,206.62
2026-06-05,Colombia,Bogotá,12.4,Local,15,18,Media,4,False,1342.49,Ineficiente,1006.87
2026-04-01,Colombia,Cali,24.6,Departamento,5,11,Media,8,True,169.12,Eficiente,126.84
2026-01-25,México,Monterrey,14.4,Casa,7,15,Media,7,True,280.76,Moderado,210.57
2026-08-25,Perú,Cusco,10.4,Departamento,3,12,Baja,6,True,141.69,Eficiente,106.27
2026-03-15,Perú,Puno,12.5,Casa,2,11,Alta,11,True,352.25,Moderado,264.19
2026-08-20,Colombia,Barranquilla,28.5,Departamento,2,8,Media,6,False,255.56,Moderado,191.67
2026-05-26,Perú,Arequipa,15.6,Departamento,4,7,Media,5,False,122.06,Eficiente,91.54
2026-08-12,Perú,Lima,17.8,Casa,5,18,Baja,4,True,381.45,Moderado,286.09
2026-09-20,México,Ciudad de México,17.1,Local,20,25,Alta,12,True,2219.51,Ineficiente,1664.63
2026-01-23,México,Guadalajara,19.1,Departamento,3,3,Baja,1,False,114.95,Eficiente,86.21
2026-12-10,Perú,Arequipa,16.2,Casa,4,12,Baja,5,True,219.39,Eficiente,164.54
2026-10-13,Colombia,Barranquilla,28.2,Casa,6,5,Baja,4,True,236.42,Eficiente,177.32
2026-05-13,Perú,Lima,21.4,Departamento,2,5,Baja,4,True,148.57,Eficiente,111.43
2026-03-23,Colombia,Bucaramanga,22.5,Casa,7,14,Baja,3,False,314.74,Moderado,236.06
2026-12-04,México,Guadalajara,18.7,Local,5,20,Baja,5,True,805.54,Ineficiente,604.16
2026-04-03,Perú,Arequipa,16.1,Casa,5,10,Baja,4,True,299.33,Moderado,224.5
2026-08-31,Perú,Puno,9.0,Casa,7,12,Alta,15,False,378.23,Moderado,283.67
2026-09-10,México,Monterrey,29.4,Local,8,17,Baja,6,False,505.7,Ineficiente,379.28
2026-09-13,Colombia,Barranquilla,29.5,Local,3,30,Alta,14,True,2180.11,Ineficiente,1635.08
2026-03-05,México,Monterrey,22.6,Casa,6,14,Alta,11,True,532.11,Ineficiente,399.08
2026-09-25,Colombia,Bucaramanga,22.6,Departamento,4,6,Media,7,False,186.61,Eficiente,139.96
2026-12-14,México,Mérida,25.4,Casa,2,16,Alta,11,True,346.4,Moderado,259.8
2026-05-22,Perú,Lima,22.4,Casa,5,8,Media,9,True,279.87,Moderado,209.9
2026-01-22,Perú,Puno,12.3,Casa,4,15,Alta,10,True,374.1,Moderado,280.58
2026-02-01,Perú,Piura,28.8,Departamento,6,11,Alta,15,False,436.41,Moderado,327.31
2026-10-13,México,Mérida,28.3,Casa,2,18,Baja,4,True,408.03,Moderado,306.02
2026-08-04,Perú,Lima,18.7,Local,1,10,Media,8,False,475.56,Ineficiente,356.67
2026-02-02,Colombia,Bucaramanga,23.8,Local,15,22,Alta,13,True,862.62,Ineficiente,646.96
2026-10-23,Perú,Piura,25.2,Departamento,4,10,Baja,5,True,160.68,Eficiente,120.51
2026-09-30,México,Mérida,30.4,Casa,4,16,Media,9,True,493.99,Ineficiente,370.49
2026-05-14,Colombia,Bogotá,13.5,Local,10,12,Baja,2,True,516.68,Ineficiente,387.51
2026-05-10,Colombia,Cali,24.1,Casa,6,13,Baja,5,False,378.8,Moderado,284.1
2026-01-06,México,Tijuana,14.2,Casa,8,8,Media,6,False,293.76,Moderado,220.32
2026-03-25,Colombia,Bucaramanga,23.8,Departamento,1,13,Media,4,False,198.23,Eficiente,148.67
2026-01-15,Perú,Puno,12.1,Casa,5,22,Alta,8,False,520.12,Ineficiente,390.09
2026-10-23,Colombia,Cali,23.9,Departamento,5,8,Media,5,False,181.88,Eficiente,136.41
2026-10-31,México,Guadalajara,22.1,Local,3,24,Baja,5,True,589.96,Ineficiente,442.47
2026-04-19,México,Guadalajara,23.2,Local,3,13,Media,5,True,649.77,Ineficiente,487.33
2026-09-09,Colombia,Barranquilla,29.1,Local,1,27,Media,5,True,1074.68,Ineficiente,806.01
2026-05-23,Perú,Piura,25.5,Departamento,3,10,Baja,1,False,99.77,Eficiente,74.83
2026-09-08,Perú,Cusco,11.2,Casa,8,7,Media,6,False,300.66,Moderado,225.5
2026-01-01,México,Guadalajara,19.4,Departamento,2,9,Media,4,True,97.16,Eficiente,72.87
2026-06-22,México,Mérida,30.7,Departamento,2,11,Alta,14,True,207.08,Eficiente,155.31
2026-01-11,Colombia,Bogotá,14.3,Casa,4,20,Baja,4,True,207.89,Eficiente,155.92
2026-04-26,México,Tijuana,17.1,Casa,4,9,Alta,15,True,418.06,Moderado,313.54
2026-03-27,México,Tijuana,16.2,Departamento,2,12,Baja,5,True,236.13,Eficiente,177.1
2026-08-01,México,Tijuana,24.6,Local,8,21,Media,8,True,924.45,Ineficiente,693.34
2026-05-10,México,Tijuana,19.5,Casa,8,7,Alta,9,True,582.35,Ineficiente,436.76
2026-04-29,México,Guadalajara,23.0,Local,8,15,Media,8,True,465.75,Ineficiente,349.31
2026-11-13,México,Tijuana,18.4,Local,8,21,Baja,5,True,773.26,Ineficiente,579.94
2026-09-18,México,Tijuana,23.7,Casa,2,5,Media,4,False,241.42,Eficiente,181.06
2026-08-12,México,Guadalajara,24.3,Departamento,4,5,Media,10,True,182.79,Eficiente,137.09
2026-06-04,Perú,Arequipa,14.8,Casa,1,8,Baja,4,True,215.58,Eficiente,161.68
2026-07-20,Perú,Piura,22.3,Casa,6,19,Media,7,True,450.65,Ineficiente,337.99
2026-10-05,Colombia,Cali,24.2,Casa,5,17,Baja,5,True,242.26,Eficiente,181.7
2026-09-01,Perú,Puno,9.8,Local,5,16,Media,10,True,452.21,Ineficiente,339.16
2026-03-05,México,Guadalajara,22.2,Departamento,2,6,Baja,1,True,91.09,Eficiente,68.32
2026-12-04,México,Guadalajara,18.8,Casa,5,15,Alta,12,True,418.77,Moderado,314.08
2026-01-28,Perú,Cusco,14.3,Casa,4,5,Media,9,True,240.94,Eficiente,180.7
2026-06-15,México,Monterrey,30.1,Casa,6,21,Baja,1,True,464.89,Ineficiente,348.67
2026-06-18,México,Ciudad de México,19.7,Casa,5,8,Baja,2,True,168.8,Eficiente,126.6
2026-10-28,Perú,Puno,11.8,Local,8,21,Media,8,True,1144.01,Ineficiente,858.01
2026-04-12,Perú,Lima,25.1,Casa,6,11,Media,6,True,272.73,Moderado,204.55
2026-04-21,México,Ciudad de México,17.6,Casa,3,7,Media,7,True,361.08,Moderado,270.81
2026-11-19,Colombia,Medellín,22.4,Casa,2,18,Media,6,True,241.77,Eficiente,181.33
2026-09-18,Perú,Cusco,12.7,Casa,2,19,Alta,11,False,535.87,Ineficiente,401.9
2026-11-08,Colombia,Barranquilla,28.7,Local,1,16,Alta,8,True,537.63,Ineficiente,403.22
2026-02-17,México,Tijuana,15.3,Departamento,5,11,Alta,9,True,223.9,Eficiente,167.92
2026-05-28,Colombia,Bogotá,13.7,Casa,3,8,Media,7,True,326.38,Moderado,244.78
2026-06-13,Colombia,Cali,22.6,Local,3,14,Media,10,True,816.59,Ineficiente,612.44
2026-10-29,México,Ciudad de México,16.3,Casa,2,16,Baja,3,True,234.47,Eficiente,175.85
2026-06-22,México,Mérida,30.6,Casa,7,7,Baja,6,True,312.38,Moderado,234.28
2026-06-24,México,Monterrey,30.5,Casa,3,13,Media,8,True,344.46,Moderado,258.34
2026-10-05,México,Tijuana,20.9,Local,10,13,Media,9,False,578.56,Ineficiente,433.92
2026-06-18,Colombia,Bucaramanga,22.1,Departamento,1,8,Baja,6,True,185.0,Eficiente,138.75
2026-03-12,México,Ciudad de México,15.6,Departamento,1,12,Alta,8,True,232.49,Eficiente,174.37
2026-04-11,México,Monterrey,27.0,Casa,4,11,Media,5,True,368.22,Moderado,276.17
2026-04-11,Colombia,Medellín,22.4,Departamento,2,8,Media,10,True,244.55,Eficiente,183.41
2026-11-20,México,Guadalajara,22.0,Casa,4,17,Baja,1,False,310.61,Moderado,232.96
2026-08-20,Colombia,Bogotá,13.5,Casa,4,6,Alta,14,True,416.62,Moderado,312.47
2026-03-29,Colombia,Bogotá,13.9,Local,10,17,Media,4,True,705.16,Ineficiente,528.87
2026-08-16,México,Ciudad de México,18.4,Casa,3,13,Alta,12,False,467.6,Ineficiente,350.7
2026-07-12,Colombia,Medellín,21.0,Departamento,4,8,Alta,13,False,149.52,Eficiente,112.14
2026-07-22,Perú,Lima,17.6,Casa,3,9,Media,4,True,268.31,Moderado,201.23
2026-02-23,Perú,Puno,12.4,Casa,4,18,Media,9,True,219.22,Eficiente,164.42
2026-10-17,México,Mérida,29.9,Casa,4,17,Alta,9,True,426.53,Moderado,319.9
2026-04-10,Colombia,Bucaramanga,22.2,Departamento,1,8,Media,6,False,203.15,Eficiente,152.36
2026-02-20,Colombia,Medellín,21.2,Casa,4,19,Media,7,False,384.03,Moderado,288.02
2026-10-23,México,Ciudad de México,17.6,Departamento,1,5,Media,10,True,191.91,Eficiente,143.93
2026-10-06,Colombia,Bogotá,14.0,Departamento,3,9,Baja,5,True,189.89,Eficiente,142.42
2026-04-30,México,Mérida,28.2,Casa,3,13,Media,5,True,349.24,Moderado,261.93
2026-12-26,México,Monterrey,15.5,Casa,6,8,Media,6,True,227.06,Eficiente,170.3
2026-07-18,México,Ciudad de México,17.6,Casa,4,14,Baja,4,True,261.35,Moderado,196.01
2026-11-29,Perú,Lima,22.3,Departamento,3,9,Baja,4,True,164.57,Eficiente,123.43
2026-05-11,Colombia,Bucaramanga,23.6,Departamento,4,13,Media,10,True,202.2,Eficiente,151.65
2026-12-01,Colombia,Bucaramanga,23.4,Casa,6,20,Alta,13,True,532.62,Ineficiente,399.46
2026-05-15,México,Guadalajara,26.6,Casa,4,5,Baja,4,True,278.45,Moderado,208.84
2026-01-11,México,Tijuana,14.8,Departamento,3,10,Media,7,False,204.42,Eficiente,153.32
2026-02-06,México,Tijuana,15.9,Casa,5,7,Baja,4,True,148.93,Eficiente,111.7
2026-02-13,Colombia,Barranquilla,27.4,Casa,6,20,Baja,3,True,313.52,Moderado,235.14
2026-10-13,México,Mérida,29.2,Departamento,2,8,Baja,3,True,135.89,Eficiente,101.92
2026-02-24,Colombia,Bucaramanga,22.6,Departamento,3,5,Alta,9,True,257.15,Moderado,192.86
2026-01-19,Perú,Arequipa,17.0,Local,5,19,Alta,14,True,698.11,Ineficiente,523.58
2026-12-28,México,Ciudad de México,14.6,Local,5,15,Alta,11,True,633.35,Ineficiente,475.01
2026-07-12,Perú,Cusco,9.5,Departamento,4,11,Media,7,True,244.16,Eficiente,183.12
2026-09-14,Perú,Arequipa,15.4,Departamento,2,6,Media,7,False,207.3,Eficiente,155.48
2026-10-03,México,Monterrey,25.1,Casa,6,14,Baja,2,True,213.13,Eficiente,159.85
2026-08-10,Perú,Arequipa,14.2,Local,3,14,Media,10,True,383.71,Moderado,287.78
2026-03-26,Perú,Cusco,14.5,Departamento,3,7,Media,7,True,226.7,Eficiente,170.02
2026-07-14,Perú,Lima,17.6,Casa,4,5,Media,8,False,270.36,Moderado,202.77
2026-02-04,Colombia,Cali,23.7,Departamento,2,6,Media,6,False,149.81,Eficiente,112.36
2026-05-03,Perú,Lima,22.0,Local,8,27,Baja,5,True,617.79,Ineficiente,463.34
2026-11-11,México,Mérida,27.8,Departamento,2,7,Media,4,True,177.04,Eficiente,132.78
2026-10-16,México,Mérida,30.0,Casa,3,16,Media,8,True,322.53,Moderado,241.9
2026-11-22,Perú,Lima,23.7,Local,2,10,Baja,3,True,383.51,Moderado,287.63
2026-09-13,México,Mérida,30.5,Local,8,17,Alta,8,False,1010.61,Ineficiente,757.96
2026-03-04,México,Guadalajara,22.6,Local,10,17,Baja,2,True,439.77,Moderado,329.83
2026-01-21,México,Ciudad de México,13.4,Casa,4,10,Baja,4,True,283.14,Moderado,212.36
2026-09-27,Perú,Puno,10.2,Casa,6,8,Baja,6,True,288.39,Moderado,216.29
2026-02-08,México,Monterrey,17.8,Casa,1,9,Baja,1,False,115.57,Eficiente,86.68
2026-07-27,México,Mérida,31.8,Departamento,1,8,Baja,2,True,187.53,Eficiente,140.65
2026-03-10,Colombia,Bogotá,13.5,Casa,5,9,Alta,11,True,469.16,Ineficiente,351.87
2026-06-01,Colombia,Cali,23.3,Departamento,1,4,Alta,10,True,189.94,Eficiente,142.45
2026-07-23,México,Tijuana,22.3,Casa,6,13,Media,6,True,302.59,Moderado,226.94
2026-04-02,México,Tijuana,16.3,Casa,3,11,Baja,3,True,283.99,Moderado,212.99
2026-10-06,Perú,Arequipa,15.2,Casa,2,21,Media,10,False,261.04,Moderado,195.78
2026-02-10,México,Monterrey,17.5,Casa,4,11,Baja,6,True,168.26,Eficiente,126.2
2026-08-19,Perú,Cusco,10.7,Local,20,25,Baja,6,False,1164.87,Ineficiente,873.65
2026-07-09,Perú,Lima,18.1,Casa,8,12,Media,8,False,415.44,Moderado,311.58
2026-09-12,Perú,Puno,9.7,Casa,7,21,Media,8,True,370.05,Moderado,277.54
2026-10-13,Colombia,Bogotá,13.2,Casa,2,16,Media,10,True,359.53,Moderado,269.65
2026-10-10,México,Guadalajara,22.6,Local,8,15,Alta,14,True,1342.03,Ineficiente,1006.52
2026-12-11,Colombia,Barranquilla,28.5,Local,3,23,Media,8,True,1000.42,Ineficiente,750.32
2026-09-17,México,Guadalajara,24.6,Departamento,2,6,Baja,1,True,181.88,Eficiente,136.41
2026-05-21,México,Guadalajara,26.9,Casa,3,9,Media,9,True,281.39,Moderado,211.04
2026-04-21,México,Guadalajara,24.8,Casa,7,7,Media,10,True,409.03,Moderado,306.77
2026-07-25,Perú,Cusco,9.5,Casa,3,17,Baja,6,True,172.61,Eficiente,129.46
2026-07-08,Colombia,Bogotá,13.4,Departamento,2,12,Alta,9,False,235.78,Eficiente,176.84
2026-12-01,México,Mérida,25.8,Casa,4,7,Alta,11,False,464.77,Ineficiente,348.58
2026-10-04,Colombia,Medellín,22.6,Departamento,4,6,Alta,8,True,283.34,Moderado,212.5
2026-07-08,México,Tijuana,23.2,Departamento,2,9,Media,4,False,97.33,Eficiente,73.0
2026-01-05,México,Monterrey,15.5,Departamento,3,8,Alta,14,True,375.86,Moderado,281.9
2026-04-18,Colombia,Cali,23.6,Casa,8,11,Alta,15,False,313.1,Moderado,234.82
2026-01-06,México,Guadalajara,18.8,Departamento,3,9,Alta,9,True,263.4,Moderado,197.55
2026-03-06,México,Ciudad de México,16.0,Casa,4,10,Media,6,False,209.84,Eficiente,157.38
2026-09-02,México,Monterrey,29.2,Casa,4,18,Alta,10,False,570.07,Ineficiente,427.55
2026-04-15,Colombia,Barranquilla,28.4,Departamento,3,6,Media,4,False,162.32,Eficiente,121.74
2026-06-21,Perú,Lima,20.7,Casa,3,13,Media,10,True,188.32,Eficiente,141.24
2026-02-24,Colombia,Bogotá,14.4,Casa,8,21,Media,10,True,383.53,Moderado,287.65
2026-01-31,Perú,Lima,27.2,Departamento,4,11,Baja,6,True,131.24,Eficiente,98.43
2026-12-03,Colombia,Cali,24.7,Departamento,8,6,Media,6,False,155.79,Eficiente,116.84
2026-08-27,Colombia,Medellín,21.5,Casa,2,13,Baja,1,True,223.52,Eficiente,167.64
2026-05-03,México,Guadalajara,25.6,Local,15,13,Media,4,True,915.04,Ineficiente,686.28
2026-09-27,Colombia,Cali,23.9,Casa,6,11,Alta,15,False,484.58,Ineficiente,363.44
2026-08-25,México,Mérida,30.1,Departamento,4,9,Baja,2,True,88.25,Eficiente,66.19
2026-07-27,Colombia,Barranquilla,29.9,Casa,6,8,Alta,12,True,679.6,Ineficiente,509.7
2026-03-21,Colombia,Barranquilla,28.2,Casa,5,11,Media,4,True,249.79,Eficiente,187.34
2026-09-02,Colombia,Barranquilla,29.4,Casa,3,20,Media,8,True,523.6,Ineficiente,392.7
2026-03-01,México,Mérida,26.5,Local,10,24,Alta,12,True,1792.04,Ineficiente,1344.03
2026-09-18,Colombia,Medellín,20.9,Casa,8,5,Baja,3,True,273.44,Moderado,205.08
2026-07-05,Colombia,Cali,22.1,Casa,7,21,Media,9,False,452.46,Ineficiente,339.34
2026-12-05,México,Guadalajara,18.8,Casa,8,11,Baja,4,True,216.17,Eficiente,162.13
2026-03-08,Colombia,Bogotá,14.6,Departamento,6,7,Media,5,False,189.1,Eficiente,141.82
2026-07-27,México,Ciudad de México,18.7,Casa,6,5,Baja,1,True,128.08,Eficiente,96.06
2026-11-18,México,Mérida,26.7,Departamento,2,8,Media,6,False,179.17,Eficiente,134.38
2026-06-07,Perú,Puno,7.2,Local,2,27,Media,9,True,405.4,Moderado,304.05
2026-02-06,México,Monterrey,18.4,Casa,5,7,Alta,15,True,622.16,Ineficiente,466.62
2026-12-08,Colombia,Medellín,21.6,Departamento,4,12,Media,10,True,267.15,Moderado,200.36
2026-01-03,México,Tijuana,13.3,Local,10,15,Alta,10,True,1318.85,Ineficiente,989.14
2026-05-17,Colombia,Cali,23.5,Casa,8,19,Baja,3,True,284.52,Moderado,213.39
2026-11-26,Colombia,Cali,24.6,Departamento,4,6,Baja,1,True,143.51,Eficiente,107.63
2026-06-02,Perú,Puno,8.1,Departamento,4,5,Alta,11,False,274.79,Moderado,206.09
2026-06-01,Perú,Piura,23.2,Casa,8,10,Media,10,False,450.1,Ineficiente,337.58
2026-01-23,México,Ciudad de México,12.8,Departamento,1,9,Baja,3,False,127.28,Eficiente,95.46
2026-09-21,México,Monterrey,29.3,Departamento,3,10,Media,7,True,308.46,Moderado,231.34
2026-06-24,Colombia,Bucaramanga,22.1,Departamento,2,5,Media,7,True,150.03,Eficiente,112.52
2026-08-10,México,Mérida,31.9,Departamento,2,14,Alta,13,True,382.07,Moderado,286.55
2026-11-30,México,Guadalajara,21.1,Departamento,1,8,Alta,14,False,229.08,Eficiente,171.81
2026-12-25,Colombia,Medellín,22.4,Casa,6,15,Media,5,True,420.78,Moderado,315.58
2026-07-03,México,Mérida,30.2,Casa,3,13,Alta,12,True,503.87,Ineficiente,377.9
2026-11-23,Colombia,Bogotá,13.9,Casa,10,19,Alta,14,False,526.39,Ineficiente,394.79
2026-11-17,México,Guadalajara,20.6,Casa,5,12,Baja,1,False,290.24,Moderado,217.68
2026-06-04,Colombia,Bucaramanga,22.3,Casa,6,18,Alta,13,True,586.91,Ineficiente,440.18
2026-06-29,Colombia,Bogotá,13.7,Casa,5,19,Alta,8,True,403.63,Moderado,302.72
2026-03-25,México,Mérida,27.0,Casa,6,12,Baja,6,True,304.08,Moderado,228.06
2026-08-06,México,Tijuana,24.0,Departamento,1,10,Media,5,True,279.62,Moderado,209.72
2026-12-07,Colombia,Barranquilla,28.4,Casa,5,14,Alta,13,True,539.19,Ineficiente,404.39
2026-12-16,Colombia,Barranquilla,27.3,Casa,5,14,Alta,9,True,305.14,Moderado,228.86
2026-05-03,México,Monterrey,29.7,Casa,4,10,Alta,15,False,539.34,Ineficiente,404.5
2026-09-24,Colombia,Bogotá,13.6,Casa,4,11,Media,6,True,274.65,Moderado,205.99
2026-08-03,México,Monterrey,31.4,Departamento,3,11,Alta,12,True,302.11,Moderado,226.58
2026-08-17,Perú,Lima,17.6,Departamento,4,7,Media,4,True,179.18,Eficiente,134.38
2026-11-13,México,Monterrey,19.8,Casa,6,11,Media,7,False,293.47,Moderado,220.1
2026-04-04,Perú,Lima,24.3,Casa,4,9,Alta,8,True,306.35,Moderado,229.76
2026-11-02,Perú,Piura,27.9,Local,5,14,Media,10,True,1032.36,Ineficiente,774.27
2026-09-18,Colombia,Bucaramanga,22.8,Casa,3,19,Alta,13,False,397.11,Moderado,297.83
2026-03-26,Colombia,Medellín,22.5,Casa,5,16,Alta,11,True,484.66,Ineficiente,363.5
2026-10-02,Colombia,Cali,23.3,Casa,5,17,Baja,2,True,192.52,Eficiente,144.39
2026-12-09,México,Monterrey,15.2,Local,2,26,Alta,13,True,1524.81,Ineficiente,1143.61
2026-12-11,México,Ciudad de México,13.1,Departamento,4,5,Media,6,True,169.74,Eficiente,127.3
2026-08-05,Perú,Puno,9.8,Local,5,15,Media,5,True,685.2,Ineficiente,513.9
2026-11-01,México,Tijuana,18.0,Departamento,2,12,Alta,9,True,234.61,Eficiente,175.96
2026-12-28,México,Ciudad de México,14.1,Casa,4,12,Media,5,True,262.22,Moderado,196.67
2026-07-24,Colombia,Barranquilla,28.1,Casa,4,24,Alta,13,True,569.0,Ineficiente,426.75
2026-10-06,México,Ciudad de México,16.7,Departamento,3,13,Baja,6,False,246.14,Eficiente,184.6
2026-04-24,México,Tijuana,16.3,Local,3,24,Media,8,False,788.98,Ineficiente,591.74
2026-06-07,México,Ciudad de México,18.2,Departamento,2,5,Alta,10,True,149.63,Eficiente,112.22
2026-03-31,México,Mérida,27.8,Casa,6,13,Alta,14,True,330.55,Moderado,247.91
2026-01-01,Colombia,Bogotá,14.4,Casa,2,16,Baja,6,True,296.69,Moderado,222.52
2026-10-17,Colombia,Medellín,21.6,Departamento,3,11,Baja,1,False,164.0,Eficiente,123.0
2026-05-03,Colombia,Bucaramanga,22.1,Casa,5,15,Media,10,True,598.72,Ineficiente,449.04
2026-03-07,Perú,Puno,11.6,Casa,2,14,Baja,1,True,160.25,Eficiente,120.19
2026-05-01,Perú,Lima,21.5,Departamento,3,7,Baja,5,False,174.76,Eficiente,131.07
2026-08-25,Colombia,Cali,23.5,Casa,4,9,Media,6,False,258.56,Moderado,193.92
2026-03-30,México,Ciudad de México,15.1,Departamento,2,6,Baja,1,True,81.95,Eficiente,61.46
2026-11-07,México,Monterrey,19.6,Casa,5,15,Media,6,True,457.43,Ineficiente,343.07
2026-05-13,Perú,Lima,21.7,Local,10,22,Media,4,True,991.33,Ineficiente,743.5
2026-04-12,Colombia,Barranquilla,28.3,Casa,5,18,Baja,6,False,321.06,Moderado,240.8
2026-11-23,México,Ciudad de México,14.2,Local,3,17,Media,5,True,562.17,Ineficiente,421.63
2026-06-16,México,Mérida,30.6,Casa,5,10,Alta,11,False,391.7,Moderado,293.77
2026-06-20,México,Guadalajara,25.4,Casa,3,11,Media,7,True,254.75,Moderado,191.06
2026-01-28,Colombia,Cali,23.6,Departamento,2,11,Media,9,True,160.39,Eficiente,120.29
2026-11-22,México,Mérida,26.8,Local,3,13,Alta,12,True,941.54,Ineficiente,706.16
2026-05-05,México,Guadalajara,25.8,Departamento,4,11,Media,10,True,228.5,Eficiente,171.38
2026-01-02,México,Monterrey,15.7,Departamento,5,14,Media,10,False,290.25,Moderado,217.69
2026-03-16,Colombia,Bucaramanga,22.3,Casa,5,10,Alta,13,True,340.86,Moderado,255.64
2026-01-26,Perú,Piura,28.3,Casa,10,17,Alta,12,True,626.73,Ineficiente,470.05
2026-04-13,México,Tijuana,16.7,Casa,10,21,Baja,4,True,368.79,Moderado,276.59
2026-12-28,México,Mérida,24.2,Casa,4,14,Media,8,True,368.19,Moderado,276.14
2026-09-18,México,Mérida,29.1,Casa,7,22,Alta,8,True,671.4,Ineficiente,503.55
2026-10-26,México,Ciudad de México,17.7,Casa,2,12,Media,5,True,314.11,Moderado,235.58
2026-01-02,Perú,Arequipa,17.6,Casa,4,12,Media,10,True,309.95,Moderado,232.46
2026-02-13,Colombia,Bucaramanga,22.0,Local,5,22,Alta,14,True,931.85,Ineficiente,698.89
2026-05-10,Perú,Puno,11.0,Departamento,2,8,Alta,8,True,195.36,Eficiente,146.52
2026-10-12,México,Guadalajara,22.0,Local,8,25,Media,6,True,663.66,Ineficiente,497.74
2026-06-09,México,Mérida,31.9,Casa,4,19,Media,6,False,451.87,Ineficiente,338.9
2026-07-23,Perú,Lima,17.6,Casa,4,16,Media,7,False,225.18,Eficiente,168.88
2026-07-15,México,Mérida,30.6,Casa,3,9,Media,5,False,391.04,Moderado,293.28
2026-12-04,México,Monterrey,15.2,Casa,4,11,Baja,2,False,185.64,Eficiente,139.23
2026-02-28,Colombia,Medellín,21.3,Casa,6,14,Media,6,True,366.11,Moderado,274.58
2026-05-31,Colombia,Bogotá,14.9,Departamento,2,10,Media,9,False,231.38,Eficiente,173.54
2026-08-18,México,Guadalajara,24.3,Casa,5,17,Alta,15,True,477.83,Ineficiente,358.37
2026-07-22,Perú,Piura,23.9,Casa,4,23,Alta,12,False,523.2,Ineficiente,392.4
2026-11-14,Colombia,Bogotá,14.2,Local,3,12,Alta,12,True,577.91,Ineficiente,433.43
2026-01-10,Perú,Piura,27.0,Casa,4,9,Media,8,True,329.69,Moderado,247.27
2026-04-29,Colombia,Barranquilla,29.3,Local,3,21,Alta,9,True,775.63,Ineficiente,581.72
2026-11-23,Colombia,Medellín,22.5,Departamento,5,10,Media,6,True,264.33,Moderado,198.25
2026-01-06,México,Monterrey,14.3,Casa,4,12,Alta,12,True,589.63,Ineficiente,442.22
2026-02-08,Colombia,Barranquilla,27.3,Departamento,3,11,Baja,4,True,200.21,Eficiente,150.16
2026-01-09,México,Guadalajara,18.3,Casa,6,8,Baja,6,False,276.74,Moderado,207.56
2026-08-13,Perú,Arequipa,13.9,Casa,4,20,Media,4,True,218.51,Eficiente,163.88
2026-07-14,México,Ciudad de México,17.6,Casa,2,12,Media,8,True,351.1,Moderado,263.33
2026-10-28,Colombia,Medellín,21.7,Casa,4,9,Alta,14,True,377.8,Moderado,283.35
2026-06-05,Colombia,Medellín,20.1,Departamento,4,11,Alta,12,True,332.31,Moderado,249.23
2026-10-07,Perú,Cusco,13.6,Local,10,11,Baja,5,True,614.21,Ineficiente,460.66
2026-08-09,Colombia,Medellín,21.4,Departamento,4,12,Alta,13,True,377.55,Moderado,283.16
2026-12-01,México,Guadalajara,18.1,Departamento,5,4,Media,7,True,171.01,Eficiente,128.26
2026-06-18,Perú,Puno,7.7,Casa,4,8,Media,7,False,300.07,Moderado,225.05
2026-08-03,México,Mérida,31.5,Casa,4,14,Baja,5,True,346.62,Moderado,259.97
2026-02-20,México,Tijuana,14.7,Local,10,13,Media,4,True,577.28,Ineficiente,432.96
2026-12-11,México,Tijuana,14.6,Casa,6,24,Baja,1,True,219.69,Eficiente,164.77
2026-06-13,México,Guadalajara,25.8,Casa,5,9,Media,4,True,350.78,Moderado,263.08
2026-03-30,Colombia,Bogotá,14.8,Casa,5,13,Media,6,True,237.42,Eficiente,178.06
2026-01-05,México,Monterrey,14.4,Casa,6,11,Alta,12,True,493.55,Ineficiente,370.16
2026-10-20,México,Tijuana,20.8,Departamento,6,6,Media,5,True,173.7,Eficiente,130.27
2026-12-25,México,Tijuana,15.7,Casa,4,9,Baja,5,True,245.49,Eficiente,184.12
2026-05-05,Perú,Cusco,12.0,Casa,3,21,Media,4,False,316.35,Moderado,237.26
2026-06-29,México,Ciudad de México,19.9,Casa,6,9,Alta,12,False,339.06,Moderado,254.3
2026-02-25,Perú,Puno,11.6,Casa,5,7,Media,8,False,193.74,Eficiente,145.3
2026-11-30,México,Guadalajara,21.6,Casa,4,13,Media,5,True,349.94,Moderado,262.46
2026-12-11,México,Tijuana,15.7,Casa,3,6,Alta,14,False,421.63,Moderado,316.22
2026-02-03,Colombia,Bucaramanga,22.1,Casa,4,13,Media,4,True,224.94,Eficiente,168.7
2026-01-20,Colombia,Medellín,21.1,Departamento,2,8,Alta,11,True,164.24,Eficiente,123.18
2026-11-26,Colombia,Barranquilla,29.0,Casa,8,8,Baja,3,True,336.72,Moderado,252.54
2026-09-29,México,Ciudad de México,18.9,Casa,7,11,Media,4,True,389.13,Moderado,291.85
2026-11-02,Perú,Lima,22.1,Casa,4,22,Media,4,False,394.43,Moderado,295.82
2026-08-26,México,Monterrey,30.8,Casa,3,11,Alta,12,True,479.0,Ineficiente,359.25
2026-02-13,Colombia,Medellín,22.0,Casa,3,23,Media,8,True,327.73,Moderado,245.8
2026-07-02,Perú,Cusco,9.3,Casa,5,15,Media,6,False,435.59,Moderado,326.69
2026-06-21,México,Mérida,31.6,Departamento,3,10,Media,8,True,366.21,Moderado,274.66
2026-11-30,México,Guadalajara,20.9,Casa,10,19,Media,10,True,503.84,Ineficiente,377.88
2026-12-15,México,Ciudad de México,14.6,Casa,4,7,Media,7,True,405.02,Moderado,303.76
2026-04-07,Colombia,Bucaramanga,23.5,Casa,3,19,Baja,1,True,190.57,Eficiente,142.93
2026-03-02,Perú,Puno,11.0,Local,20,16,Media,8,False,1231.88,Ineficiente,923.91
2026-06-14,México,Mérida,31.5,Local,15,17,Alta,11,True,1161.4,Ineficiente,871.05
2026-03-24,Colombia,Barranquilla,29.7,Departamento,3,5,Media,7,False,198.16,Eficiente,148.62
2026-08-20,Perú,Piura,23.9,Casa,8,18,Baja,2,True,282.75,Moderado,212.06
2026-12-06,México,Ciudad de México,14.8,Casa,5,19,Alta,10,True,697.36,Ineficiente,523.02
2026-12-19,México,Mérida,24.5,Local,2,16,Media,5,True,295.01,Moderado,221.26
2026-12-07,Colombia,Barranquilla,27.0,Casa,6,11,Baja,4,True,184.79,Eficiente,138.59
2026-03-13,Perú,Piura,29.9,Casa,4,9,Media,5,True,240.96,Eficiente,180.72
2026-08-24,México,Guadalajara,23.9,Departamento,3,9,Alta,13,True,252.47,Moderado,189.35
2026-05-27,Perú,Arequipa,14.4,Departamento,2,10,Baja,2,True,128.74,Eficiente,96.56
2026-02-26,Perú,Arequipa,17.0,Local,3,26,Media,9,False,1081.11,Ineficiente,810.83
2026-02-20,Colombia,Cali,23.6,Casa,4,6,Alta,10,True,260.72,Moderado,195.54
2026-04-09,Colombia,Bucaramanga,23.9,Local,8,10,Baja,3,True,564.18,Ineficiente,423.14
2026-02-26,Perú,Arequipa,16.7,Departamento,4,6,Media,8,True,173.67,Eficiente,130.25
2026-11-01,México,Guadalajara,20.2,Casa,3,8,Media,8,True,258.5,Moderado,193.88
2026-07-12,México,Guadalajara,24.3,Casa,2,8,Media,4,True,223.38,Eficiente,167.54
2026-11-13,México,Guadalajara,20.7,Local,15,21,Baja,1,True,969.17,Ineficiente,726.88
2026-01-06,Colombia,Cali,24.2,Local,8,25,Baja,5,True,711.67,Ineficiente,533.75
2026-10-12,Perú,Puno,11.8,Departamento,3,5,Media,7,True,191.76,Eficiente,143.82
2026-04-07,México,Ciudad de México,18.0,Local,5,27,Alta,13,True,1856.12,Ineficiente,1392.09
2026-09-10,Colombia,Bucaramanga,21.1,Casa,6,14,Media,10,False,480.66,Ineficiente,360.5
2026-08-08,México,Mérida,31.2,Casa,2,23,Media,9,True,377.99,Moderado,283.49
2026-03-19,Colombia,Barranquilla,28.4,Local,10,28,Alta,8,True,2389.04,Ineficiente,1791.78
2026-11-08,Perú,Puno,12.5,Casa,2,18,Media,9,False,251.46,Moderado,188.6
2026-01-30,Perú,Piura,27.9,Casa,7,12,Media,6,True,263.65,Moderado,197.74
2026-08-24,Colombia,Cali,23.4,Casa,3,22,Baja,2,False,218.55,Eficiente,163.91
2026-09-10,México,Mérida,30.2,Casa,10,6,Alta,11,True,374.28,Moderado,280.71
2026-10-20,Perú,Puno,11.3,Departamento,4,4,Alta,8,False,280.74,Moderado,210.56
2026-10-31,Perú,Lima,21.7,Departamento,3,10,Alta,11,False,328.6,Moderado,246.45
2026-12-06,Perú,Piura,28.5,Casa,4,23,Alta,11,True,689.19,Ineficiente,516.89
2026-12-04,México,Mérida,24.6,Local,15,14,Media,5,True,625.82,Ineficiente,469.36
2026-07-30,Colombia,Bogotá,13.3,Departamento,6,6,Media,7,True,223.85,Eficiente,167.89
2026-09-06,México,Tijuana,23.3,Departamento,3,7,Media,4,True,117.92,Eficiente,88.44
2026-12-01,Colombia,Medellín,21.2,Departamento,3,13,Alta,13,True,236.73,Eficiente,177.55
2026-05-25,Colombia,Bogotá,14.0,Departamento,2,5,Baja,5,True,174.96,Eficiente,131.22
2026-12-08,México,Mérida,24.8,Departamento,8,8,Baja,6,True,265.84,Moderado,199.38
2026-07-02,Colombia,Bucaramanga,22.6,Casa,4,12,Media,6,True,266.61,Moderado,199.96
2026-03-13,Colombia,Barranquilla,28.9,Casa,10,15,Alta,13,True,499.47,Ineficiente,374.6
2026-06-04,Colombia,Medellín,20.7,Departamento,3,9,Media,7,True,218.3,Eficiente,163.73
2026-10-17,Colombia,Bucaramanga,23.1,Casa,2,11,Baja,5,False,188.78,Eficiente,141.58
2026-12-10,Perú,Arequipa,16.0,Casa,7,7,Baja,4,False,263.1,Moderado,197.32
2026-08-10,Perú,Lima,18.3,Casa,7,13,Alta,9,True,567.57,Ineficiente,425.68
2026-01-07,Colombia,Barranquilla,28.8,Casa,3,10,Alta,13,False,295.79,Moderado,221.84
2026-08-28,México,Mérida,30.8,Casa,4,8,Alta,9,True,490.63,Ineficiente,367.97
2026-06-21,México,Ciudad de México,18.1,Departamento,2,5,Media,6,True,275.45,Moderado,206.59
2026-11-27,Perú,Cusco,13.3,Local,5,23,Alta,12,True,989.61,Ineficiente,742.21
2026-07-28,Colombia,Cali,23.1,Casa,1,11,Media,6,True,185.93,Eficiente,139.45
2026-09-10,México,Ciudad de México,17.2,Departamento,6,12,Media,6,False,248.81,Eficiente,186.61
2026-05-12,Colombia,Cali,23.8,Casa,4,5,Media,6,True,330.48,Moderado,247.86
2026-02-04,Colombia,Cali,24.3,Casa,5,10,Media,4,False,331.67,Moderado,248.75
2026-10-28,México,Guadalajara,23.4,Casa,4,9,Media,7,True,219.48,Eficiente,164.61
2026-11-17,Perú,Cusco,13.7,Casa,3,11,Media,6,True,349.8,Moderado,262.35
2026-10-16,México,Guadalajara,22.8,Casa,5,19,Alta,15,True,665.49,Ineficiente,499.12
2026-03-14,México,Monterrey,22.5,Departamento,2,5,Baja,4,True,104.31,Eficiente,78.23
2026-09-16,Colombia,Medellín,21.1,Local,10,20,Media,8,True,685.55,Ineficiente,514.16
2026-07-29,México,Monterrey,31.8,Departamento,1,6,Media,10,False,280.92,Moderado,210.69
2026-11-06,México,Tijuana,18.4,Local,3,20,Alta,9,True,816.42,Ineficiente,612.31
2026-12-10,Perú,Cusco,13.5,Casa,3,15,Media,5,True,343.79,Moderado,257.84
2026-05-16,México,Guadalajara,26.1,Casa,6,12,Alta,11,False,342.94,Moderado,257.2
2026-01-17,Colombia,Barranquilla,28.1,Local,8,30,Alta,10,True,1433.39,Ineficiente,1075.04
2026-08-31,México,Ciudad de México,18.6,Departamento,1,12,Alta,15,True,344.33,Moderado,258.25
2026-02-15,México,Mérida,25.4,Casa,1,19,Alta,10,True,360.12,Moderado,270.09
2026-07-31,Perú,Cusco,10.7,Casa,5,12,Media,5,False,398.71,Moderado,299.03
2026-01-24,México,Guadalajara,19.5,Departamento,1,9,Baja,1,True,123.16,Eficiente,92.37
2026-08-27,Colombia,Barranquilla,29.7,Local,5,27,Media,7,False,886.85,Ineficiente,665.14
2026-02-03,Colombia,Cali,24.8,Local,10,21,Media,10,True,781.0,Ineficiente,585.75
2026-12-02,México,Mérida,25.9,Local,2,9,Media,8,True,700.53,Ineficiente,525.4
2026-03-29,México,Tijuana,16.7,Casa,3,11,Media,6,True,331.6,Moderado,248.7
2026-03-17,Colombia,Medellín,22.7,Casa,3,11,Baja,2,True,143.42,Eficiente,107.56
2026-12-26,Colombia,Cali,23.6,Casa,4,14,Media,9,True,367.14,Moderado,275.36
2026-05-18,Colombia,Cali,23.3,Departamento,5,8,Media,8,True,148.09,Eficiente,111.07
2026-07-27,Perú,Puno,8.6,Departamento,3,8,Alta,12,False,226.78,Eficiente,170.08
2026-11-20,Perú,Piura,26.5,Casa,4,20,Baja,5,False,308.71,Moderado,231.53
2026-07-20,Perú,Puno,7.0,Casa,7,12,Media,6,True,378.47,Moderado,283.85
2026-09-24,México,Ciudad de México,18.7,Departamento,2,11,Baja,1,True,189.98,Eficiente,142.48
2026-02-12,México,Guadalajara,19.7,Departamento,4,7,Baja,1,True,172.67,Eficiente,129.5
2026-09-19,Colombia,Bogotá,13.3,Departamento,2,7,Media,8,True,119.45,Eficiente,89.59
2026-05-03,México,Ciudad de México,18.6,Local,8,15,Alta,14,True,1536.66,Ineficiente,1152.5
2026-01-18,Colombia,Cali,24.5,Departamento,1,6,Baja,5,True,103.25,Eficiente,77.44
2026-01-31,Perú,Piura,28.6,Casa,6,15,Baja,1,True,323.21,Moderado,242.41
2026-02-04,Colombia,Bucaramanga,23.8,Casa,6,11,Baja,1,True,239.41,Eficiente,179.56
2026-09-03,México,Tijuana,22.3,Departamento,3,14,Baja,3,True,144.58,Eficiente,108.44
2026-10-24,Colombia,Bucaramanga,22.1,Departamento,2,8,Media,6,True,164.05,Eficiente,123.04
2026-05-20,Colombia,Medellín,22.6,Casa,6,20,Media,4,True,363.37,Moderado,272.53
2026-01-04,México,Mérida,23.7,Local,8,15,Media,8,True,674.02,Ineficiente,505.52
2026-01-27,Colombia,Barranquilla,27.4,Departamento,2,7,Baja,6,False,176.93,Eficiente,132.7
2026-12-06,Perú,Puno,11.5,Local,10,16,Baja,4,True,441.6,Moderado,331.2
2026-11-09,Perú,Lima,22.8,Local,5,14,Baja,6,True,759.3,Ineficiente,569.47
2026-04-20,Colombia,Cali,23.8,Casa,1,11,Baja,6,False,232.88,Eficiente,174.66
2026-10-22,Colombia,Barranquilla,28.9,Local,1,21,Alta,10,False,1210.93,Ineficiente,908.2
2026-02-01,Colombia,Bogotá,14.8,Casa,3,11,Alta,15,True,459.48,Ineficiente,344.61
2026-07-26,Perú,Arequipa,12.6,Local,10,20,Media,6,True,945.89,Ineficiente,709.42
2026-10-14,México,Mérida,29.2,Departamento,2,9,Media,8,True,242.34,Eficiente,181.76
2026-04-18,México,Mérida,29.8,Casa,6,7,Media,9,True,326.83,Moderado,245.12
2026-11-01,México,Ciudad de México,14.7,Casa,5,15,Media,5,True,383.86,Moderado,287.9
2026-04-11,México,Monterrey,26.1,Departamento,3,7,Alta,8,True,358.36,Moderado,268.77
2026-09-27,Perú,Piura,24.4,Departamento,5,10,Media,5,False,155.64,Eficiente,116.73
2026-09-11,México,Ciudad de México,18.2,Casa,8,16,Alta,15,True,672.71,Ineficiente,504.53
2026-12-31,México,Mérida,24.3,Casa,8,16,Media,4,False,388.4,Moderado,291.3
2026-05-20,Colombia,Barranquilla,29.6,Casa,4,15,Alta,12,True,520.11,Ineficiente,390.08
2026-05-18,México,Guadalajara,26.0,Local,5,11,Media,7,True,694.76,Ineficiente,521.07
2026-06-14,México,Monterrey,30.4,Casa,2,5,Baja,2,False,264.66,Moderado,198.5
2026-10-05,Colombia,Cali,24.0,Casa,4,10,Baja,1,True,302.58,Moderado,226.94
2026-01-31,Perú,Arequipa,16.6,Casa,4,19,Baja,6,True,384.46,Moderado,288.34
2026-07-21,México,Mérida,30.3,Casa,4,19,Alta,13,True,718.09,Ineficiente,538.57
2026-08-18,Colombia,Medellín,21.2,Local,3,24,Media,8,False,648.34,Ineficiente,486.26
2026-01-12,México,Tijuana,13.6,Casa,4,8,Baja,1,True,214.36,Eficiente,160.77
2026-05-20,México,Monterrey,29.9,Local,2,28,Alta,15,True,1825.43,Ineficiente,1369.07
2026-06-15,México,Monterrey,31.0,Departamento,1,13,Baja,6,True,220.22,Eficiente,165.16
2026-05-21,Colombia,Barranquilla,29.7,Local,5,17,Media,5,True,804.99,Ineficiente,603.74
2026-09-24,Perú,Arequipa,15.4,Casa,5,21,Baja,2,True,256.98,Moderado,192.74
2026-10-15,México,Monterrey,24.5,Departamento,2,7,Baja,4,True,180.26,Eficiente,135.2
2026-10-08,Colombia,Medellín,21.0,Local,2,18,Alta,12,True,979.25,Ineficiente,734.44
2026-10-10,Perú,Puno,10.5,Casa,3,9,Baja,5,True,209.36,Eficiente,157.02
2026-05-04,México,Tijuana,18.5,Casa,6,20,Baja,1,True,322.32,Moderado,241.74
2026-12-17,México,Monterrey,15.5,Departamento,2,6,Baja,1,False,110.57,Eficiente,82.93
2026-07-29,Perú,Piura,22.4,Casa,3,17,Baja,2,True,238.24,Eficiente,178.68
2026-08-03,México,Mérida,31.3,Casa,6,15,Media,9,True,466.87,Ineficiente,350.15
2026-11-21,Colombia,Bogotá,13.8,Local,5,18,Media,7,True,796.9,Ineficiente,597.67
2026-03-12,Perú,Lima,27.0,Casa,3,11,Alta,8,False,411.35,Moderado,308.51
2026-01-14,México,Tijuana,14.1,Casa,5,7,Media,10,True,479.58,Ineficiente,359.68
2026-05-15,Colombia,Bucaramanga,22.7,Departamento,6,5,Baja,6,False,107.51,Eficiente,80.63
2026-04-19,Colombia,Cali,24.0,Departamento,3,11,Media,7,False,300.7,Moderado,225.52
2026-11-24,Perú,Arequipa,17.9,Casa,7,17,Alta,15,True,557.61,Ineficiente,418.21
2026-07-03,Colombia,Bogotá,13.3,Casa,4,13,Alta,12,True,536.7,Ineficiente,402.52
2026-09-09,Colombia,Bucaramanga,21.3,Casa,2,10,Baja,6,True,228.66,Eficiente,171.5
2026-12-23,Colombia,Bogotá,13.5,Casa,6,10,Media,5,False,363.69,Moderado,272.77
2026-03-30,México,Ciudad de México,16.5,Casa,3,11,Media,6,True,311.99,Moderado,233.99
2026-11-28,México,Guadalajara,21.5,Local,8,32,Baja,6,True,850.75,Ineficiente,638.06
2026-12-08,Perú,Cusco,13.3,Local,10,25,Media,10,True,896.22,Ineficiente,672.16
2026-01-10,Colombia,Cali,24.1,Departamento,3,9,Media,7,True,239.65,Eficiente,179.74
2026-06-15,Perú,Arequipa,13.5,Local,3,34,Media,6,True,877.42,Ineficiente,658.06
2026-03-09,Colombia,Barranquilla,28.2,Casa,4,14,Baja,4,False,157.96,Eficiente,118.47
2026-06-11,Colombia,Cali,23.3,Departamento,3,4,Media,9,True,198.2,Eficiente,148.65
2026-06-25,Colombia,Bucaramanga,21.0,Casa,5,13,Media,10,False,326.26,Moderado,244.7
2026-01-07,Perú,Cusco,13.9,Local,2,15,Baja,4,True,299.36,Moderado,224.52
2026-04-06,Colombia,Cali,24.6,Departamento,5,6,Media,10,False,124.81,Eficiente,93.61
2026-11-11,Colombia,Barranquilla,29.5,Departamento,1,12,Baja,2,False,159.13,Eficiente,119.35
2026-05-13,México,Mérida,29.5,Departamento,2,10,Media,4,False,236.17,Eficiente,177.13
2026-01-08,Perú,Lima,26.9,Local,3,16,Media,9,True,685.13,Ineficiente,513.85
2026-10-05,Perú,Cusco,12.7,Casa,5,13,Media,8,True,347.61,Moderado,260.71
2026-08-21,México,Monterrey,30.4,Departamento,3,6,Baja,2,True,155.61,Eficiente,116.71
2026-04-24,Colombia,Cali,24.7,Departamento,3,6,Alta,8,True,301.35,Moderado,226.01
2026-11-11,Colombia,Cali,24.9,Departamento,2,9,Media,9,False,194.33,Eficiente,145.75
2026-06-11,Colombia,Cali,22.7,Departamento,3,9,Baja,5,False,239.75,Eficiente,179.81
2026-01-16,Colombia,Medellín,22.7,Casa,8,12,Media,6,True,365.78,Moderado,274.33
2026-10-31,Colombia,Bogotá,14.4,Casa,7,12,Media,10,True,454.3,Ineficiente,340.72
2026-01-24,Perú,Arequipa,16.5,Departamento,3,10,Media,9,True,203.14,Eficiente,152.35
2026-08-10,Colombia,Barranquilla,29.6,Casa,5,10,Media,9,False,446.7,Moderado,335.02
2026-03-05,Perú,Piura,28.4,Casa,5,8,Media,6,False,352.86,Moderado,264.64
2026-03-31,México,Tijuana,16.6,Casa,4,14,Baja,3,True,305.11,Moderado,228.83
2026-11-09,Perú,Piura,26.1,Local,5,14,Alta,15,True,705.76,Ineficiente,529.32
2026-01-29,Colombia,Bucaramanga,23.4,Casa,7,21,Media,5,True,368.93,Moderado,276.7
2026-10-27,México,Monterrey,24.0,Departamento,3,5,Baja,4,True,137.51,Eficiente,103.13
2026-07-18,México,Ciudad de México,18.2,Casa,6,14,Baja,4,True,183.1,Eficiente,137.32
2026-10-31,Colombia,Medellín,21.4,Local,8,22,Baja,1,True,341.53,Moderado,256.15
2026-08-29,Colombia,Bogotá,12.4,Casa,8,10,Baja,4,True,274.24,Moderado,205.68
2026-02-25,México,Monterrey,17.1,Casa,3,15,Baja,3,True,203.41,Eficiente,152.56
2026-06-13,Colombia,Medellín,20.8,Local,8,21,Media,7,False,746.54,Ineficiente,559.9
2026-07-18,México,Guadalajara,23.7,Casa,3,20,Media,8,True,276.21,Moderado,207.16
2026-02-21,México,Ciudad de México,13.5,Casa,3,7,Baja,4,False,184.99,Eficiente,138.74
2026-04-16,México,Monterrey,26.0,Local,8,13,Baja,3,True,402.41,Moderado,301.81
2026-07-06,Colombia,Barranquilla,28.4,Departamento,2,10,Media,6,True,200.85,Eficiente,150.64
2026-12-27,Colombia,Cali,24.1,Casa,8,9,Alta,13,True,569.37,Ineficiente,427.03
2026-01-24,Perú,Cusco,14.2,Departamento,4,8,Alta,8,True,301.93,Moderado,226.45
2026-01-18,México,Guadalajara,18.1,Casa,4,18,Media,7,False,252.57,Moderado,189.43
2026-02-04,México,Tijuana,15.1,Departamento,2,5,Media,5,True,194.73,Eficiente,146.05
2026-07-21,Colombia,Barranquilla,29.9,Casa,10,9,Baja,5,True,337.3,Moderado,252.98
2026-11-11,Perú,Arequipa,17.0,Local,5,18,Media,6,True,552.58,Ineficiente,414.44
2026-07-08,México,Tijuana,22.9,Casa,6,15,Media,7,True,319.12,Moderado,239.34
2026-09-25,Perú,Lima,18.5,Departamento,2,10,Baja,4,True,122.86,Eficiente,92.14
2026-07-23,México,Monterrey,31.3,Casa,2,8,Alta,13,True,472.87,Ineficiente,354.65
2026-08-03,Perú,Piura,22.1,Casa,5,21,Media,4,False,396.43,Moderado,297.32
2026-12-15,Perú,Lima,25.8,Departamento,2,8,Alta,15,True,170.96,Eficiente,128.22
2026-04-19,Perú,Arequipa,16.2,Casa,2,7,Media,6,True,228.05,Eficiente,171.04
2026-12-10,México,Monterrey,15.8,Casa,5,6,Media,4,True,348.6,Moderado,261.45
2026-11-17,México,Mérida,27.5,Departamento,8,9,Alta,11,False,255.41,Moderado,191.56
2026-11-18,Perú,Lima,23.7,Casa,4,18,Media,8,True,414.43,Moderado,310.82
2026-06-03,México,Mérida,30.9,Local,3,18,Media,4,True,493.25,Ineficiente,369.94
2026-08-12,Colombia,Bucaramanga,21.1,Departamento,3,8,Media,9,True,236.0,Eficiente,177.0
2026-11-25,México,Tijuana,18.4,Casa,4,16,Media,9,False,249.48,Eficiente,187.11
2026-10-28,México,Guadalajara,22.4,Casa,1,19,Baja,5,True,241.48,Eficiente,181.11
2026-09-07,Perú,Arequipa,15.5,Casa,5,8,Media,5,True,243.13,Eficiente,182.35
2026-05-29,México,Monterrey,29.8,Casa,2,11,Baja,5,True,293.98,Moderado,220.48
2026-10-31,Perú,Arequipa,16.8,Departamento,8,12,Media,8,True,333.91,Moderado,250.43
2026-10-18,Colombia,Medellín,22.1,Casa,6,12,Baja,5,True,278.55,Moderado,208.91
2026-04-25,Colombia,Cali,24.4,Casa,1,18,Baja,1,True,265.45,Moderado,199.09
2026-04-28,México,Ciudad de México,17.2,Casa,7,20,Alta,14,True,548.89,Ineficiente,411.67
2026-06-06,Perú,Cusco,11.3,Casa,4,9,Baja,6,True,224.1,Eficiente,168.08
2026-11-15,Colombia,Barranquilla,29.4,Departamento,1,11,Baja,4,True,264.73,Moderado,198.55
2026-10-08,Colombia,Bogotá,14.4,Departamento,2,7,Baja,3,True,127.55,Eficiente,95.66
2026-04-16,Colombia,Bogotá,15.0,Casa,6,12,Media,7,True,313.51,Moderado,235.13
2026-06-22,México,Monterrey,31.6,Departamento,1,9,Alta,11,False,450.18,Ineficiente,337.64
2026-07-27,Colombia,Cali,22.8,Departamento,4,13,Alta,11,False,208.43,Eficiente,156.32
2026-09-07,México,Mérida,29.9,Casa,3,13,Alta,10,True,416.16,Moderado,312.12
2026-11-06,Colombia,Medellín,22.0,Departamento,5,8,Media,7,True,264.89,Moderado,198.67
2026-07-23,México,Tijuana,22.7,Departamento,4,6,Media,10,False,121.35,Eficiente,91.01
2026-02-23,Colombia,Bucaramanga,22.7,Departamento,3,5,Alta,12,False,236.89,Eficiente,177.67
2026-05-18,México,Monterrey,28.1,Casa,10,14,Media,9,False,470.47,Ineficiente,352.85
2026-12-01,Perú,Cusco,14.7,Casa,6,9,Baja,1,True,152.27,Eficiente,114.2
2026-10-10,México,Ciudad de México,16.5,Casa,5,15,Alta,10,False,345.22,Moderado,258.92
2026-07-26,México,Monterrey,31.9,Local,8,12,Alta,12,True,1254.28,Ineficiente,940.71
2026-09-04,Colombia,Cali,22.2,Casa,1,11,Media,7,True,336.07,Moderado,252.05
2026-12-16,Colombia,Bucaramanga,23.3,Departamento,4,10,Media,5,False,186.63,Eficiente,139.97
2026-10-04,Perú,Cusco,13.1,Casa,6,19,Media,4,True,229.91,Eficiente,172.43
2026-04-01,Colombia,Cali,24.1,Departamento,3,5,Media,8,False,193.97,Eficiente,145.48
2026-07-28,México,Monterrey,31.2,Departamento,2,4,Media,10,True,188.07,Eficiente,141.05
2026-01-26,Colombia,Bucaramanga,22.1,Casa,5,15,Alta,15,True,423.7,Moderado,317.77
2026-06-16,Perú,Piura,24.9,Departamento,2,9,Alta,9,False,419.64,Moderado,314.73
2026-02-26,Colombia,Medellín,22.2,Departamento,4,13,Alta,14,True,402.93,Moderado,302.2
2026-03-20,México,Monterrey,22.9,Departamento,3,7,Alta,10,False,173.18,Eficiente,129.88
2026-05-22,Colombia,Bogotá,14.7,Departamento,2,11,Alta,14,True,410.92,Moderado,308.19
2026-04-10,México,Tijuana,17.5,Departamento,2,8,Media,10,True,307.15,Moderado,230.36
2026-01-29,Colombia,Cali,24.6,Casa,4,18,Media,5,True,289.68,Moderado,217.26
2026-10-31,Colombia,Bucaramanga,23.9,Casa,4,14,Media,10,True,372.44,Moderado,279.33
2026-07-03,México,Mérida,31.4,Departamento,3,12,Baja,5,True,195.98,Eficiente,146.98
2026-08-23,México,Tijuana,24.8,Departamento,5,6,Media,10,False,183.64,Eficiente,137.73
2026-08-15,Colombia,Cali,23.2,Departamento,2,6,Media,8,True,173.36,Eficiente,130.02
2026-09-03,México,Mérida,29.1,Local,8,15,Media,7,True,825.27,Ineficiente,618.95
2026-10-11,México,Guadalajara,23.2,Casa,5,14,Baja,1,False,364.58,Moderado,273.44
2026-11-02,México,Mérida,26.1,Departamento,4,7,Media,8,True,171.22,Eficiente,128.42
2026-10-05,México,Guadalajara,22.3,Casa,4,10,Media,4,False,265.7,Moderado,199.27
2026-08-02,México,Ciudad de México,19.0,Departamento,3,10,Media,10,True,237.56,Eficiente,178.17
2026-10-16,México,Guadalajara,22.6,Casa,6,14,Alta,12,False,465.47,Ineficiente,349.1
2026-04-11,México,Mérida,28.5,Casa,5,11,Media,6,True,323.33,Moderado,242.5
2026-06-11,México,Ciudad de México,19.4,Casa,4,19,Media,6,True,457.88,Ineficiente,343.41
2026-09-18,Colombia,Barranquilla,29.2,Casa,7,13,Baja,5,True,346.47,Moderado,259.85
2026-09-15,Colombia,Bogotá,12.4,Casa,3,9,Media,4,True,192.99,Eficiente,144.74
2026-07-17,Perú,Cusco,10.4,Departamento,2,8,Alta,8,True,290.13,Moderado,217.6
2026-04-08,México,Tijuana,17.3,Casa,5,12,Media,10,True,528.31,Ineficiente,396.23
2026-01-11,México,Tijuana,14.2,Departamento,1,11,Media,5,True,299.91,Moderado,224.93
2026-05-01,México,Tijuana,18.9,Casa,4,17,Alta,12,True,626.5,Ineficiente,469.88
2026-07-22,Perú,Arequipa,13.5,Departamento,3,12,Alta,8,True,153.74,Eficiente,115.3
2026-12-15,Colombia,Cali,24.7,Casa,5,15,Baja,4,True,279.52,Moderado,209.64
2026-07-12,México,Tijuana,23.3,Casa,6,18,Media,6,False,474.64,Ineficiente,355.98
2026-04-03,México,Tijuana,16.1,Departamento,2,6,Alta,10,True,140.49,Eficiente,105.37
2026-02-22,Perú,Piura,29.5,Departamento,4,12,Baja,4,True,195.85,Eficiente,146.89
2026-03-26,México,Mérida,27.5,Departamento,1,9,Alta,8,False,290.04,Moderado,217.53
2026-10-05,México,Tijuana,21.0,Casa,3,15,Media,4,True,305.62,Moderado,229.22
2026-02-27,México,Guadalajara,19.5,Casa,3,10,Alta,13,False,296.96,Moderado,222.72
2026-05-29,México,Monterrey,28.1,Casa,2,11,Alta,11,True,385.85,Moderado,289.39
2026-04-20,Colombia,Barranquilla,28.3,Local,10,11,Media,6,True,756.95,Ineficiente,567.71
2026-10-23,Colombia,Bucaramanga,22.1,Local,1,15,Media,7,True,510.78,Ineficiente,383.08
2026-06-19,México,Guadalajara,25.0,Departamento,1,9,Alta,11,True,239.23,Eficiente,179.42
2026-05-25,Colombia,Bogotá,13.5,Casa,2,11,Alta,8,False,300.65,Moderado,225.49
2026-08-04,Perú,Lima,18.1,Casa,6,19,Alta,8,True,577.96,Ineficiente,433.47
2026-07-28,Colombia,Bucaramanga,22.1,Departamento,3,5,Alta,10,True,331.37,Moderado,248.53
2026-01-21,Colombia,Bogotá,14.0,Departamento,3,4,Baja,2,False,91.98,Eficiente,68.98
2026-01-19,Perú,Arequipa,16.4,Casa,8,6,Alta,15,False,636.7,Ineficiente,477.52
2026-08-21,Colombia,Bucaramanga,21.1,Departamento,2,9,Baja,4,True,164.11,Eficiente,123.08
2026-09-17,Perú,Lima,19.8,Casa,5,12,Baja,6,True,268.09,Moderado,201.07
2026-06-20,México,Tijuana,20.9,Casa,3,13,Media,5,True,240.36,Eficiente,180.27
2026-04-01,México,Tijuana,17.3,Departamento,2,7,Baja,1,True,143.02,Eficiente,107.27
2026-07-21,Perú,Arequipa,13.6,Casa,4,9,Alta,13,True,337.14,Moderado,252.86
2026-01-22,México,Tijuana,13.2,Casa,4,8,Media,9,True,423.94,Moderado,317.96
2026-07-05,México,Tijuana,22.4,Casa,6,9,Media,7,True,394.04,Moderado,295.53
2026-11-02,México,Ciudad de México,15.7,Casa,4,22,Baja,3,True,234.5,Eficiente,175.88
2026-07-29,Perú,Arequipa,13.3,Departamento,6,8,Baja,5,True,247.66,Eficiente,185.74
2026-01-31,México,Mérida,24.2,Casa,4,9,Alta,12,True,397.17,Moderado,297.88
2026-03-24,Colombia,Bucaramanga,22.4,Casa,8,9,Media,10,False,397.22,Moderado,297.92
2026-04-01,México,Mérida,28.4,Casa,5,17,Baja,2,True,319.62,Moderado,239.72
2026-02-14,México,Mérida,25.2,Departamento,1,9,Alta,14,True,300.98,Moderado,225.74
2026-02-03,México,Guadalajara,19.3,Casa,2,19,Media,10,False,473.31,Ineficiente,354.98
2026-07-12,Perú,Puno,7.0,Casa,4,16,Media,5,True,300.02,Moderado,225.02
2026-04-20,Colombia,Medellín,22.2,Casa,7,12,Baja,4,True,335.29,Moderado,251.47
2026-09-23,Perú,Lima,18.7,Departamento,2,11,Alta,10,True,215.22,Eficiente,161.42
2026-12-07,México,Mérida,24.5,Departamento,3,9,Media,9,False,300.87,Moderado,225.65
2026-04-01,México,Tijuana,16.2,Casa,4,13,Alta,10,False,586.69,Ineficiente,440.02
2026-01-23,México,Guadalajara,19.3,Local,3,15,Alta,15,False,935.98,Ineficiente,701.98
2026-07-26,Colombia,Bucaramanga,21.8,Casa,2,22,Media,7,False,398.4,Moderado,298.8
2026-06-21,Perú,Cusco,11.7,Local,10,14,Media,4,True,828.95,Ineficiente,621.71
2026-06-22,México,Monterrey,31.3,Departamento,2,12,Baja,5,False,220.92,Eficiente,165.69
2026-11-08,Perú,Lima,23.2,Casa,3,6,Baja,2,False,192.44,Eficiente,144.33
2026-06-01,México,Guadalajara,25.7,Departamento,3,12,Alta,11,True,252.79,Moderado,189.59
2026-04-04,México,Guadalajara,24.9,Casa,6,7,Media,6,False,346.07,Moderado,259.55
2026-12-27,Colombia,Bogotá,13.7,Casa,10,18,Media,6,True,575.78,Ineficiente,431.84
2026-09-28,México,Mérida,30.1,Local,10,25,Baja,5,False,753.31,Ineficiente,564.98
2026-07-03,México,Mérida,31.4,Departamento,2,6,Baja,4,True,107.71,Eficiente,80.78
2026-04-21,Colombia,Bucaramanga,22.9,Casa,7,15,Baja,3,False,198.31,Eficiente,148.73
2026-04-17,México,Ciudad de México,18.9,Casa,5,19,Alta,10,True,598.7,Ineficiente,449.02
2026-06-15,Perú,Puno,8.1,Departamento,3,6,Baja,3,True,179.69,Eficiente,134.77
2026-04-29,México,Tijuana,17.8,Departamento,3,10,Media,7,False,185.04,Eficiente,138.78
2026-12-04,México,Guadalajara,19.8,Departamento,1,12,Alta,10,False,350.98,Moderado,263.24
2026-05-12,México,Ciudad de México,19.7,Departamento,3,11,Baja,6,False,108.17,Eficiente,81.13
2026-08-01,México,Guadalajara,24.1,Casa,1,9,Baja,3,True,220.3,Eficiente,165.23
2026-08-02,Colombia,Cali,23.3,Local,10,11,Media,10,False,760.41,Ineficiente,570.31
2026-05-13,Perú,Piura,25.9,Casa,6,13,Baja,1,True,309.19,Moderado,231.89
2026-10-21,México,Tijuana,21.2,Casa,6,6,Alta,13,True,357.63,Moderado,268.22
2026-08-04,México,Ciudad de México,17.9,Casa,3,16,Media,5,True,407.15,Moderado,305.36
2026-02-03,Perú,Puno,11.9,Departamento,2,8,Baja,6,True,173.24,Eficiente,129.93
2026-11-04,México,Tijuana,17.3,Casa,2,10,Media,4,True,330.28,Moderado,247.71
2026-04-03,México,Mérida,29.2,Casa,5,13,Media,5,True,446.87,Moderado,335.15
2026-10-22,Perú,Piura,25.5,Departamento,1,7,Alta,12,True,164.08,Eficiente,123.06
2026-02-02,México,Monterrey,18.7,Casa,5,12,Alta,14,True,489.26,Ineficiente,366.94
2026-11-22,México,Tijuana,18.5,Local,3,26,Alta,9,False,1348.16,Ineficiente,1011.12
2026-03-15,México,Ciudad de México,16.2,Local,15,15,Baja,1,False,776.62,Ineficiente,582.46
2026-03-27,Colombia,Barranquilla,28.8,Departamento,5,11,Media,8,False,188.49,Eficiente,141.37
2026-12-20,Perú,Puno,13.0,Local,5,19,Baja,6,True,713.47,Ineficiente,535.1
2026-04-06,México,Ciudad de México,17.1,Departamento,3,4,Baja,4,True,106.05,Eficiente,79.54
2026-04-13,México,Ciudad de México,17.0,Casa,2,11,Media,7,False,258.17,Moderado,193.63
2026-01-27,Colombia,Cali,23.8,Departamento,6,8,Alta,13,True,305.93,Moderado,229.45
2026-05-29,México,Ciudad de México,19.6,Local,8,17,Alta,8,True,1224.83,Ineficiente,918.62
2026-07-07,México,Tijuana,23.0,Casa,4,16,Media,6,False,282.39,Moderado,211.79
2026-04-19,México,Tijuana,16.3,Departamento,2,7,Media,4,True,212.28,Eficiente,159.21
2026-09-22,México,Ciudad de México,18.9,Casa,1,10,Media,10,True,203.69,Eficiente,152.77
2026-08-10,México,Tijuana,23.5,Casa,2,8,Media,5,True,172.03,Eficiente,129.02
2026-02-19,México,Ciudad de México,13.4,Departamento,4,12,Media,4,False,309.33,Moderado,232.0
2026-06-12,México,Mérida,31.3,Departamento,2,7,Media,4,False,150.16,Eficiente,112.62
2026-04-09,México,Tijuana,17.3,Local,8,17,Alta,9,True,1192.69,Ineficiente,894.52
2026-11-15,Perú,Cusco,14.9,Casa,2,14,Baja,3,True,253.15,Moderado,189.86
2026-03-12,Colombia,Bogotá,13.3,Casa,3,8,Baja,2,True,194.19,Eficiente,145.64
2026-02-19,México,Tijuana,14.9,Casa,6,13,Baja,4,True,268.71,Moderado,201.53
2026-11-06,Colombia,Barranquilla,28.1,Casa,4,12,Media,8,True,500.62,Ineficiente,375.46
2026-03-03,Perú,Cusco,13.3,Departamento,4,6,Media,4,True,183.79,Eficiente,137.84
2026-11-15,Perú,Lima,23.8,Casa,2,11,Baja,6,False,255.95,Moderado,191.96
2026-12-27,Colombia,Barranquilla,27.3,Local,5,13,Alta,10,False,611.93,Ineficiente,458.95
2026-11-14,México,Ciudad de México,14.3,Casa,6,22,Media,8,False,506.09,Ineficiente,379.57
2026-02-28,Perú,Piura,29.8,Departamento,4,9,Alta,14,True,274.44,Moderado,205.83
2026-08-06,Colombia,Bogotá,12.8,Casa,2,9,Media,7,False,160.19,Eficiente,120.14
2026-10-27,Colombia,Medellín,21.9,Casa,5,11,Baja,1,True,147.67,Eficiente,110.75
2026-07-25,México,Monterrey,31.6,Local,8,17,Alta,13,True,1471.2,Ineficiente,1103.4
2026-09-01,Perú,Cusco,11.1,Casa,3,11,Media,8,True,254.78,Moderado,191.08
2026-10-26,Colombia,Medellín,21.2,Casa,3,18,Alta,8,False,400.5,Moderado,300.38
2026-06-05,Colombia,Barranquilla,28.1,Local,8,15,Media,5,True,1094.66,Ineficiente,821.0
2026-11-29,Perú,Cusco,13.8,Departamento,2,7,Alta,9,True,228.04,Eficiente,171.03
2026-02-12,Colombia,Medellín,21.9,Local,10,16,Alta,10,True,994.02,Ineficiente,745.52
2026-06-20,Perú,Lima,20.8,Casa,5,16,Alta,15,False,608.19,Ineficiente,456.14
2026-11-28,Colombia,Bogotá,13.4,Departamento,3,6,Media,8,False,293.76,Moderado,220.32
2026-09-08,Colombia,Bogotá,13.9,Local,10,14,Alta,13,True,957.51,Ineficiente,718.13
2026-07-12,México,Mérida,30.2,Departamento,4,4,Alta,13,False,467.04,Ineficiente,350.28
2026-02-28,Colombia,Bucaramanga,23.0,Casa,6,15,Media,7,True,333.01,Moderado,249.76
2026-03-16,México,Ciudad de México,17.0,Departamento,2,7,Alta,15,False,326.5,Moderado,244.88
2026-02-14,México,Ciudad de México,14.1,Casa,6,10,Media,4,False,276.14,Moderado,207.1
2026-06-19,Perú,Lima,19.8,Casa,6,9,Alta,10,True,413.03,Moderado,309.77
2026-09-09,Colombia,Bogotá,13.7,Departamento,6,11,Alta,10,False,406.63,Moderado,304.97
2026-07-25,Colombia,Barranquilla,28.8,Casa,5,8,Alta,11,False,540.62,Ineficiente,405.46
2026-06-28,México,Mérida,30.0,Casa,2,13,Baja,6,True,219.69,Eficiente,164.77
2026-01-01,Perú,Piura,27.6,Departamento,2,8,Baja,1,True,152.89,Eficiente,114.67
2026-10-29,Perú,Cusco,12.1,Casa,3,20,Baja,2,True,198.47,Eficiente,148.85
2026-11-02,Perú,Lima,23.6,Casa,5,11,Alta,10,True,460.54,Ineficiente,345.4
2026-12-20,Perú,Cusco,13.9,Casa,1,14,Media,7,True,245.25,Eficiente,183.94
2026-02-15,Colombia,Bogotá,14.5,Departamento,2,8,Alta,11,True,262.39,Moderado,196.79
2026-10-12,México,Monterrey,24.4,Local,15,27,Alta,14,True,1576.46,Ineficiente,1182.34
2026-08-04,Colombia,Medellín,21.6,Casa,6,20,Media,9,True,466.92,Ineficiente,350.19
2026-08-03,Colombia,Barranquilla,29.3,Casa,5,12,Media,8,True,423.7,Moderado,317.77
2026-08-16,México,Ciudad de México,17.1,Departamento,4,4,Media,9,True,205.87,Eficiente,154.4
2026-11-27,Perú,Piura,26.2,Casa,5,21,Alta,8,True,555.1,Ineficiente,416.33
2026-07-14,Perú,Lima,17.4,Casa,5,12,Media,8,True,385.99,Moderado,289.49
2026-09-25,México,Mérida,29.7,Departamento,1,8,Media,10,False,178.53,Eficiente,133.9
2026-02-07,Colombia,Medellín,21.7,Local,20,18,Baja,2,True,608.18,Ineficiente,456.14
2026-04-05,Colombia,Medellín,21.5,Casa,2,12,Media,8,False,170.16,Eficiente,127.62
2026-07-04,México,Ciudad de México,18.5,Casa,2,16,Baja,4,True,301.12,Moderado,225.84
2026-03-21,Perú,Lima,26.2,Casa,5,18,Media,7,True,490.53,Ineficiente,367.9
2026-06-26,Colombia,Bucaramanga,21.9,Casa,2,15,Alta,13,False,416.26,Moderado,312.2
2026-05-31,Perú,Lima,21.7,Departamento,2,7,Alta,12,False,223.48,Eficiente,167.61
2026-02-20,México,Mérida,24.6,Departamento,2,9,Alta,15,True,304.86,Moderado,228.64
2026-08-15,México,Mérida,31.8,Casa,6,19,Alta,15,True,712.54,Ineficiente,534.4
2026-07-19,Perú,Lima,18.8,Casa,6,20,Media,5,True,348.48,Moderado,261.36
2026-04-13,Colombia,Medellín,21.1,Casa,4,13,Alta,10,True,623.22,Ineficiente,467.42
2026-12-11,Colombia,Cali,24.4,Casa,4,8,Media,6,False,256.67,Moderado,192.5
2026-08-08,México,Guadalajara,23.7,Departamento,2,9,Alta,15,True,319.85,Moderado,239.89
2026-01-12,México,Tijuana,14.4,Casa,2,16,Media,6,True,288.43,Moderado,216.32
2026-04-16,México,Mérida,29.6,Casa,4,11,Alta,12,True,347.57,Moderado,260.68
2026-10-21,Perú,Arequipa,15.7,Casa,8,20,Alta,10,True,750.36,Ineficiente,562.77
2026-07-22,Colombia,Cali,23.3,Departamento,2,7,Alta,14,True,270.49,Moderado,202.87
2026-03-04,México,Ciudad de México,15.6,Casa,8,17,Alta,8,True,550.62,Ineficiente,412.96
2026-01-21,México,Tijuana,14.9,Local,8,17,Media,7,True,780.51,Ineficiente,585.38
2026-12-12,México,Mérida,25.4,Casa,2,11,Baja,2,True,286.96,Moderado,215.22
2026-07-28,México,Monterrey,31.8,Departamento,4,6,Media,9,True,168.41,Eficiente,126.31
2026-03-27,México,Ciudad de México,15.6,Casa,1,6,Baja,2,False,166.34,Eficiente,124.76
2026-07-14,México,Monterrey,31.1,Departamento,2,7,Media,10,False,207.36,Eficiente,155.52
2026-08-14,México,Tijuana,24.0,Departamento,2,8,Alta,11,False,258.85,Moderado,194.14
2026-02-26,Perú,Lima,27.9,Casa,3,21,Alta,8,True,679.32,Ineficiente,509.49
2026-12-26,Colombia,Bucaramanga,23.1,Local,10,16,Baja,6,True,439.86,Moderado,329.9
2026-05-23,México,Guadalajara,26.4,Casa,1,6,Media,5,True,174.81,Eficiente,131.11
2026-04-07,México,Tijuana,17.2,Casa,2,6,Baja,3,True,191.72,Eficiente,143.79
2026-11-27,México,Tijuana,18.1,Casa,4,9,Alta,8,True,238.99,Eficiente,179.24
2026-02-24,Colombia,Barranquilla,28.3,Casa,7,12,Baja,3,False,204.2,Eficiente,153.15
2026-07-20,México,Ciudad de México,18.1,Casa,3,8,Media,8,True,327.72,Moderado,245.79
2026-09-28,Perú,Piura,23.7,Casa,1,9,Media,7,True,284.48,Moderado,213.36
2026-02-01,Colombia,Barranquilla,28.5,Casa,6,12,Alta,14,True,421.44,Moderado,316.08
2026-11-24,México,Monterrey,20.2,Casa,2,11,Media,7,True,270.95,Moderado,203.21
2026-06-15,Perú,Arequipa,13.9,Departamento,2,7,Baja,1,True,177.3,Eficiente,132.98
2026-07-09,Perú,Arequipa,13.0,Casa,3,10,Media,9,True,300.59,Moderado,225.44
2026-03-31,Colombia,Barranquilla,29.5,Departamento,4,6,Baja,2,True,199.64,Eficiente,149.73
2026-11-06,México,Mérida,27.8,Casa,1,6,Alta,14,True,360.29,Moderado,270.22
2026-11-11,México,Guadalajara,20.6,Departamento,4,9,Media,7,False,200.14,Eficiente,150.1
2026-11-23,Colombia,Bogotá,14.4,Casa,3,8,Baja,6,True,244.47,Eficiente,183.35
2026-11-09,Colombia,Bogotá,13.7,Departamento,3,7,Media,7,True,231.76,Eficiente,173.82
2026-07-07,México,Tijuana,22.9,Casa,5,20,Media,9,True,372.54,Moderado,279.41
2026-09-29,México,Monterrey,29.1,Departamento,3,12,Media,8,True,219.03,Eficiente,164.27
2026-11-21,Perú,Arequipa,16.5,Casa,6,11,Media,4,True,303.19,Moderado,227.39
2026-11-18,Perú,Cusco,14.8,Casa,6,10,Alta,9,True,428.0,Moderado,321.0
2026-12-03,Perú,Arequipa,16.3,Departamento,5,6,Media,7,True,121.6,Eficiente,91.2
2026-10-12,Perú,Puno,10.4,Departamento,3,7,Alta,13,True,250.55,Moderado,187.91
2026-03-08,Perú,Puno,11.0,Casa,8,17,Baja,2,True,269.26,Moderado,201.94
2026-05-16,México,Ciudad de México,19.2,Casa,5,12,Alta,11,True,480.21,Ineficiente,360.16
2026-10-21,Perú,Piura,25.9,Departamento,2,7,Baja,4,True,171.35,Eficiente,128.51
2026-12-04,Perú,Arequipa,17.4,Local,5,16,Media,8,True,575.61,Ineficiente,431.71
2026-06-15,México,Tijuana,22.0,Casa,5,13,Media,9,False,422.47,Moderado,316.85
2026-02-16,Perú,Puno,12.4,Casa,6,5,Media,6,True,218.74,Eficiente,164.06
2026-04-30,Colombia,Medellín,21.1,Casa,5,18,Media,6,False,505.9,Ineficiente,379.42
2026-09-22,Perú,Lima,18.4,Departamento,3,3,Media,5,True,153.18,Eficiente,114.88
2026-03-19,Colombia,Bucaramanga,22.0,Casa,5,15,Alta,14,True,643.29,Ineficiente,482.47
2026-02-15,Colombia,Bucaramanga,23.7,Casa,3,13,Media,5,False,211.66,Eficiente,158.74
2026-02-18,México,Monterrey,17.6,Departamento,1,8,Baja,4,True,166.44,Eficiente,124.83
2026-03-07,México,Mérida,27.4,Casa,5,13,Baja,4,True,268.12,Moderado,201.09
2026-10-24,México,Mérida,28.8,Departamento,3,9,Alta,13,True,317.29,Moderado,237.97
2026-09-08,México,Monterrey,28.9,Casa,4,23,Media,10,True,449.56,Moderado,337.17
2026-09-26,México,Guadalajara,23.7,Casa,3,12,Alta,10,False,359.58,Moderado,269.68
2026-06-26,Colombia,Bucaramanga,22.0,Departamento,2,9,Baja,4,False,226.71,Eficiente,170.03
2026-09-02,Colombia,Medellín,21.1,Local,5,10,Media,10,True,655.17,Ineficiente,491.38
2026-04-10,Colombia,Bogotá,13.0,Departamento,1,6,Media,9,True,224.8,Eficiente,168.6
2026-04-21,Perú,Arequipa,16.5,Casa,7,9,Media,9,True,389.4,Moderado,292.05
2026-12-24,México,Mérida,24.1,Departamento,1,7,Alta,9,False,199.11,Eficiente,149.33
2026-07-17,México,Monterrey,31.2,Departamento,2,12,Media,8,True,232.76,Eficiente,174.57
2026-12-03,Colombia,Cali,24.7,Casa,1,13,Alta,9,True,300.75,Moderado,225.56
2026-08-04,México,Tijuana,24.9,Casa,10,9,Alta,12,False,482.91,Ineficiente,362.18
2026-05-18,México,Mérida,29.8,Local,2,18,Media,6,True,702.12,Ineficiente,526.59
2026-09-03,México,Guadalajara,24.9,Casa,5,14,Media,10,False,357.26,Moderado,267.94
2026-09-28,Perú,Lima,19.0,Departamento,1,12,Media,9,True,182.22,Eficiente,136.66
2026-12-25,México,Tijuana,14.3,Local,8,13,Alta,11,True,735.58,Ineficiente,551.69
2026-10-02,Perú,Piura,24.9,Departamento,2,6,Media,5,True,174.23,Eficiente,130.67
2026-03-19,Colombia,Barranquilla,29.5,Local,10,25,Media,10,False,1141.11,Ineficiente,855.83
2026-02-19,Colombia,Barranquilla,27.4,Casa,5,15,Baja,5,True,274.38,Moderado,205.78
2026-07-10,Colombia,Medellín,20.6,Casa,3,22,Media,5,True,319.68,Moderado,239.76
2026-06-23,Perú,Arequipa,13.1,Departamento,3,13,Media,8,False,333.07,Moderado,249.8
2026-11-28,Perú,Lima,23.1,Departamento,2,9,Media,4,True,148.17,Eficiente,111.13
2026-12-27,Colombia,Bogotá,14.5,Local,3,19,Media,5,True,902.02,Ineficiente,676.52
2026-08-16,México,Mérida,30.9,Local,8,22,Media,10,True,1402.02,Ineficiente,1051.51
2026-12-20,Perú,Piura,28.8,Local,2,19,Baja,4,True,720.92,Ineficiente,540.69
2026-02-17,Colombia,Medellín,22.1,Departamento,2,6,Alta,14,True,322.61,Moderado,241.96
2026-06-10,Perú,Cusco,11.1,Casa,4,11,Media,5,True,435.76,Moderado,326.82
2026-03-10,México,Ciudad de México,16.1,Casa,2,15,Media,9,True,320.17,Moderado,240.13
2026-10-29,México,Mérida,28.1,Casa,5,10,Alta,14,True,671.98,Ineficiente,503.98
2026-06-08,México,Ciudad de México,19.5,Local,8,26,Alta,8,True,1114.59,Ineficiente,835.94
2026-11-27,México,Tijuana,17.9,Departamento,5,7,Baja,5,True,160.37,Eficiente,120.28
2026-02-05,México,Ciudad de México,13.9,Departamento,1,7,Baja,3,True,147.37,Eficiente,110.53
2026-03-13,Perú,Puno,11.6,Casa,1,12,Media,5,False,328.94,Moderado,246.7
2026-12-13,Colombia,Barranquilla,28.1,Casa,6,13,Baja,1,True,265.78,Moderado,199.33
2026-04-02,Perú,Arequipa,16.3,Casa,6,10,Media,7,True,321.12,Moderado,240.84
2026-07-25,Colombia,Cali,23.4,Casa,5,14,Media,9,False,323.26,Moderado,242.44
2026-07-24,Colombia,Cali,22.2,Departamento,5,9,Alta,13,False,276.93,Moderado,207.7
2026-12-23,México,Ciudad de México,13.4,Casa,7,13,Media,4,True,333.87,Moderado,250.4
2026-05-08,Colombia,Cali,23.7,Casa,2,13,Baja,5,True,204.68,Eficiente,153.51
2026-05-03,Colombia,Medellín,22.5,Local,2,20,Media,9,True,397.81,Moderado,298.36
2026-08-27,Perú,Piura,22.3,Casa,6,17,Baja,5,True,254.34,Moderado,190.76
2026-09-27,Colombia,Cali,23.2,Casa,4,6,Baja,3,True,212.85,Eficiente,159.64
2026-12-04,Colombia,Medellín,21.4,Casa,3,12,Media,6,True,266.81,Moderado,200.11
2026-04-28,Perú,Arequipa,16.7,Departamento,2,9,Alta,10,False,218.59,Eficiente,163.94
2026-12-19,Colombia,Cali,23.0,Casa,6,17,Baja,3,True,369.78,Moderado,277.33
2026-06-29,México,Mérida,30.8,Casa,8,14,Media,5,True,392.69,Moderado,294.52
2026-09-04,México,Guadalajara,24.9,Local,5,15,Media,4,True,666.7,Ineficiente,500.02
2026-11-17,Colombia,Medellín,22.9,Local,2,22,Media,10,False,838.67,Ineficiente,629.0
2026-04-07,México,Ciudad de México,18.1,Departamento,2,8,Baja,5,False,165.54,Eficiente,124.16
2026-03-06,México,Ciudad de México,16.5,Casa,6,10,Alta,11,True,482.62,Ineficiente,361.96
2026-07-12,Perú,Arequipa,13.5,Casa,3,12,Media,7,True,292.85,Moderado,219.64
2026-09-30,México,Guadalajara,23.7,Local,1,17,Baja,2,True,611.73,Ineficiente,458.8
2026-05-01,México,Ciudad de México,18.6,Casa,5,18,Media,7,True,345.35,Moderado,259.01
2026-08-05,Perú,Arequipa,14.6,Departamento,4,8,Alta,8,False,348.2,Moderado,261.15
2026-01-22,México,Ciudad de México,14.0,Casa,6,19,Alta,8,False,317.09,Moderado,237.82
2026-10-13,México,Mérida,29.3,Departamento,2,8,Media,8,True,270.45,Moderado,202.84
2026-11-14,Perú,Puno,12.8,Casa,2,9,Media,9,True,321.71,Moderado,241.28
2026-01-13,México,Mérida,23.3,Casa,7,13,Alta,11,True,357.25,Moderado,267.94
2026-04-05,México,Mérida,29.5,Casa,5,5,Media,4,False,398.75,Moderado,299.06
2026-01-18,Perú,Lima,26.4,Departamento,2,6,Alta,14,True,373.43,Moderado,280.07
2026-12-12,México,Ciudad de México,13.6,Casa,1,10,Baja,3,True,245.36,Eficiente,184.02
2026-10-04,Perú,Arequipa,16.2,Casa,7,19,Alta,15,True,728.91,Ineficiente,546.68
2026-04-10,Colombia,Barranquilla,28.7,Departamento,4,7,Baja,6,False,256.03,Moderado,192.02
2026-08-15,Perú,Puno,9.3,Casa,1,8,Alta,10,True,323.21,Moderado,242.41
2026-03-10,Colombia,Barranquilla,29.8,Local,3,15,Baja,2,True,648.82,Ineficiente,486.62
2026-07-02,México,Tijuana,23.3,Departamento,2,7,Media,6,True,293.34,Moderado,220.0
2026-08-05,Colombia,Bucaramanga,22.7,Casa,4,11,Alta,9,True,311.53,Moderado,233.65
2026-01-05,México,Ciudad de México,14.0,Departamento,3,7,Media,10,False,221.66,Eficiente,166.24
2026-08-13,México,Ciudad de México,17.1,Casa,4,17,Baja,3,True,335.58,Moderado,251.68
2026-10-03,México,Mérida,29.4,Casa,4,15,Alta,12,True,591.43,Ineficiente,443.57
2026-05-03,Colombia,Bucaramanga,23.9,Casa,3,12,Media,8,False,393.04,Moderado,294.78
2026-09-15,México,Guadalajara,23.9,Casa,7,9,Alta,9,True,351.62,Moderado,263.72
2026-11-27,México,Ciudad de México,15.6,Casa,3,11,Alta,14,True,427.34,Moderado,320.5
2026-06-08,Colombia,Medellín,20.9,Departamento,1,7,Alta,14,False,228.69,Eficiente,171.52
2026-06-26,Colombia,Cali,23.1,Casa,3,17,Alta,14,False,401.99,Moderado,301.49
2026-03-16,México,Guadalajara,21.2,Casa,5,13,Media,4,True,279.52,Moderado,209.64
2026-09-15,México,Guadalajara,23.8,Casa,7,7,Alta,12,False,526.75,Ineficiente,395.06
2026-08-24,México,Guadalajara,24.1,Departamento,3,5,Baja,4,True,160.13,Eficiente,120.1
2026-09-13,México,Monterrey,29.4,Local,15,19,Alta,10,True,1307.02,Ineficiente,980.26
2026-09-23,Perú,Arequipa,14.2,Casa,3,7,Media,5,True,263.98,Moderado,197.98
2026-04-05,Colombia,Cali,23.2,Casa,2,18,Media,10,True,415.19,Moderado,311.39
2026-02-01,Colombia,Cali,24.5,Casa,4,16,Media,5,True,336.37,Moderado,252.28
2026-02-01,Perú,Arequipa,17.0,Departamento,3,8,Baja,2,True,170.57,Eficiente,127.93
2026-10-14,Perú,Puno,11.7,Departamento,3,10,Baja,3,False,123.83,Eficiente,92.87
2026-05-19,Perú,Piura,26.6,Casa,2,17,Media,7,True,359.26,Moderado,269.44
2026-02-24,Colombia,Barranquilla,27.9,Local,5,17,Alta,15,True,1340.79,Ineficiente,1005.59
2026-05-13,México,Tijuana,19.3,Local,5,29,Alta,12,False,1207.7,Ineficiente,905.78
2026-08-23,Colombia,Medellín,20.5,Departamento,2,6,Media,6,True,199.13,Eficiente,149.35
2026-04-10,México,Guadalajara,23.9,Departamento,5,7,Alta,11,False,265.8,Moderado,199.35
2026-01-04,Colombia,Barranquilla,28.5,Casa,4,6,Baja,6,True,290.3,Moderado,217.73
2026-10-02,Perú,Piura,25.9,Casa,6,6,Media,6,True,207.2,Eficiente,155.4
2026-11-15,Perú,Piura,26.9,Departamento,1,7,Baja,5,False,104.83,Eficiente,78.62
2026-07-08,Colombia,Bucaramanga,22.1,Casa,1,7,Baja,5,True,166.98,Eficiente,125.23
2026-02-07,México,Tijuana,14.1,Casa,7,6,Alta,14,False,459.7,Ineficiente,344.78
2026-01-01,Perú,Cusco,13.0,Casa,1,11,Media,6,False,228.98,Eficiente,171.74
2026-02-28,México,Guadalajara,19.4,Local,3,24,Alta,11,True,996.94,Ineficiente,747.7
2026-07-14,Colombia,Medellín,21.8,Departamento,6,6,Alta,15,True,346.0,Moderado,259.5
2026-06-27,México,Monterrey,30.1,Casa,5,7,Baja,2,True,214.11,Eficiente,160.58
2026-09-02,México,Monterrey,28.0,Departamento,5,7,Media,8,True,282.58,Moderado,211.94
2026-06-19,México,Tijuana,21.8,Departamento,1,7,Alta,13,False,285.65,Moderado,214.24
2026-10-08,Colombia,Cali,23.5,Casa,4,8,Alta,9,False,327.95,Moderado,245.96
2026-08-09,Perú,Cusco,11.5,Casa,3,10,Media,10,True,278.86,Moderado,209.14
2026-05-26,Colombia,Barranquilla,28.5,Casa,4,22,Baja,3,True,454.64,Ineficiente,340.98
2026-06-23,México,Monterrey,30.4,Local,8,28,Media,9,True,1323.6,Ineficiente,992.7
2026-05-02,México,Ciudad de México,18.1,Departamento,4,10,Alta,10,False,320.66,Moderado,240.5
2026-01-16,Perú,Piura,27.4,Departamento,3,7,Alta,13,True,210.99,Eficiente,158.24
2026-06-29,Colombia,Cali,24.0,Casa,3,11,Media,8,False,322.91,Moderado,242.18
2026-12-13,Colombia,Barranquilla,28.7,Casa,6,9,Media,4,False,263.78,Moderado,197.83
2026-04-01,Colombia,Medellín,21.6,Casa,6,10,Alta,12,False,600.49,Ineficiente,450.37
2026-05-03,México,Monterrey,29.7,Casa,4,17,Media,9,False,374.86,Moderado,281.14
2026-04-24,México,Ciudad de México,18.3,Casa,7,9,Media,4,False,326.81,Moderado,245.11
2026-11-16,México,Monterrey,20.5,Departamento,2,13,Alta,8,True,311.13,Moderado,233.35
2026-10-29,México,Guadalajara,23.1,Local,5,23,Media,8,True,742.29,Ineficiente,556.72
2026-11-26,México,Mérida,27.3,Departamento,3,8,Media,7,True,184.89,Eficiente,138.67
2026-04-20,Perú,Cusco,13.0,Local,10,27,Media,7,True,891.45,Ineficiente,668.59
2026-04-02,México,Ciudad de México,18.7,Casa,5,16,Media,6,True,307.2,Moderado,230.4
2026-11-26,México,Ciudad de México,14.5,Casa,1,20,Alta,9,True,636.56,Ineficiente,477.42
2026-11-19,México,Mérida,26.3,Casa,7,12,Media,4,True,294.76,Moderado,221.07
2026-10-15,México,Tijuana,21.3,Departamento,2,7,Alta,14,True,180.55,Eficiente,135.41
2026-09-13,Perú,Piura,23.6,Departamento,2,5,Alta,12,False,201.19,Eficiente,150.89
2026-10-14,Perú,Arequipa,16.5,Departamento,4,8,Media,10,True,282.61,Moderado,211.96
2026-02-03,Colombia,Cali,23.7,Casa,2,15,Media,7,True,268.62,Moderado,201.46
2026-06-29,México,Guadalajara,25.7,Departamento,2,10,Media,5,False,228.04,Eficiente,171.03
2026-11-11,México,Monterrey,19.4,Casa,4,18,Media,8,True,379.67,Moderado,284.75
2026-09-17,Perú,Piura,23.4,Casa,1,10,Media,9,False,378.17,Moderado,283.63
2026-12-05,México,Monterrey,15.9,Casa,1,22,Alta,13,True,320.35,Moderado,240.26
2026-07-11,México,Guadalajara,23.3,Casa,4,16,Alta,12,True,269.81,Moderado,202.36
2026-06-11,Perú,Puno,7.4,Casa,5,11,Media,5,True,244.16,Eficiente,183.12
2026-12-07,México,Monterrey,15.9,Casa,2,10,Baja,2,True,234.54,Eficiente,175.9
2026-04-07,México,Mérida,29.3,Casa,6,18,Media,9,True,419.42,Moderado,314.56
2026-03-01,México,Guadalajara,21.6,Casa,6,11,Media,9,False,469.8,Ineficiente,352.35
2026-03-20,Perú,Piura,29.7,Departamento,3,7,Alta,8,True,280.36,Moderado,210.27
2026-11-17,México,Guadalajara,20.4,Departamento,3,7,Media,4,True,231.53,Eficiente,173.65
2026-12-08,México,Guadalajara,19.3,Casa,6,15,Media,4,False,263.38,Moderado,197.54
2026-03-20,Colombia,Medellín,22.0,Departamento,5,9,Media,4,False,165.25,Eficiente,123.94
2026-07-17,Perú,Arequipa,13.7,Departamento,3,12,Baja,1,True,181.16,Eficiente,135.87
2026-09-02,Colombia,Bucaramanga,22.4,Casa,1,22,Alta,15,True,652.44,Ineficiente,489.33
2026-08-29,México,Tijuana,24.8,Departamento,2,8,Alta,8,False,204.8,Eficiente,153.6
2026-11-10,Colombia,Cali,24.4,Departamento,6,4,Media,9,True,247.42,Eficiente,185.56
2026-10-12,México,Ciudad de México,16.6,Casa,7,13,Alta,11,True,449.54,Moderado,337.16
2026-10-24,Perú,Cusco,12.6,Casa,4,17,Media,6,True,351.19,Moderado,263.39
2026-04-13,México,Monterrey,25.6,Casa,4,17,Media,4,True,283.22,Moderado,212.42
2026-12-11,Colombia,Cali,24.2,Departamento,3,10,Alta,9,True,278.36,Moderado,208.77
2026-09-20,Colombia,Barranquilla,28.4,Local,10,14,Media,8,True,1135.33,Ineficiente,851.5
2026-10-06,Colombia,Medellín,22.3,Departamento,3,11,Alta,13,True,361.78,Moderado,271.33
2026-10-24,Perú,Lima,21.3,Casa,4,18,Baja,3,False,341.56,Moderado,256.17
2026-03-29,Colombia,Cali,23.3,Casa,6,11,Media,8,False,355.67,Moderado,266.75
2026-11-28,Perú,Lima,22.4,Departamento,1,13,Baja,3,False,184.52,Eficiente,138.39
2026-06-08,Perú,Cusco,10.3,Departamento,3,7,Media,4,True,96.88,Eficiente,72.66
2026-03-28,Colombia,Bucaramanga,23.2,Casa,5,10,Alta,12,True,290.32,Moderado,217.74
2026-08-22,Perú,Piura,22.7,Casa,4,12,Media,8,True,231.92,Eficiente,173.94
2026-02-08,Colombia,Barranquilla,27.1,Local,8,21,Alta,9,True,804.98,Ineficiente,603.74
2026-03-22,México,Tijuana,15.1,Local,20,19,Alta,11,True,1335.57,Ineficiente,1001.68
2026-04-12,México,Ciudad de México,18.9,Casa,7,9,Media,10,True,417.39,Moderado,313.04
2026-07-04,Perú,Puno,7.4,Casa,5,13,Media,6,True,375.45,Moderado,281.59
2026-03-11,México,Ciudad de México,16.8,Local,3,31,Media,8,True,976.1,Ineficiente,732.08
2026-04-01,Perú,Piura,28.6,Departamento,3,5,Alta,9,False,266.52,Moderado,199.89
2026-11-20,Perú,Cusco,14.8,Casa,4,22,Media,5,True,346.94,Moderado,260.2
2026-04-06,México,Monterrey,27.0,Departamento,1,8,Media,7,True,187.98,Eficiente,140.98
2026-10-20,Colombia,Cali,24.9,Departamento,3,13,Baja,1,True,123.13,Eficiente,92.35
2026-12-04,Perú,Puno,11.4,Departamento,2,7,Media,4,False,217.78,Eficiente,163.34
2026-11-27,Colombia,Bucaramanga,22.9,Departamento,2,4,Alta,15,True,362.26,Moderado,271.7
2026-05-11,Colombia,Bogotá,13.5,Departamento,1,7,Alta,15,False,306.68,Moderado,230.01
2026-05-19,Colombia,Bogotá,14.9,Departamento,2,7,Baja,3,True,133.94,Eficiente,100.46
2026-08-19,México,Mérida,30.5,Departamento,3,5,Baja,5,False,185.34,Eficiente,139.0
2026-05-29,México,Mérida,30.3,Casa,5,17,Media,7,True,547.87,Ineficiente,410.9
2026-05-24,Colombia,Bogotá,14.9,Departamento,4,7,Baja,6,True,260.19,Moderado,195.14
2026-04-12,Colombia,Medellín,21.9,Casa,5,9,Alta,14,False,288.2,Moderado,216.15
2026-05-09,Colombia,Medellín,21.3,Local,5,9,Media,4,True,557.74,Ineficiente,418.3
2026-02-17,Perú,Lima,28.9,Casa,2,13,Alta,13,True,632.17,Ineficiente,474.13
2026-01-18,Perú,Arequipa,17.6,Local,8,18,Media,7,True,852.51,Ineficiente,639.38
2026-03-12,México,Guadalajara,22.7,Casa,5,6,Baja,4,False,175.1,Eficiente,131.32
2026-10-16,México,Guadalajara,23.2,Casa,3,22,Media,7,True,198.06,Eficiente,148.55
2026-04-24,Colombia,Bogotá,14.2,Casa,5,18,Media,7,True,452.23,Ineficiente,339.17
2026-11-28,Colombia,Bogotá,13.1,Casa,7,12,Media,6,True,404.4,Moderado,303.3
2026-03-16,Colombia,Barranquilla,29.0,Casa,2,15,Alta,8,False,576.17,Ineficiente,432.13
2026-03-24,Colombia,Bogotá,14.6,Casa,1,18,Alta,13,True,387.92,Moderado,290.94
2026-01-10,México,Ciudad de México,13.7,Departamento,4,10,Alta,8,False,235.04,Eficiente,176.28
2026-12-31,Perú,Puno,11.8,Departamento,3,9,Media,4,True,166.53,Eficiente,124.9
2026-10-29,Colombia,Bucaramanga,23.3,Casa,5,10,Baja,6,True,368.44,Moderado,276.33
2026-09-08,México,Ciudad de México,18.9,Casa,5,6,Baja,5,True,339.31,Moderado,254.48
2026-07-01,Perú,Lima,18.0,Casa,3,10,Alta,12,True,353.16,Moderado,264.87
2026-03-12,Perú,Puno,12.8,Departamento,2,13,Media,7,False,299.26,Moderado,224.44
2026-10-20,Perú,Arequipa,16.0,Local,3,13,Alta,12,False,1021.49,Ineficiente,766.12
2026-05-16,México,Mérida,30.9,Local,5,27,Alta,11,True,1642.17,Ineficiente,1231.63
2026-12-02,Colombia,Medellín,21.2,Departamento,2,8,Alta,9,False,231.88,Eficiente,173.91
2026-06-22,México,Monterrey,30.4,Casa,2,13,Alta,12,True,640.32,Ineficiente,480.24
2026-04-10,México,Tijuana,16.8,Local,15,26,Media,6,True,1397.45,Ineficiente,1048.09
2026-09-20,México,Ciudad de México,18.5,Casa,4,9,Alta,14,True,262.08,Moderado,196.56
2026-12-16,Colombia,Bogotá,13.9,Departamento,4,5,Alta,13,False,355.51,Moderado,266.63
2026-01-18,México,Ciudad de México,13.2,Departamento,3,6,Baja,4,True,106.65,Eficiente,79.99
2026-04-19,México,Ciudad de México,17.6,Departamento,3,12,Media,4,True,248.33,Eficiente,186.25
2026-08-05,México,Ciudad de México,17.5,Departamento,2,11,Baja,1,False,176.69,Eficiente,132.52
2026-02-19,México,Mérida,25.5,Casa,4,12,Baja,2,True,220.57,Eficiente,165.43
2026-03-15,México,Guadalajara,22.0,Casa,2,7,Baja,3,False,270.94,Moderado,203.2
2026-04-08,Colombia,Barranquilla,28.3,Casa,2,22,Media,5,False,433.2,Moderado,324.9
2026-12-19,Colombia,Cali,24.1,Departamento,4,6,Alta,8,False,248.98,Eficiente,186.74
2026-02-23,México,Monterrey,17.1,Departamento,1,7,Media,10,False,257.61,Moderado,193.21
2026-03-20,Colombia,Barranquilla,29.0,Casa,4,10,Media,10,True,335.41,Moderado,251.56
2026-06-19,México,Tijuana,21.5,Casa,5,9,Media,8,True,325.19,Moderado,243.89
2026-08-20,Perú,Cusco,10.8,Departamento,2,9,Media,7,True,281.28,Moderado,210.96
2026-04-19,Colombia,Bogotá,14.7,Departamento,1,5,Baja,1,False,143.07,Eficiente,107.3
2026-11-25,México,Tijuana,18.1,Casa,4,12,Media,10,True,384.64,Moderado,288.48
2026-02-07,México,Tijuana,15.5,Departamento,1,8,Media,5,False,162.88,Eficiente,122.16
2026-08-14,Perú,Lima,18.0,Local,8,25,Alta,14,True,1904.42,Ineficiente,1428.32
2026-12-29,Perú,Arequipa,18.0,Casa,2,16,Media,8,True,344.56,Moderado,258.42
2026-02-03,Colombia,Bogotá,14.7,Departamento,2,8,Media,8,True,204.31,Eficiente,153.23
2026-07-02,Colombia,Bogotá,13.1,Departamento,3,8,Media,10,True,250.41,Moderado,187.81
2026-05-03,México,Ciudad de México,18.7,Casa,6,8,Baja,2,True,186.43,Eficiente,139.82
2026-10-31,México,Mérida,28.8,Casa,5,21,Media,8,False,550.28,Ineficiente,412.71
2026-10-02,México,Mérida,29.9,Departamento,3,7,Baja,4,True,159.99,Eficiente,119.99
2026-07-07,México,Monterrey,31.0,Casa,3,13,Media,8,False,390.07,Moderado,292.55
2026-01-12,Perú,Piura,29.0,Departamento,3,10,Media,9,False,205.07,Eficiente,153.8
2026-12-12,México,Tijuana,15.6,Casa,5,8,Media,5,True,245.55,Eficiente,184.16
2026-09-25,Colombia,Bogotá,13.1,Departamento,4,6,Alta,15,True,209.24,Eficiente,156.93
2026-10-04,Perú,Puno,11.0,Casa,4,7,Baja,1,False,284.18,Moderado,213.14
2026-08-30,México,Mérida,30.4,Local,3,16,Baja,3,True,742.22,Ineficiente,556.66
2026-08-02,Colombia,Barranquilla,28.8,Casa,4,8,Alta,8,True,432.78,Moderado,324.58
2026-03-31,México,Guadalajara,22.0,Departamento,4,11,Alta,15,False,312.66,Moderado,234.5
2026-05-21,Perú,Arequipa,14.3,Casa,3,16,Media,5,True,340.4,Moderado,255.3
2026-03-02,México,Monterrey,21.5,Casa,6,18,Media,6,True,513.25,Ineficiente,384.94
2026-04-19,Colombia,Medellín,21.1,Departamento,2,10,Media,9,True,238.44,Eficiente,178.83
2026-06-18,Colombia,Cali,22.4,Departamento,3,5,Media,9,False,302.83,Moderado,227.12
2026-04-12,Colombia,Cali,23.3,Casa,6,17,Baja,3,True,317.03,Moderado,237.77
2026-12-23,México,Guadalajara,18.9,Casa,5,9,Media,6,True,279.97,Moderado,209.98
2026-09-12,Colombia,Medellín,21.9,Departamento,4,12,Alta,14,True,244.6,Eficiente,183.45
2026-01-13,Colombia,Bogotá,13.5,Casa,4,14,Alta,8,True,540.33,Ineficiente,405.25
2026-07-10,México,Tijuana,22.6,Casa,5,6,Alta,13,True,437.22,Moderado,327.92
2026-04-22,Perú,Lima,25.2,Casa,4,16,Media,8,True,273.66,Moderado,205.24
2026-08-08,Perú,Cusco,10.1,Casa,1,15,Media,5,False,287.55,Moderado,215.66
2026-06-25,Colombia,Medellín,21.8,Casa,2,18,Media,7,True,375.2,Moderado,281.4
2026-12-30,Perú,Puno,12.2,Casa,5,9,Baja,6,False,177.72,Eficiente,133.29
2026-01-29,México,Tijuana,13.3,Casa,3,14,Media,6,True,211.85,Eficiente,158.89
2026-06-01,México,Mérida,31.1,Casa,8,5,Media,9,True,438.94,Moderado,329.2
2026-05-06,Perú,Arequipa,15.4,Departamento,3,8,Media,5,True,182.46,Eficiente,136.84
2026-05-18,Colombia,Barranquilla,29.6,Casa,6,16,Media,6,True,519.16,Ineficiente,389.37
2026-12-31,México,Mérida,24.6,Casa,5,6,Alta,10,False,329.55,Moderado,247.16
2026-04-04,Perú,Lima,24.5,Departamento,2,11,Baja,4,True,133.73,Eficiente,100.3
2026-08-24,Colombia,Bucaramanga,21.7,Departamento,3,13,Media,9,False,194.48,Eficiente,145.86
2026-09-01,México,Guadalajara,23.2,Casa,5,18,Alta,12,False,468.77,Ineficiente,351.58
2026-10-29,México,Guadalajara,22.7,Casa,6,11,Media,5,True,372.42,Moderado,279.32
2026-07-30,Colombia,Medellín,21.8,Casa,4,19,Media,5,True,250.85,Moderado,188.14
2026-02-07,Colombia,Bogotá,13.2,Local,3,18,Alta,10,True,603.74,Ineficiente,452.8
2026-12-30,México,Guadalajara,19.1,Casa,6,10,Alta,10,False,350.0,Moderado,262.5
2026-12-07,México,Monterrey,15.3,Casa,5,8,Media,8,False,353.69,Moderado,265.27
2026-01-13,México,Tijuana,14.1,Casa,2,18,Media,10,False,374.8,Moderado,281.1
2026-06-06,México,Tijuana,20.6,Local,15,22,Baja,4,True,1075.91,Ineficiente,806.93
2026-08-23,México,Guadalajara,24.3,Casa,5,7,Alta,12,False,366.02,Moderado,274.52
2026-02-14,Colombia,Barranquilla,28.0,Casa,5,12,Media,9,True,302.03,Moderado,226.52
2026-12-22,Perú,Piura,28.9,Casa,5,20,Media,8,True,354.61,Moderado,265.96
2026-09-05,Colombia,Cali,22.3,Casa,6,12,Media,7,False,309.87,Moderado,232.4
2026-10-12,México,Guadalajara,23.5,Casa,5,8,Media,9,True,257.63,Moderado,193.22
2026-02-23,Colombia,Bogotá,14.9,Local,8,16,Baja,2,False,560.64,Ineficiente,420.48
2026-09-01,Perú,Piura,23.4,Casa,6,20,Baja,2,True,447.97,Moderado,335.98
2026-05-28,Colombia,Cali,24.1,Casa,7,6,Media,5,True,294.23,Moderado,220.67
2026-07-28,Colombia,Bogotá,14.0,Casa,4,9,Media,4,False,247.39,Eficiente,185.54
2026-12-03,México,Mérida,24.0,Casa,7,11,Media,5,True,312.94,Moderado,234.7
2026-07-29,Colombia,Medellín,20.6,Departamento,2,10,Alta,8,True,161.67,Eficiente,121.25
2026-09-30,Perú,Arequipa,14.6,Local,5,14,Media,6,True,633.02,Ineficiente,474.76
2026-11-09,Perú,Cusco,14.3,Casa,4,9,Media,4,True,336.48,Moderado,252.36
2026-02-19,Perú,Piura,28.4,Departamento,3,5,Media,10,False,243.31,Eficiente,182.48
2026-06-11,México,Mérida,31.6,Casa,5,7,Media,5,True,328.07,Moderado,246.05
2026-04-02,México,Tijuana,16.6,Casa,10,8,Media,8,False,392.23,Moderado,294.17
2026-08-03,Colombia,Bucaramanga,21.5,Departamento,4,8,Alta,12,False,292.02,Moderado,219.02
2026-03-30,México,Monterrey,22.5,Casa,3,11,Alta,12,True,362.16,Moderado,271.62
2026-12-03,Perú,Arequipa,16.6,Local,8,17,Media,5,True,1014.87,Ineficiente,761.15
2026-01-05,Colombia,Barranquilla,28.4,Casa,3,9,Baja,4,True,153.83,Eficiente,115.37
2026-05-31,Colombia,Medellín,21.2,Casa,8,16,Baja,2,True,190.4,Eficiente,142.8
2026-07-30,Colombia,Barranquilla,29.3,Casa,3,9,Alta,8,True,470.37,Ineficiente,352.78
2026-01-28,Perú,Puno,11.4,Departamento,6,11,Alta,10,False,239.21,Eficiente,179.41
2026-05-01,Colombia,Bucaramanga,23.3,Departamento,5,6,Alta,11,False,296.97,Moderado,222.73
2026-12-28,México,Guadalajara,18.5,Casa,6,17,Media,7,True,440.7,Moderado,330.52
2026-06-09,Perú,Arequipa,14.7,Departamento,3,10,Media,7,True,290.24,Moderado,217.68
2026-06-19,México,Monterrey,31.0,Departamento,4,6,Media,10,True,257.72,Moderado,193.29
2026-10-11,México,Mérida,29.6,Casa,3,13,Baja,5,False,241.95,Eficiente,181.46
2026-01-16,Perú,Puno,12.3,Local,8,21,Alta,12,True,591.61,Ineficiente,443.71
2026-03-24,México,Monterrey,21.9,Casa,4,16,Media,6,False,371.74,Moderado,278.8
2026-09-22,Colombia,Barranquilla,28.9,Departamento,2,5,Baja,1,True,130.11,Eficiente,97.58
2026-08-22,México,Ciudad de México,18.1,Departamento,4,7,Baja,2,True,143.73,Eficiente,107.8
2026-08-24,México,Guadalajara,23.7,Casa,4,10,Alta,15,True,455.79,Ineficiente,341.84
2026-12-27,México,Monterrey,16.9,Departamento,3,8,Alta,11,False,324.32,Moderado,243.24
2026-05-06,México,Mérida,29.3,Departamento,4,10,Baja,3,False,179.99,Eficiente,134.99
2026-07-04,México,Ciudad de México,18.2,Departamento,3,9,Media,9,False,291.69,Moderado,218.77
2026-07-14,Perú,Lima,18.3,Departamento,2,8,Alta,13,True,167.22,Eficiente,125.42
2026-07-08,Colombia,Medellín,20.4,Casa,3,14,Media,4,True,312.35,Moderado,234.26
2026-09-24,Colombia,Barranquilla,28.7,Local,8,8,Media,10,True,375.56,Moderado,281.67
2026-01-19,México,Ciudad de México,12.5,Departamento,3,8,Baja,4,True,148.58,Eficiente,111.44
2026-02-22,México,Ciudad de México,13.4,Local,1,16,Baja,5,True,368.26,Moderado,276.2
2026-09-10,Perú,Arequipa,14.5,Casa,2,8,Alta,12,True,295.19,Moderado,221.39
2026-01-02,México,Tijuana,13.3,Local,20,26,Baja,6,True,1040.86,Ineficiente,780.64
2026-09-26,México,Ciudad de México,17.7,Departamento,2,9,Alta,8,True,211.49,Eficiente,158.62
2026-02-10,México,Guadalajara,19.2,Departamento,3,11,Media,8,True,160.27,Eficiente,120.2
2026-07-15,Colombia,Medellín,22.0,Departamento,3,5,Baja,5,True,229.89,Eficiente,172.42
2026-07-04,México,Tijuana,22.7,Casa,4,17,Alta,12,False,417.81,Moderado,313.36
2026-07-07,Perú,Cusco,10.4,Local,5,25,Baja,1,True,530.33,Ineficiente,397.75
2026-02-22,Perú,Cusco,15.0,Local,3,32,Media,4,False,829.72,Ineficiente,622.29
2026-06-19,México,Tijuana,20.0,Departamento,2,13,Media,6,True,286.07,Moderado,214.55
2026-09-09,Perú,Puno,10.6,Local,1,34,Media,8,True,780.77,Ineficiente,585.58
2026-09-21,Colombia,Medellín,20.2,Local,5,11,Baja,2,True,565.23,Ineficiente,423.92
2026-01-07,México,Guadalajara,18.1,Casa,3,12,Baja,1,True,177.23,Eficiente,132.92
2026-11-27,México,Ciudad de México,16.0,Casa,8,23,Alta,9,True,653.21,Ineficiente,489.91
2026-08-02,Colombia,Bogotá,13.5,Departamento,2,6,Media,4,True,111.22,Eficiente,83.42
2026-06-19,México,Tijuana,20.9,Casa,4,17,Alta,8,True,463.69,Ineficiente,347.77
2026-08-12,Colombia,Cali,23.2,Departamento,4,4,Media,7,True,173.97,Eficiente,130.48
2026-12-24,Perú,Puno,12.5,Casa,3,6,Media,7,False,328.0,Moderado,246.0
2026-09-08,México,Ciudad de México,18.6,Casa,6,12,Media,4,True,378.31,Moderado,283.73
2026-10-20,México,Monterrey,25.4,Casa,3,10,Media,7,False,275.11,Moderado,206.33
2026-03-16,Perú,Lima,27.1,Departamento,4,9,Alta,14,False,331.96,Moderado,248.97
2026-06-20,Colombia,Cali,22.6,Casa,6,6,Baja,4,True,231.37,Eficiente,173.53
2026-07-04,México,Guadalajara,23.1,Departamento,5,7,Media,4,False,152.46,Eficiente,114.34
2026-12-23,México,Mérida,24.3,Casa,7,20,Alta,12,False,382.03,Moderado,286.52
2026-05-06,México,Monterrey,29.9,Departamento,8,8,Media,10,True,379.76,Moderado,284.82
2026-10-23,Colombia,Medellín,23.0,Casa,6,10,Alta,12,False,451.57,Ineficiente,338.68
2026-09-21,Colombia,Barranquilla,28.4,Local,2,14,Media,9,True,564.26,Ineficiente,423.2
2026-04-22,Perú,Lima,25.8,Casa,1,12,Baja,3,False,272.17,Moderado,204.13
2026-08-28,Colombia,Medellín,21.2,Casa,6,16,Alta,14,True,530.59,Ineficiente,397.94
2026-12-03,México,Mérida,24.1,Casa,6,16,Baja,5,True,221.76,Eficiente,166.32
2026-01-17,Colombia,Barranquilla,27.3,Casa,7,5,Alta,11,True,362.62,Moderado,271.97
2026-08-20,México,Guadalajara,25.0,Casa,6,13,Baja,3,True,241.21,Eficiente,180.91
2026-03-12,Colombia,Bogotá,13.5,Local,1,20,Alta,15,True,758.57,Ineficiente,568.93
2026-06-14,Colombia,Medellín,20.3,Casa,3,12,Baja,6,True,299.0,Moderado,224.25
2026-12-03,México,Guadalajara,19.6,Casa,1,17,Media,5,False,255.44,Moderado,191.58
2026-06-11,México,Monterrey,31.3,Casa,4,16,Media,7,True,415.78,Moderado,311.83
2026-07-18,Colombia,Barranquilla,29.6,Casa,1,18,Alta,9,True,447.34,Moderado,335.5
2026-10-26,México,Guadalajara,22.4,Casa,4,18,Alta,14,True,494.05,Ineficiente,370.54
2026-02-28,México,Ciudad de México,13.3,Casa,8,16,Media,8,True,391.84,Moderado,293.88
2026-05-06,Colombia,Medellín,21.3,Casa,3,10,Baja,1,True,178.01,Eficiente,133.51
2026-01-15,Perú,Cusco,13.6,Casa,5,14,Media,6,True,458.58,Ineficiente,343.94
2026-06-05,Colombia,Bucaramanga,22.3,Departamento,3,4,Alta,11,False,187.19,Eficiente,140.39
2026-01-26,México,Ciudad de México,12.7,Casa,3,13,Alta,11,False,321.18,Moderado,240.88
2026-01-22,Perú,Lima,27.8,Casa,4,7,Alta,10,False,267.25,Moderado,200.44
2026-04-21,Colombia,Barranquilla,29.0,Local,2,25,Media,10,True,1068.46,Ineficiente,801.34
2026-10-22,Colombia,Medellín,21.6,Local,10,22,Baja,5,True,1197.18,Ineficiente,897.88
2026-04-20,Colombia,Bucaramanga,23.0,Casa,3,12,Baja,5,True,225.56,Eficiente,169.17
2026-07-18,Colombia,Barranquilla,29.2,Casa,4,11,Baja,5,False,253.59,Moderado,190.19
2026-04-24,Colombia,Cali,24.4,Departamento,3,7,Alta,10,True,280.24,Moderado,210.18
2026-07-28,Colombia,Bogotá,14.0,Departamento,2,9,Media,8,True,168.47,Eficiente,126.35
2026-08-16,México,Guadalajara,23.6,Departamento,2,4,Alta,14,False,229.75,Eficiente,172.31
2026-07-29,Perú,Piura,22.6,Local,15,21,Alta,10,True,1738.04,Ineficiente,1303.53
2026-08-21,México,Monterrey,31.7,Departamento,1,11,Alta,10,True,229.07,Eficiente,171.8
2026-08-04,Perú,Piura,22.6,Local,15,16,Baja,3,True,367.77,Moderado,275.83
2026-08-02,Perú,Cusco,11.9,Local,8,23,Alta,10,False,1161.4,Ineficiente,871.05
2026-01-19,México,Monterrey,14.5,Casa,5,9,Alta,12,True,585.48,Ineficiente,439.11
2026-05-21,Colombia,Barranquilla,28.7,Departamento,3,5,Media,6,True,226.54,Eficiente,169.9
2026-08-09,México,Mérida,31.2,Departamento,1,8,Media,6,False,123.45,Eficiente,92.59
2026-04-14,Colombia,Bogotá,14.4,Casa,3,14,Alta,11,True,556.0,Ineficiente,417.0
2026-10-06,Colombia,Barranquilla,28.8,Casa,6,11,Media,8,True,230.96,Eficiente,173.22
2026-08-19,Colombia,Cali,23.4,Casa,5,7,Media,7,True,239.16,Eficiente,179.37
2026-10-29,Perú,Puno,11.6,Departamento,1,7,Media,7,True,194.48,Eficiente,145.86
2026-07-24,México,Monterrey,31.3,Casa,2,16,Media,5,False,401.46,Moderado,301.09
2026-05-24,México,Monterrey,29.1,Local,15,18,Media,9,False,1886.87,Ineficiente,1415.15
2026-11-05,Colombia,Barranquilla,28.4,Local,3,16,Baja,6,True,723.55,Ineficiente,542.66
2026-01-28,México,Monterrey,15.3,Local,10,18,Media,7,True,839.1,Ineficiente,629.33
2026-03-22,México,Guadalajara,22.1,Departamento,3,7,Media,7,True,99.29,Eficiente,74.47
2026-11-26,Colombia,Bucaramanga,22.4,Casa,3,17,Media,9,True,295.74,Moderado,221.8
2026-03-07,Colombia,Barranquilla,28.9,Casa,3,23,Alta,9,False,634.0,Ineficiente,475.5
2026-03-21,Colombia,Bogotá,14.2,Casa,3,17,Alta,8,False,512.8,Ineficiente,384.6
2026-01-14,México,Monterrey,15.8,Casa,1,10,Alta,14,True,405.36,Moderado,304.02
2026-04-14,Colombia,Barranquilla,29.9,Departamento,3,11,Media,7,True,179.26,Eficiente,134.44
2026-09-05,México,Guadalajara,23.9,Local,15,23,Media,7,True,1409.12,Ineficiente,1056.84
2026-02-20,México,Guadalajara,20.9,Departamento,4,7,Media,9,True,248.85,Eficiente,186.64
2026-03-11,Perú,Lima,26.8,Casa,5,6,Alta,14,True,533.61,Ineficiente,400.21
2026-07-20,Perú,Cusco,9.2,Departamento,6,9,Alta,13,False,436.19,Moderado,327.14
2026-05-05,Perú,Cusco,11.3,Casa,4,7,Baja,6,False,149.06,Eficiente,111.8
2026-12-17,México,Ciudad de México,14.1,Departamento,4,9,Media,9,True,134.96,Eficiente,101.22
2026-05-25,México,Tijuana,18.6,Departamento,1,7,Baja,4,True,219.16,Eficiente,164.37
2026-09-09,México,Monterrey,29.0,Departamento,3,8,Media,7,True,261.09,Moderado,195.82
2026-03-20,México,Tijuana,15.7,Casa,7,12,Media,6,True,441.39,Moderado,331.04
2026-10-01,Perú,Arequipa,16.8,Casa,3,9,Media,8,False,306.43,Moderado,229.82
2026-07-29,Perú,Piura,22.5,Departamento,4,9,Media,8,True,271.75,Moderado,203.81
2026-10-01,Perú,Piura,24.7,Departamento,4,14,Media,9,True,278.56,Moderado,208.92
2026-02-15,Perú,Lima,27.9,Departamento,5,8,Alta,9,True,327.42,Moderado,245.56
2026-06-30,Perú,Arequipa,14.8,Departamento,3,8,Baja,2,False,99.46,Eficiente,74.6
2026-03-19,México,Ciudad de México,16.6,Casa,3,9,Media,5,True,295.09,Moderado,221.32
2026-08-17,México,Monterrey,32.0,Casa,6,17,Media,5,False,459.0,Ineficiente,344.25
2026-02-19,México,Guadalajara,19.9,Local,15,16,Media,9,False,739.32,Ineficiente,554.49
2026-09-09,Perú,Lima,18.3,Casa,3,9,Media,4,True,273.53,Moderado,205.15
2026-12-16,Colombia,Cali,23.7,Departamento,2,7,Alta,8,True,273.32,Moderado,204.99
2026-11-04,Perú,Puno,12.5,Casa,4,8,Media,5,False,288.83,Moderado,216.62
2026-12-05,México,Tijuana,15.0,Departamento,4,8,Alta,8,False,316.86,Moderado,237.64
2026-01-06,México,Mérida,24.1,Casa,8,13,Baja,6,True,419.62,Moderado,314.72
2026-05-13,Colombia,Barranquilla,28.9,Local,5,16,Alta,14,True,1522.99,Ineficiente,1142.24
2026-10-28,México,Mérida,29.5,Casa,5,8,Alta,14,False,621.97,Ineficiente,466.48
2026-05-08,Perú,Cusco,12.8,Local,8,19,Media,9,True,1262.26,Ineficiente,946.7
2026-05-08,México,Monterrey,28.0,Departamento,5,8,Baja,2,False,158.14,Eficiente,118.6
2026-11-18,México,Mérida,27.3,Casa,3,9,Baja,6,False,162.99,Eficiente,122.24
2026-10-29,Colombia,Bucaramanga,22.1,Casa,7,6,Baja,2,True,255.36,Moderado,191.52
2026-03-06,Perú,Arequipa,17.3,Departamento,1,8,Media,7,True,217.19,Eficiente,162.89
2026-06-16,Colombia,Cali,23.4,Casa,4,13,Alta,12,True,529.24,Ineficiente,396.93
2026-08-07,Perú,Lima,18.0,Casa,2,18,Media,7,True,396.51,Moderado,297.38
2026-09-15,Colombia,Cali,23.8,Local,5,14,Media,9,True,400.1,Moderado,300.08
2026-08-16,Colombia,Cali,22.0,Casa,1,20,Media,9,False,373.16,Moderado,279.87
2026-07-02,Perú,Lima,18.2,Casa,8,11,Media,9,False,344.21,Moderado,258.16
2026-10-04,México,Mérida,28.3,Casa,5,7,Alta,9,False,471.73,Ineficiente,353.8
2026-12-12,México,Mérida,25.0,Departamento,3,5,Media,10,False,192.78,Eficiente,144.58
2026-04-27,Perú,Cusco,13.2,Casa,3,14,Baja,6,True,211.5,Eficiente,158.62
2026-09-15,México,Mérida,29.4,Local,10,25,Baja,1,True,1176.39,Ineficiente,882.29
2026-08-28,Perú,Lima,17.8,Departamento,5,6,Baja,4,False,179.97,Eficiente,134.98
2026-07-12,México,Ciudad de México,18.1,Departamento,2,6,Media,9,True,231.54,Eficiente,173.66
2026-03-02,México,Ciudad de México,15.3,Casa,4,17,Alta,15,True,390.01,Moderado,292.51
2026-05-14,Perú,Piura,25.7,Casa,4,18,Alta,10,True,471.17,Ineficiente,353.38
2026-03-25,México,Ciudad de México,16.9,Local,3,16,Alta,9,True,1036.74,Ineficiente,777.56
2026-04-18,Colombia,Cali,23.9,Departamento,2,11,Baja,1,True,159.22,Eficiente,119.42
2026-05-09,México,Guadalajara,26.0,Departamento,5,10,Baja,6,False,250.5,Moderado,187.88
2026-06-08,México,Guadalajara,24.2,Local,10,19,Media,10,False,612.33,Ineficiente,459.25
2026-04-26,México,Ciudad de México,17.8,Departamento,2,7,Baja,3,True,162.76,Eficiente,122.07
2026-11-26,Colombia,Bucaramanga,23.8,Departamento,2,6,Alta,11,True,251.38,Moderado,188.54
2026-04-21,México,Monterrey,26.9,Casa,6,8,Media,7,False,364.13,Moderado,273.1
2026-02-07,Colombia,Cali,24.7,Local,15,20,Media,10,False,1586.55,Ineficiente,1189.91
2026-08-12,Perú,Lima,18.0,Casa,5,17,Media,9,True,376.66,Moderado,282.5
2026-02-08,Colombia,Bucaramanga,22.1,Local,8,19,Media,5,True,468.9,Ineficiente,351.67
2026-12-16,Colombia,Bucaramanga,22.8,Departamento,2,7,Alta,8,False,206.4,Eficiente,154.8
2026-04-15,Colombia,Cali,24.5,Casa,6,10,Media,6,False,445.85,Moderado,334.39
2026-09-07,Colombia,Bucaramanga,21.5,Casa,6,12,Alta,8,True,372.11,Moderado,279.08
2026-09-21,Perú,Piura,24.0,Casa,1,12,Alta,11,True,435.11,Moderado,326.33
2026-07-25,Colombia,Cali,22.4,Casa,1,10,Media,6,True,334.86,Moderado,251.14
2026-09-16,Colombia,Barranquilla,28.3,Departamento,4,8,Baja,3,True,155.42,Eficiente,116.56
2026-02-18,Colombia,Barranquilla,28.3,Casa,8,7,Alta,9,False,475.09,Ineficiente,356.32
2026-11-03,Colombia,Bogotá,14.3,Local,8,12,Media,5,True,637.33,Ineficiente,478.0
2026-11-16,México,Guadalajara,20.5,Casa,6,19,Media,9,True,464.12,Ineficiente,348.09
2026-03-11,México,Ciudad de México,15.7,Casa,5,10,Baja,4,True,341.86,Moderado,256.4
2026-11-23,Colombia,Barranquilla,28.7,Casa,4,18,Baja,4,True,266.97,Moderado,200.23
2026-03-10,México,Mérida,26.3,Casa,4,12,Baja,1,True,220.52,Eficiente,165.39
2026-09-18,Perú,Puno,10.3,Departamento,2,6,Alta,10,False,224.04,Eficiente,168.03
2026-06-24,Perú,Cusco,11.8,Local,5,25,Media,4,True,913.47,Ineficiente,685.1
2026-09-20,Colombia,Medellín,20.4,Departamento,1,7,Media,10,False,110.89,Eficiente,83.17
2026-11-26,Perú,Cusco,14.4,Casa,1,7,Media,7,True,286.33,Moderado,214.75
2026-08-26,México,Guadalajara,23.9,Local,2,29,Media,4,True,795.87,Ineficiente,596.9
2026-10-20,México,Guadalajara,23.9,Casa,4,8,Baja,4,False,193.32,Eficiente,144.99
2026-04-11,Colombia,Bucaramanga,23.7,Departamento,4,10,Media,8,False,270.54,Moderado,202.91
2026-07-07,Colombia,Bogotá,13.3,Departamento,3,7,Alta,12,True,271.63,Moderado,203.72
2026-03-27,México,Tijuana,16.9,Casa,5,19,Alta,13,True,459.47,Ineficiente,344.6
2026-11-11,Colombia,Cali,23.8,Casa,2,16,Baja,6,True,215.58,Eficiente,161.68
2026-01-29,México,Ciudad de México,13.9,Local,5,28,Media,4,True,809.25,Ineficiente,606.94
2026-01-17,México,Monterrey,15.2,Local,2,15,Media,8,True,776.51,Ineficiente,582.38
2026-05-06,México,Mérida,30.8,Departamento,2,9,Alta,15,True,349.74,Moderado,262.3
2026-05-08,Colombia,Bogotá,13.6,Casa,2,16,Media,9,True,328.63,Moderado,246.47
2026-12-16,México,Mérida,25.9,Casa,6,8,Media,7,True,298.08,Moderado,223.56
2026-12-26,México,Ciudad de México,14.8,Casa,6,11,Alta,9,False,614.27,Ineficiente,460.7
2026-02-15,Perú,Cusco,13.8,Casa,2,17,Media,10,False,287.44,Moderado,215.58
2026-11-16,Colombia,Cali,24.8,Casa,4,6,Media,8,True,275.32,Moderado,206.49
2026-01-12,México,Tijuana,14.5,Departamento,1,10,Baja,3,False,110.71,Eficiente,83.03
2026-11-22,Colombia,Cali,23.9,Departamento,6,12,Alta,11,True,278.63,Moderado,208.97
2026-11-09,México,Guadalajara,21.5,Departamento,2,10,Media,5,True,210.86,Eficiente,158.15
2026-07-01,Perú,Cusco,10.0,Casa,3,11,Media,5,True,261.78,Moderado,196.33
2026-02-05,Colombia,Bucaramanga,23.6,Departamento,2,14,Alta,15,True,304.17,Moderado,228.13
2026-09-11,Perú,Puno,10.5,Departamento,4,10,Alta,13,True,266.08,Moderado,199.56
2026-07-28,Colombia,Cali,23.2,Local,3,17,Media,8,True,778.43,Ineficiente,583.82
2026-10-12,Colombia,Medellín,22.8,Departamento,1,11,Media,10,False,259.44,Moderado,194.58
2026-01-13,Perú,Cusco,15.0,Casa,4,21,Baja,3,False,236.75,Eficiente,177.56
2026-05-31,Colombia,Bogotá,13.5,Casa,3,14,Media,7,True,303.26,Moderado,227.44
2026-10-25,México,Guadalajara,23.4,Local,8,33,Media,6,True,1518.71,Ineficiente,1139.03
2026-06-14,México,Guadalajara,24.5,Local,10,14,Media,7,False,604.88,Ineficiente,453.66
2026-03-30,México,Ciudad de México,16.7,Departamento,5,4,Media,10,False,166.9,Eficiente,125.18
2026-05-13,Perú,Piura,25.5,Local,20,13,Alta,12,True,1403.37,Ineficiente,1052.53
2026-02-09,México,Monterrey,17.4,Casa,5,6,Media,5,True,278.07,Moderado,208.55
2026-04-10,Colombia,Medellín,21.2,Local,8,23,Baja,4,True,588.22,Ineficiente,441.16
2026-02-24,Colombia,Medellín,21.3,Departamento,4,11,Media,9,True,376.29,Moderado,282.22
2026-12-19,México,Guadalajara,19.6,Casa,5,16,Media,7,False,291.05,Moderado,218.29
2026-10-08,México,Ciudad de México,16.9,Departamento,2,10,Alta,9,True,386.59,Moderado,289.94
2026-05-13,México,Guadalajara,26.6,Casa,6,10,Baja,1,True,204.38,Eficiente,153.28
2026-08-22,México,Ciudad de México,18.5,Casa,8,16,Alta,11,True,719.58,Ineficiente,539.69
2026-07-07,México,Tijuana,22.5,Departamento,3,8,Media,7,False,122.0,Eficiente,91.5
2026-01-03,Colombia,Cali,24.6,Departamento,8,9,Baja,3,True,244.09,Eficiente,183.07
2026-10-15,Perú,Cusco,12.6,Casa,7,8,Alta,11,True,471.14,Ineficiente,353.36
2026-08-24,Perú,Cusco,11.1,Departamento,2,6,Media,5,True,143.37,Eficiente,107.53
2026-06-12,Perú,Cusco,11.4,Departamento,3,6,Media,5,False,180.7,Eficiente,135.52
2026-07-05,México,Tijuana,22.5,Casa,8,12,Alta,12,True,475.7,Ineficiente,356.78
2026-11-14,México,Ciudad de México,14.9,Casa,1,16,Baja,5,False,221.21,Eficiente,165.91
2026-02-20,México,Ciudad de México,13.7,Departamento,3,9,Media,8,False,200.24,Eficiente,150.18
2026-01-15,Perú,Lima,27.6,Casa,2,6,Baja,4,True,144.98,Eficiente,108.73
2026-05-12,Perú,Arequipa,16.0,Local,3,15,Alta,14,True,965.56,Ineficiente,724.17
2026-12-09,México,Ciudad de México,14.1,Departamento,1,11,Media,5,True,210.42,Eficiente,157.82
2026-11-29,Colombia,Medellín,22.6,Local,5,19,Alta,15,True,1466.47,Ineficiente,1099.85
2026-12-01,México,Tijuana,15.8,Casa,7,19,Alta,14,True,562.14,Ineficiente,421.6
2026-03-13,Colombia,Medellín,22.7,Casa,5,8,Alta,10,True,316.47,Moderado,237.35
2026-06-01,Colombia,Cali,22.1,Casa,7,8,Alta,13,True,566.39,Ineficiente,424.79
2026-10-12,Perú,Puno,10.1,Casa,5,12,Media,5,True,235.01,Eficiente,176.26
2026-02-16,México,Ciudad de México,14.4,Casa,3,24,Alta,8,True,447.29,Moderado,335.47
2026-08-20,México,Tijuana,23.3,Local,15,18,Baja,3,True,950.36,Ineficiente,712.77
2026-11-28,Perú,Lima,23.5,Departamento,2,6,Alta,12,False,201.7,Eficiente,151.27
2026-10-14,Colombia,Bucaramanga,23.7,Casa,4,14,Baja,6,True,287.45,Moderado,215.59
2026-05-15,Colombia,Medellín,21.0,Casa,5,16,Media,4,False,283.8,Moderado,212.85
2026-04-16,México,Mérida,29.8,Departamento,6,10,Media,8,True,360.12,Moderado,270.09
2026-09-27,Colombia,Medellín,20.3,Casa,8,20,Alta,9,True,762.4,Ineficiente,571.8
2026-03-04,México,Mérida,27.3,Departamento,5,12,Alta,8,True,241.17,Eficiente,180.88
2026-06-16,México,Guadalajara,25.9,Local,10,28,Alta,13,True,1014.29,Ineficiente,760.72
2026-03-04,México,Tijuana,16.3,Casa,3,14,Media,5,True,383.13,Moderado,287.35
2026-05-03,Perú,Lima,22.4,Departamento,2,5,Media,5,False,108.24,Eficiente,81.18
2026-06-19,México,Monterrey,30.3,Local,8,14,Media,4,True,840.37,Ineficiente,630.28
2026-03-06,Colombia,Barranquilla,29.8,Casa,4,9,Baja,3,True,319.77,Moderado,239.83
2026-01-04,México,Monterrey,15.5,Departamento,3,8,Alta,14,False,399.08,Moderado,299.31
2026-08-10,México,Tijuana,23.5,Departamento,3,11,Alta,8,True,326.74,Moderado,245.06
2026-12-26,México,Mérida,24.8,Casa,3,7,Baja,3,True,228.85,Eficiente,171.64
2026-09-26,México,Mérida,29.1,Departamento,1,11,Media,7,True,310.71,Moderado,233.03
2026-07-17,México,Guadalajara,24.7,Departamento,4,6,Baja,1,True,127.18,Eficiente,95.38
2026-10-25,Colombia,Cali,24.4,Departamento,4,7,Media,8,True,273.32,Moderado,204.99
2026-12-14,México,Ciudad de México,14.2,Departamento,2,7,Media,5,False,132.45,Eficiente,99.34
2026-08-03,Colombia,Bucaramanga,22.4,Casa,5,19,Baja,4,False,311.49,Moderado,233.62
2026-05-26,México,Monterrey,28.7,Casa,4,6,Alta,12,True,425.25,Moderado,318.94
2026-03-10,México,Ciudad de México,15.7,Casa,4,20,Media,9,True,403.52,Moderado,302.64
2026-01-04,Colombia,Bogotá,13.3,Casa,8,21,Media,5,True,327.81,Moderado,245.86
2026-01-26,Colombia,Barranquilla,27.1,Casa,5,9,Media,4,False,377.2,Moderado,282.9
2026-07-11,México,Ciudad de México,17.7,Casa,4,11,Baja,2,True,228.49,Eficiente,171.37
2026-08-24,México,Ciudad de México,18.4,Casa,1,15,Media,9,True,278.98,Moderado,209.24
2026-05-02,Colombia,Cali,24.4,Casa,6,11,Media,8,True,327.73,Moderado,245.8
2026-09-10,Colombia,Bogotá,12.3,Casa,6,9,Alta,13,True,503.73,Ineficiente,377.8
2026-05-23,Perú,Piura,26.7,Local,1,21,Alta,15,False,558.86,Ineficiente,419.14
2026-06-06,Colombia,Barranquilla,28.2,Local,10,19,Media,6,True,899.34,Ineficiente,674.5
2026-10-19,México,Ciudad de México,17.1,Casa,4,12,Baja,3,False,156.73,Eficiente,117.55
2026-05-29,México,Ciudad de México,19.3,Casa,4,16,Alta,10,True,493.46,Ineficiente,370.1
2026-02-09,México,Guadalajara,19.5,Departamento,1,12,Alta,15,True,280.77,Moderado,210.58
2026-12-19,México,Guadalajara,19.6,Casa,10,18,Alta,14,True,845.83,Ineficiente,634.37
2026-06-11,Perú,Arequipa,13.9,Casa,8,11,Baja,5,False,331.16,Moderado,248.37
2026-07-06,México,Mérida,30.4,Casa,4,7,Media,10,True,272.96,Moderado,204.72
2026-04-08,Perú,Cusco,13.9,Casa,3,16,Media,9,True,355.64,Moderado,266.73
2026-08-12,Perú,Puno,9.4,Departamento,3,7,Baja,5,True,93.01,Eficiente,69.76
2026-03-05,México,Ciudad de México,15.8,Local,5,21,Alta,15,True,1456.18,Ineficiente,1092.14
2026-11-08,México,Ciudad de México,15.8,Casa,6,11,Alta,15,True,587.72,Ineficiente,440.79
2026-11-26,Perú,Cusco,13.0,Local,15,12,Alta,14,False,1172.13,Ineficiente,879.1
2026-03-29,México,Mérida,26.4,Casa,7,7,Baja,5,True,180.59,Eficiente,135.44
2026-06-14,Colombia,Bucaramanga,21.4,Local,8,26,Baja,5,True,736.62,Ineficiente,552.46
2026-08-12,México,Mérida,31.7,Casa,4,18,Alta,15,False,612.58,Ineficiente,459.44
2026-04-14,México,Mérida,28.8,Casa,6,6,Media,7,True,281.72,Moderado,211.29
2026-02-20,México,Tijuana,15.5,Casa,2,5,Media,9,True,311.6,Moderado,233.7
2026-07-23,Colombia,Cali,23.2,Departamento,2,9,Baja,6,False,98.64,Eficiente,73.98
2026-05-27,Perú,Arequipa,15.1,Departamento,3,10,Media,10,False,130.31,Eficiente,97.73
2026-03-10,México,Ciudad de México,17.0,Casa,1,22,Baja,1,False,155.12,Eficiente,116.34
2026-12-09,Colombia,Cali,24.6,Local,3,17,Alta,15,True,607.83,Ineficiente,455.87
2026-06-15,México,Monterrey,30.0,Casa,4,23,Alta,12,True,631.18,Ineficiente,473.38
2026-09-12,México,Ciudad de México,18.6,Casa,5,16,Media,7,False,359.0,Moderado,269.25
2026-10-05,Colombia,Barranquilla,29.0,Local,15,25,Baja,1,True,839.83,Ineficiente,629.87
2026-06-27,Colombia,Bogotá,14.0,Casa,5,10,Baja,3,True,245.28,Eficiente,183.96
2026-04-04,México,Ciudad de México,17.4,Departamento,4,10,Alta,15,True,216.98,Eficiente,162.73
2026-06-18,Colombia,Bogotá,12.0,Casa,2,13,Media,9,False,251.64,Moderado,188.73
2026-10-16,Colombia,Barranquilla,29.8,Casa,5,18,Alta,15,True,683.52,Ineficiente,512.64
2026-02-14,Colombia,Cali,23.6,Casa,6,9,Alta,10,True,295.57,Moderado,221.68
2026-08-19,México,Mérida,30.8,Casa,5,21,Baja,5,False,352.35,Moderado,264.26
2026-02-15,México,Ciudad de México,13.7,Departamento,2,10,Baja,2,True,124.58,Eficiente,93.44
2026-12-26,Colombia,Bogotá,13.2,Casa,2,7,Media,5,True,198.65,Eficiente,148.99
2026-11-18,México,Ciudad de México,15.1,Casa,8,15,Media,10,True,422.7,Moderado,317.02
2026-09-16,Perú,Lima,18.1,Departamento,5,9,Alta,12,False,351.28,Moderado,263.46
2026-07-06,Perú,Lima,18.0,Casa,4,11,Baja,4,False,201.8,Eficiente,151.35
2026-04-15,Colombia,Medellín,22.5,Departamento,3,10,Media,5,False,124.0,Eficiente,93.0
2026-06-11,México,Ciudad de México,19.9,Departamento,1,5,Baja,3,True,122.12,Eficiente,91.59
2026-07-18,México,Guadalajara,23.7,Casa,5,21,Baja,4,True,386.54,Moderado,289.91
2026-08-19,México,Guadalajara,23.8,Casa,3,13,Media,9,False,234.0,Eficiente,175.5
2026-07-04,México,Guadalajara,23.8,Casa,3,8,Baja,5,True,156.36,Eficiente,117.27
2026-11-15,Colombia,Bogotá,14.6,Casa,4,9,Alta,13,True,406.58,Moderado,304.94
2026-11-06,Colombia,Bucaramanga,23.7,Casa,6,22,Media,5,True,457.45,Ineficiente,343.09
2026-07-24,México,Mérida,31.1,Casa,8,8,Media,7,False,487.96,Ineficiente,365.97
2026-05-02,Colombia,Medellín,22.2,Casa,8,9,Baja,3,True,325.93,Moderado,244.45
2026-03-02,México,Ciudad de México,16.2,Departamento,2,6,Media,7,False,230.05,Eficiente,172.54
2026-11-22,México,Mérida,26.7,Casa,6,5,Media,5,False,201.93,Eficiente,151.45
2026-12-20,Colombia,Medellín,21.4,Casa,6,9,Alta,15,True,395.13,Moderado,296.35
2026-05-16,Colombia,Barranquilla,28.1,Casa,3,11,Alta,15,True,421.82,Moderado,316.36
2026-09-08,Colombia,Barranquilla,29.1,Casa,6,14,Baja,3,True,195.01,Eficiente,146.26
2026-11-30,Perú,Lima,23.4,Departamento,2,9,Alta,14,True,414.41,Moderado,310.81
2026-04-12,México,Ciudad de México,18.6,Casa,5,5,Baja,2,True,193.21,Eficiente,144.91
2026-10-06,Colombia,Barranquilla,29.3,Casa,5,13,Alta,12,True,348.34,Moderado,261.26
2026-12-04,Perú,Piura,27.1,Casa,5,13,Baja,4,True,265.52,Moderado,199.14
2026-09-15,Perú,Puno,9.1,Casa,5,18,Media,6,True,323.09,Moderado,242.32
2026-07-27,México,Monterrey,32.4,Departamento,4,11,Media,7,False,249.03,Eficiente,186.77
2026-08-13,México,Guadalajara,24.7,Departamento,3,13,Alta,13,False,293.61,Moderado,220.21
2026-01-21,México,Guadalajara,19.0,Departamento,2,7,Media,7,False,165.07,Eficiente,123.8
2026-05-31,Colombia,Medellín,21.2,Casa,6,9,Media,6,False,323.44,Moderado,242.58
2026-07-13,Colombia,Barranquilla,29.0,Casa,7,14,Baja,4,False,272.76,Moderado,204.57
2026-05-03,México,Tijuana,19.6,Local,2,12,Alta,11,True,827.83,Ineficiente,620.87
2026-12-04,Colombia,Barranquilla,27.3,Departamento,3,11,Alta,9,True,244.47,Eficiente,183.35
2026-04-17,México,Monterrey,25.3,Local,2,20,Media,9,True,470.53,Ineficiente,352.9
2026-08-21,Perú,Puno,8.4,Casa,2,14,Media,7,False,286.27,Moderado,214.7
2026-03-15,Colombia,Bucaramanga,23.9,Casa,3,15,Alta,9,False,299.02,Moderado,224.26
2026-07-29,Colombia,Barranquilla,28.8,Casa,5,11,Media,6,False,411.85,Moderado,308.89
2026-07-24,México,Mérida,30.1,Departamento,8,11,Media,9,True,209.28,Eficiente,156.96
2026-07-19,México,Monterrey,32.5,Casa,4,15,Media,6,True,340.91,Moderado,255.68
2026-05-30,México,Mérida,30.4,Casa,6,13,Baja,6,True,229.85,Eficiente,172.39
2026-02-26,México,Ciudad de México,14.5,Casa,8,9,Baja,2,True,221.77,Eficiente,166.33
2026-04-24,Perú,Puno,11.8,Casa,1,11,Alta,15,True,276.17,Moderado,207.13
2026-10-16,México,Tijuana,21.9,Departamento,1,10,Media,10,True,194.17,Eficiente,145.63
2026-08-27,México,Ciudad de México,17.7,Casa,4,17,Media,7,True,269.79,Moderado,202.34
2026-06-01,Perú,Arequipa,13.1,Local,8,16,Media,6,True,648.35,Ineficiente,486.26
2026-11-07,Colombia,Cali,24.8,Departamento,4,10,Baja,1,True,119.74,Eficiente,89.8
2026-05-17,Colombia,Medellín,21.6,Casa,4,19,Baja,3,False,265.44,Moderado,199.08
2026-05-08,México,Guadalajara,26.9,Casa,6,17,Media,6,True,395.77,Moderado,296.83
2026-10-30,Colombia,Bogotá,13.4,Departamento,2,12,Media,10,False,193.83,Eficiente,145.37
2026-09-21,Perú,Lima,19.9,Casa,4,17,Media,4,True,242.98,Eficiente,182.24
2026-04-12,México,Guadalajara,23.3,Local,3,16,Alta,10,True,744.76,Ineficiente,558.57
2026-06-20,México,Guadalajara,25.9,Casa,2,16,Baja,2,False,177.48,Eficiente,133.11
2026-02-13,Perú,Cusco,13.6,Casa,3,14,Baja,3,False,209.02,Eficiente,156.77
2026-10-26,México,Monterrey,25.1,Departamento,4,14,Media,4,True,138.09,Eficiente,103.57
2026-06-09,Perú,Piura,24.2,Departamento,3,10,Alta,8,True,183.8,Eficiente,137.85
2026-05-26,México,Monterrey,29.9,Casa,3,15,Media,4,True,249.75,Eficiente,187.31
2026-08-07,Colombia,Bucaramanga,21.7,Departamento,4,8,Media,4,True,230.95,Eficiente,173.21
2026-12-08,México,Tijuana,14.7,Local,20,17,Media,4,True,1114.99,Ineficiente,836.24
2026-10-14,Colombia,Barranquilla,29.6,Departamento,3,7,Alta,9,True,192.54,Eficiente,144.4
2026-09-21,Perú,Puno,9.3,Casa,6,10,Baja,6,True,349.06,Moderado,261.8
2026-02-05,México,Mérida,24.1,Casa,2,14,Baja,3,True,313.79,Moderado,235.34
2026-08-04,Colombia,Medellín,20.0,Casa,5,16,Alta,8,True,617.74,Ineficiente,463.3
2026-01-27,Colombia,Bucaramanga,23.8,Casa,3,19,Media,9,False,329.02,Moderado,246.76
2026-03-25,Colombia,Cali,23.1,Local,8,27,Media,6,True,579.09,Ineficiente,434.32
2026-07-17,Colombia,Bucaramanga,22.8,Casa,5,10,Baja,4,True,207.97,Eficiente,155.98
2026-10-19,Colombia,Bucaramanga,22.1,Casa,4,14,Baja,6,False,279.81,Moderado,209.86
2026-07-20,México,Tijuana,23.8,Local,5,17,Media,10,True,604.14,Ineficiente,453.1
2026-10-21,Perú,Piura,25.7,Casa,4,11,Alta,8,False,513.83,Ineficiente,385.37
2026-12-13,Perú,Piura,28.8,Casa,10,19,Alta,8,True,635.7,Ineficiente,476.78
2026-03-07,México,Mérida,26.9,Casa,7,17,Alta,10,True,608.89,Ineficiente,456.67
2026-06-05,Perú,Piura,23.9,Casa,4,14,Media,8,True,389.95,Moderado,292.46
2026-11-07,México,Monterrey,19.2,Departamento,3,5,Media,6,True,160.47,Eficiente,120.35
2026-03-25,México,Tijuana,15.8,Departamento,2,8,Media,8,True,149.46,Eficiente,112.1
2026-08-10,México,Mérida,30.5,Casa,5,9,Media,6,True,475.25,Ineficiente,356.44
2026-11-22,Perú,Arequipa,17.4,Casa,3,16,Alta,8,False,494.98,Ineficiente,371.24
2026-05-25,México,Tijuana,19.0,Casa,3,8,Alta,9,False,438.45,Moderado,328.84
2026-11-28,Colombia,Bogotá,13.4,Departamento,1,5,Media,6,True,115.52,Eficiente,86.64
2026-04-14,Perú,Piura,28.9,Casa,2,10,Media,9,True,397.69,Moderado,298.27
2026-03-17,México,Mérida,26.3,Casa,2,15,Alta,10,False,443.62,Moderado,332.72
2026-10-10,Perú,Lima,20.9,Local,20,27,Baja,1,False,913.21,Ineficiente,684.91
2026-08-06,Perú,Lima,17.1,Casa,6,14,Baja,1,True,199.56,Eficiente,149.67
2026-02-12,Perú,Cusco,14.0,Casa,4,16,Media,8,True,309.55,Moderado,232.16
2026-12-05,Colombia,Barranquilla,28.6,Departamento,1,3,Alta,15,False,289.96,Moderado,217.47
2026-09-06,Colombia,Cali,23.5,Casa,3,17,Media,6,False,436.93,Moderado,327.7
2026-12-08,Colombia,Bogotá,14.3,Casa,4,10,Media,8,True,375.6,Moderado,281.7
2026-10-02,Colombia,Bucaramanga,23.5,Departamento,4,9,Alta,13,False,233.4,Eficiente,175.05
2026-08-23,Colombia,Barranquilla,29.0,Casa,3,9,Baja,2,True,193.34,Eficiente,145.0
2026-06-15,Perú,Lima,19.8,Casa,2,16,Media,5,False,381.8,Moderado,286.35
2026-01-15,Colombia,Medellín,22.5,Local,2,19,Baja,5,True,531.2,Ineficiente,398.4
2026-11-21,México,Monterrey,20.1,Departamento,3,13,Baja,3,True,133.06,Eficiente,99.8
2026-03-31,Colombia,Bucaramanga,23.0,Local,5,24,Baja,1,True,691.19,Ineficiente,518.39
2026-04-22,México,Mérida,28.1,Casa,2,7,Alta,15,True,315.08,Moderado,236.31
2026-10-25,Colombia,Bucaramanga,23.5,Local,5,12,Media,6,True,764.44,Ineficiente,573.33
2026-01-10,Colombia,Medellín,22.4,Casa,4,13,Media,8,False,346.29,Moderado,259.72
2026-04-01,México,Ciudad de México,17.5,Departamento,6,11,Media,8,False,232.04,Eficiente,174.03
2026-12-29,México,Monterrey,16.0,Casa,6,11,Alta,10,True,256.38,Moderado,192.28
2026-07-24,Colombia,Bucaramanga,21.4,Casa,3,17,Baja,2,True,280.75,Moderado,210.56
2026-01-04,Perú,Cusco,13.8,Casa,3,10,Media,8,True,380.94,Moderado,285.7
2026-09-03,Colombia,Medellín,22.0,Casa,4,9,Media,5,True,207.2,Eficiente,155.4
2026-12-15,México,Monterrey,16.5,Departamento,3,8,Media,9,True,209.32,Eficiente,156.99
2026-03-29,México,Monterrey,21.7,Departamento,2,12,Media,5,False,308.74,Moderado,231.56
2026-04-23,Colombia,Medellín,21.7,Casa,4,9,Media,10,False,298.15,Moderado,223.61
2026-08-08,México,Tijuana,23.7,Departamento,6,6,Baja,1,True,103.19,Eficiente,77.39
2026-08-05,México,Tijuana,23.7,Casa,4,13,Alta,12,False,436.39,Moderado,327.29
2026-03-07,México,Ciudad de México,15.4,Local,10,13,Media,10,True,803.7,Ineficiente,602.78
2026-10-12,Colombia,Bogotá,14.6,Casa,2,11,Media,5,False,281.03,Moderado,210.77
2026-08-26,México,Ciudad de México,17.3,Casa,2,13,Media,5,True,201.61,Eficiente,151.21
2026-12-29,Perú,Arequipa,16.7,Departamento,2,7,Media,8,True,186.2,Eficiente,139.65
2026-05-13,Perú,Cusco,11.5,Departamento,2,11,Alta,9,True,212.63,Eficiente,159.47
2026-04-12,Colombia,Bucaramanga,23.8,Local,8,21,Media,7,True,739.29,Ineficiente,554.47
2026-05-22,México,Tijuana,18.1,Casa,3,19,Alta,9,True,352.61,Moderado,264.46
2026-09-01,Colombia,Medellín,20.5,Casa,5,12,Alta,14,True,475.47,Ineficiente,356.6
2026-07-28,México,Ciudad de México,18.9,Casa,4,6,Alta,11,True,504.56,Ineficiente,378.42
2026-04-01,Perú,Lima,25.2,Casa,2,15,Media,6,True,327.78,Moderado,245.83
2026-12-11,México,Tijuana,15.8,Local,2,19,Media,5,True,510.33,Ineficiente,382.75
2026-07-05,México,Guadalajara,23.9,Casa,3,10,Baja,4,True,326.69,Moderado,245.02
2026-09-19,Colombia,Cali,22.1,Casa,3,11,Baja,5,True,297.19,Moderado,222.89
2026-01-26,México,Mérida,24.5,Casa,4,9,Alta,10,True,363.86,Moderado,272.9
2026-04-25,México,Mérida,29.2,Departamento,2,6,Alta,11,True,264.82,Moderado,198.62
2026-08-14,México,Mérida,31.5,Departamento,3,8,Media,6,True,156.72,Eficiente,117.54
2026-06-24,Colombia,Cali,22.6,Departamento,4,4,Media,8,False,198.72,Eficiente,149.04
2026-05-16,México,Guadalajara,25.6,Casa,7,10,Media,7,True,315.57,Moderado,236.68
2026-11-29,Perú,Puno,12.9,Casa,7,10,Alta,10,True,405.22,Moderado,303.92
2026-06-21,Colombia,Bucaramanga,21.1,Casa,3,16,Media,10,True,428.46,Moderado,321.34
2026-07-07,Perú,Cusco,10.0,Casa,2,13,Media,6,True,240.75,Eficiente,180.56
2026-08-22,Colombia,Medellín,20.3,Casa,6,13,Media,6,False,367.52,Moderado,275.64
2026-04-09,Perú,Cusco,12.2,Casa,6,9,Media,8,True,343.07,Moderado,257.3
2026-08-23,México,Tijuana,24.3,Local,2,14,Media,9,False,367.28,Moderado,275.46
2026-10-25,Perú,Cusco,12.1,Casa,6,12,Media,10,True,456.76,Ineficiente,342.57
2026-02-01,México,Mérida,24.6,Casa,5,8,Media,6,True,239.01,Eficiente,179.26
2026-03-27,Colombia,Bucaramanga,23.4,Local,15,14,Alta,15,True,1583.39,Ineficiente,1187.54
2026-08-31,México,Guadalajara,24.0,Departamento,2,7,Baja,2,True,168.66,Eficiente,126.5
2026-12-06,Perú,Lima,25.7,Departamento,3,7,Baja,6,True,162.98,Eficiente,122.23
2026-12-14,Perú,Arequipa,17.0,Departamento,2,8,Alta,15,True,215.03,Eficiente,161.27
2026-09-28,Colombia,Barranquilla,29.6,Casa,4,22,Alta,13,True,665.63,Ineficiente,499.22
2026-07-18,Colombia,Barranquilla,29.7,Local,3,11,Alta,8,True,922.52,Ineficiente,691.89
2026-10-21,Perú,Cusco,12.3,Casa,7,11,Baja,5,True,314.64,Moderado,235.98
2026-02-06,Perú,Puno,11.6,Casa,3,11,Baja,6,True,279.44,Moderado,209.58
2026-03-10,México,Ciudad de México,15.3,Local,10,24,Media,8,True,1131.08,Ineficiente,848.31
2026-11-03,México,Tijuana,18.4,Casa,4,15,Baja,2,True,291.4,Moderado,218.55
2026-03-26,Colombia,Medellín,22.7,Departamento,2,10,Baja,6,True,168.22,Eficiente,126.16
2026-03-09,Perú,Piura,30.0,Casa,6,9,Baja,2,True,206.43,Eficiente,154.82
2026-03-27,México,Ciudad de México,16.3,Casa,5,14,Baja,5,True,270.16,Moderado,202.62
2026-02-11,Colombia,Medellín,21.9,Casa,3,13,Baja,3,True,320.13,Moderado,240.1
2026-05-16,México,Ciudad de México,18.9,Casa,6,5,Media,8,False,264.83,Moderado,198.62
2026-04-24,Perú,Lima,24.0,Casa,6,11,Alta,9,True,300.67,Moderado,225.5
2026-05-31,México,Guadalajara,25.1,Casa,5,20,Alta,10,True,517.44,Ineficiente,388.08
2026-01-06,Colombia,Barranquilla,29.0,Local,10,15,Baja,6,True,897.97,Ineficiente,673.48
2026-09-17,México,Guadalajara,24.4,Casa,8,11,Media,7,True,303.2,Moderado,227.4
2026-09-08,México,Guadalajara,24.2,Local,8,22,Alta,10,False,1380.4,Ineficiente,1035.3
2026-08-13,México,Monterrey,31.7,Departamento,4,5,Alta,9,False,327.13,Moderado,245.35
2026-02-19,México,Guadalajara,19.5,Departamento,3,10,Media,10,False,200.63,Eficiente,150.47
2026-05-29,México,Guadalajara,26.2,Casa,4,13,Baja,2,True,207.88,Eficiente,155.91
2026-07-18,Perú,Piura,23.7,Local,8,13,Media,10,True,800.71,Ineficiente,600.53
2026-12-01,México,Ciudad de México,13.5,Local,10,11,Media,7,True,1016.56,Ineficiente,762.42
2026-12-16,Colombia,Barranquilla,27.6,Local,3,21,Alta,15,True,875.21,Ineficiente,656.41
2026-03-04,Colombia,Bogotá,13.3,Departamento,3,12,Baja,2,True,134.16,Eficiente,100.62
2026-07-06,Colombia,Cali,23.6,Local,8,13,Baja,4,False,425.84,Moderado,319.38
2026-04-26,Colombia,Bogotá,14.2,Casa,3,21,Media,4,True,530.12,Ineficiente,397.59
2026-08-25,Colombia,Bucaramanga,21.5,Local,1,16,Media,4,True,629.93,Ineficiente,472.45
2026-06-18,México,Ciudad de México,18.6,Local,3,21,Baja,1,True,483.75,Ineficiente,362.81
2026-09-06,México,Mérida,29.7,Local,8,19,Media,4,True,1007.25,Ineficiente,755.44
2026-09-26,Colombia,Medellín,20.4,Departamento,4,7,Media,5,True,247.06,Eficiente,185.3
2026-04-15,México,Tijuana,17.9,Local,8,19,Alta,13,True,1383.9,Ineficiente,1037.93
2026-03-02,Perú,Puno,12.4,Departamento,2,5,Media,9,False,188.95,Eficiente,141.71
2026-11-22,México,Monterrey,20.4,Departamento,1,11,Media,5,False,226.73,Eficiente,170.05
2026-01-19,México,Guadalajara,19.8,Local,15,13,Alta,11,True,842.02,Ineficiente,631.52
2026-09-04,Colombia,Medellín,20.6,Casa,4,6,Media,4,False,226.78,Eficiente,170.08
2026-10-02,Perú,Arequipa,16.8,Casa,5,8,Media,9,True,243.77,Eficiente,182.83
2026-04-03,México,Guadalajara,25.0,Casa,4,10,Baja,4,False,167.03,Eficiente,125.27
2026-07-27,Colombia,Bogotá,12.2,Local,2,21,Media,10,True,590.39,Ineficiente,442.79
2026-06-20,México,Mérida,30.8,Departamento,2,7,Alta,12,True,227.7,Eficiente,170.77
2026-02-13,Colombia,Medellín,22.5,Departamento,2,8,Media,4,True,99.74,Eficiente,74.8
2026-03-28,México,Guadalajara,21.9,Local,3,25,Baja,2,True,547.25,Ineficiente,410.44
2026-06-17,Perú,Piura,24.2,Casa,4,8,Media,6,True,343.66,Moderado,257.74
2026-10-04,México,Mérida,28.9,Departamento,2,8,Media,4,True,193.46,Eficiente,145.1
2026-05-06,México,Ciudad de México,19.2,Casa,4,13,Alta,9,True,504.64,Ineficiente,378.48
2026-05-14,Colombia,Medellín,21.3,Local,10,20,Media,9,True,1201.83,Ineficiente,901.37
2026-05-22,México,Tijuana,18.0,Casa,4,6,Alta,10,True,328.71,Moderado,246.53
2026-11-14,México,Guadalajara,21.9,Casa,7,11,Alta,15,False,488.47,Ineficiente,366.35
2026-10-04,Perú,Arequipa,16.8,Departamento,4,9,Alta,8,True,338.16,Moderado,253.62
2026-06-28,Colombia,Medellín,20.3,Casa,4,10,Media,7,False,297.71,Moderado,223.28
2026-05-12,México,Mérida,29.7,Casa,3,21,Alta,14,True,699.1,Ineficiente,524.33
2026-05-13,Colombia,Cali,24.7,Casa,2,21,Media,9,True,288.13,Moderado,216.1
2026-07-21,Colombia,Cali,24.0,Casa,5,10,Baja,5,False,296.25,Moderado,222.19
2026-04-15,Colombia,Medellín,22.9,Departamento,4,10,Media,7,True,120.21,Eficiente,90.16
2026-01-15,Colombia,Medellín,21.9,Casa,1,15,Alta,10,True,309.14,Moderado,231.86
2026-03-10,Colombia,Bogotá,13.9,Casa,5,21,Media,9,False,316.89,Moderado,237.67
2026-05-07,Perú,Cusco,11.7,Casa,4,15,Media,9,True,444.94,Moderado,333.7
2026-10-02,Perú,Puno,11.8,Casa,3,23,Baja,6,True,298.34,Moderado,223.76
2026-06-26,Colombia,Cali,23.3,Departamento,4,11,Media,4,True,153.01,Eficiente,114.76
2026-11-19,México,Tijuana,17.6,Casa,5,20,Baja,6,True,275.59,Moderado,206.69
2026-01-02,México,Ciudad de México,12.2,Departamento,2,13,Media,10,False,193.36,Eficiente,145.02
2026-09-26,México,Ciudad de México,18.8,Casa,7,14,Alta,11,False,638.94,Ineficiente,479.21
2026-03-15,México,Mérida,27.1,Casa,4,14,Media,10,True,358.67,Moderado,269.0
2026-08-14,México,Monterrey,30.1,Local,8,28,Alta,10,True,1101.39,Ineficiente,826.04
2026-09-24,Perú,Lima,18.0,Casa,1,18,Baja,5,True,230.94,Eficiente,173.2
2026-04-09,México,Guadalajara,23.8,Casa,3,11,Alta,12,True,282.31,Moderado,211.73
2026-01-23,México,Ciudad de México,12.1,Casa,4,20,Alta,9,False,401.15,Moderado,300.86
2026-05-02,México,Tijuana,18.2,Casa,5,9,Baja,1,False,207.63,Eficiente,155.72
2026-06-22,México,Monterrey,31.4,Casa,8,4,Media,8,True,380.06,Moderado,285.04
2026-09-20,México,Tijuana,24.0,Departamento,2,5,Alta,11,True,313.23,Moderado,234.92
2026-09-02,Colombia,Cali,23.7,Local,8,30,Media,7,True,747.09,Ineficiente,560.32
2026-12-16,México,Guadalajara,18.1,Casa,4,10,Media,6,True,296.34,Moderado,222.26
2026-12-05,Perú,Piura,28.3,Casa,7,10,Baja,1,True,254.4,Moderado,190.8
2026-05-21,México,Mérida,30.1,Casa,6,13,Media,5,True,335.92,Moderado,251.94
2026-03-04,México,Tijuana,15.3,Departamento,3,12,Alta,15,False,445.48,Moderado,334.11
2026-12-20,México,Mérida,25.0,Departamento,4,8,Alta,13,False,475.98,Ineficiente,356.98
2026-10-31,Perú,Puno,11.7,Casa,5,15,Media,7,True,271.62,Moderado,203.72
2026-02-25,México,Guadalajara,20.5,Departamento,3,5,Baja,5,True,175.84,Eficiente,131.88
2026-09-26,México,Tijuana,23.1,Casa,7,19,Media,8,True,294.03,Moderado,220.52
2026-06-23,México,Guadalajara,24.4,Casa,3,9,Media,9,False,347.13,Moderado,260.35
2026-10-04,Colombia,Bogotá,13.3,Casa,6,8,Media,5,False,295.82,Moderado,221.86
2026-11-28,Colombia,Medellín,21.6,Casa,2,17,Baja,6,True,221.67,Eficiente,166.25
2026-01-14,Colombia,Bogotá,13.5,Local,5,28,Media,7,True,898.32,Ineficiente,673.74
2026-01-18,México,Tijuana,13.6,Departamento,3,5,Baja,1,False,119.53,Eficiente,89.65
2026-04-16,México,Monterrey,26.3,Casa,3,11,Media,6,False,328.82,Moderado,246.62
2026-09-08,Perú,Piura,25.0,Departamento,5,11,Alta,10,False,329.23,Moderado,246.92
2026-12-29,Colombia,Medellín,22.0,Local,1,21,Baja,3,True,309.94,Moderado,232.46
2026-12-28,Colombia,Cali,23.9,Casa,6,11,Baja,1,True,270.79,Moderado,203.09
2026-07-24,México,Ciudad de México,17.4,Departamento,2,6,Alta,11,True,357.54,Moderado,268.16
2026-06-03,Perú,Lima,20.4,Casa,8,13,Media,5,False,420.3,Moderado,315.23
2026-01-07,Perú,Piura,28.0,Casa,2,13,Media,10,True,297.63,Moderado,223.22
2026-01-03,Colombia,Barranquilla,27.4,Departamento,2,7,Baja,3,False,182.58,Eficiente,136.94
2026-06-25,Colombia,Bucaramanga,21.5,Departamento,4,5,Baja,5,True,136.63,Eficiente,102.47
2026-11-09,México,Tijuana,17.3,Casa,3,12,Alta,9,False,254.4,Moderado,190.8
2026-08-23,Perú,Cusco,10.6,Casa,4,13,Baja,5,False,281.63,Moderado,211.22
2026-09-20,Colombia,Bucaramanga,22.7,Casa,4,9,Media,9,True,343.0,Moderado,257.25
2026-03-02,México,Tijuana,16.2,Departamento,3,6,Media,7,True,157.9,Eficiente,118.43
2026-03-31,México,Ciudad de México,15.4,Departamento,3,7,Media,4,True,169.01,Eficiente,126.76
2026-05-11,Colombia,Medellín,21.1,Casa,8,19,Baja,3,True,425.82,Moderado,319.36
2026-05-29,Perú,Lima,21.1,Casa,4,10,Baja,1,True,279.0,Moderado,209.25
2026-06-13,Colombia,Medellín,21.6,Casa,6,15,Media,4,True,285.98,Moderado,214.48
2026-06-02,Colombia,Barranquilla,28.2,Departamento,3,6,Baja,2,True,216.27,Eficiente,162.2
2026-01-25,México,Tijuana,14.3,Casa,2,13,Media,9,True,283.63,Moderado,212.72
2026-09-19,Colombia,Bucaramanga,22.6,Departamento,1,13,Alta,15,True,330.43,Moderado,247.82
2026-12-05,Colombia,Cali,24.6,Casa,7,8,Media,7,True,243.93,Eficiente,182.95
2026-09-18,Colombia,Bogotá,12.1,Casa,3,14,Baja,1,False,242.74,Eficiente,182.06
2026-09-29,Colombia,Cali,23.5,Casa,4,22,Media,4,True,225.34,Eficiente,169.0
2026-10-08,Perú,Arequipa,15.1,Casa,6,5,Alta,10,True,236.26,Eficiente,177.2
2026-10-05,Colombia,Barranquilla,28.6,Casa,2,15,Media,5,True,286.54,Moderado,214.91
2026-11-19,Perú,Cusco,14.5,Casa,4,21,Alta,10,False,536.93,Ineficiente,402.7
2026-11-09,Colombia,Cali,23.3,Casa,4,11,Media,6,False,292.19,Moderado,219.14
2026-09-07,México,Tijuana,23.6,Departamento,3,9,Baja,5,False,130.79,Eficiente,98.09
2026-06-03,Perú,Puno,8.4,Casa,5,17,Baja,5,False,314.58,Moderado,235.94
2026-05-04,México,Tijuana,18.6,Local,2,15,Media,8,True,392.02,Moderado,294.02
2026-07-14,México,Guadalajara,23.2,Casa,5,14,Alta,14,True,512.6,Ineficiente,384.45
2026-01-20,Colombia,Bucaramanga,22.8,Casa,6,12,Alta,10,True,626.14,Ineficiente,469.6
2026-12-22,México,Tijuana,15.0,Casa,2,16,Media,8,True,428.19,Moderado,321.14
2026-01-13,Perú,Puno,12.3,Casa,7,10,Baja,2,False,163.77,Eficiente,122.83
2026-02-01,México,Mérida,24.8,Departamento,2,13,Baja,2,True,130.82,Eficiente,98.12
2026-05-01,México,Tijuana,19.8,Departamento,2,11,Alta,14,True,252.37,Moderado,189.28
2026-05-24,México,Mérida,29.5,Casa,8,16,Baja,5,False,543.99,Ineficiente,407.99
2026-07-17,Colombia,Bogotá,13.4,Local,2,17,Media,7,True,423.89,Moderado,317.92
2026-10-17,Colombia,Cali,23.3,Casa,2,16,Media,6,False,456.13,Ineficiente,342.1
2026-06-18,Colombia,Medellín,20.8,Departamento,8,13,Alta,12,False,396.64,Moderado,297.48
2026-07-06,Perú,Cusco,9.2,Local,3,18,Alta,8,True,684.7,Ineficiente,513.53
2026-11-15,México,Mérida,27.5,Local,2,20,Media,10,True,623.03,Ineficiente,467.27
2026-09-17,Perú,Puno,10.9,Casa,4,5,Alta,12,True,312.84,Moderado,234.63
2026-09-03,Perú,Puno,9.1,Departamento,2,5,Alta,11,True,258.53,Moderado,193.9
2026-08-02,Perú,Piura,23.9,Casa,2,21,Media,4,True,320.35,Moderado,240.26
2026-03-02,México,Mérida,27.5,Casa,4,16,Media,4,False,319.32,Moderado,239.49
2026-01-14,Colombia,Bucaramanga,24.0,Local,5,24,Media,6,True,641.31,Ineficiente,480.98
2026-04-16,México,Mérida,30.0,Departamento,2,13,Alta,12,False,335.21,Moderado,251.41
2026-05-05,México,Monterrey,28.2,Departamento,2,9,Media,9,False,251.69,Moderado,188.77
2026-08-05,México,Tijuana,23.4,Departamento,2,4,Alta,12,True,201.99,Eficiente,151.49
2026-02-22,México,Ciudad de México,13.1,Casa,6,15,Media,6,True,246.19,Eficiente,184.64
2026-01-25,México,Mérida,24.3,Casa,6,20,Media,10,True,460.63,Ineficiente,345.47
2026-10-17,México,Mérida,29.6,Departamento,3,3,Media,7,False,162.55,Eficiente,121.91
2026-08-16,Colombia,Barranquilla,28.8,Departamento,2,8,Media,8,False,184.21,Eficiente,138.16
2026-06-11,México,Monterrey,30.7,Departamento,1,7,Media,10,True,253.24,Moderado,189.93
2026-09-27,Colombia,Cali,22.6,Local,10,21,Baja,3,True,769.83,Ineficiente,577.37
2026-03-27,México,Guadalajara,21.5,Casa,5,23,Alta,11,True,498.65,Ineficiente,373.99
2026-08-02,Colombia,Medellín,20.3,Casa,1,7,Baja,6,True,166.88,Eficiente,125.16
2026-07-24,Colombia,Barranquilla,28.0,Casa,5,15,Media,7,True,561.75,Ineficiente,421.31
2026-05-26,Perú,Puno,9.9,Casa,5,11,Alta,15,False,391.01,Moderado,293.26
2026-09-14,Colombia,Bucaramanga,22.6,Departamento,3,4,Media,4,False,171.76,Eficiente,128.82
2026-09-19,México,Ciudad de México,17.2,Departamento,3,7,Alta,14,True,177.34,Eficiente,133.0
2026-11-08,México,Ciudad de México,15.5,Departamento,3,10,Alta,15,True,433.32,Moderado,324.99
2026-11-27,México,Tijuana,18.6,Departamento,2,6,Media,7,False,218.84,Eficiente,164.13
2026-02-28,Perú,Lima,27.5,Local,15,20,Media,10,True,1593.16,Ineficiente,1194.87
2026-10-06,Colombia,Medellín,23.0,Casa,7,7,Baja,2,True,259.54,Moderado,194.66
2026-11-27,Perú,Piura,26.2,Departamento,5,7,Alta,9,False,166.58,Eficiente,124.94
2026-02-04,Colombia,Bucaramanga,23.1,Departamento,4,7,Media,5,True,266.08,Moderado,199.56
2026-06-26,México,Mérida,31.5,Departamento,2,12,Baja,2,False,135.72,Eficiente,101.79
2026-11-23,Perú,Cusco,13.1,Casa,8,21,Baja,5,True,241.61,Eficiente,181.21
2026-09-20,México,Tijuana,22.0,Departamento,1,9,Alta,8,True,153.65,Eficiente,115.24
2026-03-25,Perú,Arequipa,17.5,Local,8,13,Media,4,True,606.1,Ineficiente,454.58
2026-04-12,México,Ciudad de México,18.8,Local,15,12,Baja,3,False,701.18,Ineficiente,525.88
2026-04-16,Colombia,Medellín,21.8,Departamento,4,7,Alta,13,False,416.55,Moderado,312.41
2026-02-01,Perú,Piura,28.9,Departamento,2,7,Media,8,False,261.2,Moderado,195.9
2026-02-11,Colombia,Barranquilla,27.3,Departamento,3,8,Alta,11,False,135.91,Eficiente,101.93
2026-03-14,Perú,Piura,28.7,Departamento,2,5,Baja,1,True,146.81,Eficiente,110.11
2026-04-26,México,Tijuana,16.3,Departamento,2,9,Alta,10,True,182.64,Eficiente,136.98
2026-02-20,México,Ciudad de México,13.6,Departamento,2,11,Media,9,False,229.86,Eficiente,172.4
2026-08-18,México,Ciudad de México,17.9,Casa,4,12,Alta,10,False,407.44,Moderado,305.58
2026-05-02,Perú,Piura,26.6,Departamento,3,9,Baja,6,True,218.69,Eficiente,164.02
2026-03-01,Perú,Arequipa,17.1,Local,8,12,Media,9,False,754.07,Ineficiente,565.55
2026-10-05,Perú,Piura,24.2,Local,5,27,Alta,11,True,1009.23,Ineficiente,756.92
2026-05-13,México,Guadalajara,25.0,Local,3,17,Media,7,True,651.15,Ineficiente,488.36
2026-07-20,México,Monterrey,32.3,Casa,6,7,Media,6,True,374.11,Moderado,280.58
2026-02-04,Colombia,Barranquilla,28.0,Casa,5,14,Baja,3,False,216.09,Eficiente,162.07
2026-04-22,Colombia,Cali,23.8,Departamento,2,11,Media,8,True,238.22,Eficiente,178.66
2026-10-08,Perú,Lima,20.3,Casa,2,17,Baja,3,True,171.83,Eficiente,128.87
2026-07-21,México,Tijuana,23.3,Departamento,4,12,Alta,10,False,313.1,Moderado,234.82
2026-11-22,Perú,Lima,22.0,Casa,6,19,Alta,12,True,625.64,Ineficiente,469.23
2026-07-14,México,Guadalajara,23.7,Casa,4,21,Alta,15,True,620.88,Ineficiente,465.66
2026-05-03,Colombia,Barranquilla,29.4,Local,8,17,Media,10,True,1110.25,Ineficiente,832.69
2026-01-15,Colombia,Bucaramanga,22.5,Casa,3,17,Alta,11,True,243.15,Eficiente,182.36
2026-10-02,México,Monterrey,24.6,Casa,6,6,Baja,3,True,223.62,Eficiente,167.72
2026-08-01,Colombia,Bogotá,13.6,Departamento,4,8,Media,10,False,198.36,Eficiente,148.77
2026-08-23,Colombia,Medellín,20.6,Local,1,23,Alta,15,True,1117.63,Ineficiente,838.22
2026-08-18,México,Ciudad de México,17.2,Local,15,14,Alta,12,False,890.09,Ineficiente,667.57
2026-07-28,Perú,Lima,18.6,Casa,2,11,Media,7,True,298.33,Moderado,223.75
2026-06-24,México,Monterrey,31.9,Departamento,4,10,Media,10,True,439.85,Moderado,329.89
2026-04-05,Perú,Cusco,12.2,Casa,3,12,Media,9,True,343.98,Moderado,257.98
2026-09-05,México,Ciudad de México,18.5,Casa,8,15,Baja,2,False,333.06,Moderado,249.8
2026-10-21,México,Guadalajara,23.0,Casa,2,12,Baja,5,True,246.71,Eficiente,185.03
2026-04-21,Perú,Piura,27.9,Departamento,4,6,Baja,4,False,124.97,Eficiente,93.73
2026-06-19,México,Mérida,30.7,Casa,4,6,Media,5,True,342.52,Moderado,256.89
2026-07-21,Colombia,Barranquilla,29.0,Departamento,3,8,Alta,12,True,440.17,Moderado,330.13
2026-09-23,Colombia,Bogotá,12.5,Casa,7,12,Media,10,True,398.61,Moderado,298.96
2026-02-11,Colombia,Bucaramanga,23.5,Casa,6,11,Baja,2,False,171.7,Eficiente,128.77
2026-06-11,Perú,Arequipa,14.2,Departamento,1,9,Media,10,True,179.85,Eficiente,134.89
2026-07-11,México,Mérida,31.8,Departamento,4,11,Alta,9,True,414.47,Moderado,310.85
2026-03-10,México,Guadalajara,21.7,Casa,7,15,Media,8,False,393.47,Moderado,295.1
2026-04-24,Perú,Lima,25.8,Departamento,2,12,Media,8,True,223.63,Eficiente,167.72
2026-01-03,México,Tijuana,14.0,Casa,1,9,Alta,15,True,391.73,Moderado,293.8
2026-02-02,Perú,Piura,30.0,Casa,3,20,Media,8,False,578.39,Ineficiente,433.79
2026-03-20,Colombia,Barranquilla,29.2,Local,10,24,Media,8,True,1215.23,Ineficiente,911.42
2026-01-03,México,Ciudad de México,13.0,Local,10,14,Baja,2,True,494.06,Ineficiente,370.54
2026-09-11,Perú,Cusco,12.0,Casa,5,11,Alta,15,True,524.92,Ineficiente,393.69
2026-04-05,Colombia,Barranquilla,28.5,Local,5,23,Alta,13,True,2026.83,Ineficiente,1520.12
2026-10-02,Colombia,Bogotá,13.1,Departamento,3,13,Media,8,False,294.94,Moderado,221.2
2026-01-27,México,Guadalajara,19.9,Casa,5,17,Alta,8,False,533.59,Ineficiente,400.19
2026-02-02,México,Ciudad de México,14.6,Departamento,2,10,Alta,14,True,203.04,Eficiente,152.28
2026-10-22,Colombia,Medellín,22.8,Local,15,25,Alta,14,True,1470.46,Ineficiente,1102.84
2026-08-13,México,Ciudad de México,18.0,Local,20,17,Media,7,True,1441.13,Ineficiente,1080.85
2026-02-06,México,Mérida,24.6,Departamento,4,6,Baja,2,False,190.32,Eficiente,142.74
2026-05-13,Colombia,Barranquilla,29.3,Departamento,3,7,Baja,1,True,215.68,Eficiente,161.76
2026-01-25,Colombia,Bucaramanga,22.9,Local,5,22,Alta,12,True,1636.92,Ineficiente,1227.69
2026-02-16,México,Tijuana,14.9,Departamento,2,12,Media,7,True,174.41,Eficiente,130.81
2026-06-22,México,Mérida,31.8,Casa,4,11,Baja,1,True,309.28,Moderado,231.96
2026-10-30,Colombia,Cali,23.1,Casa,4,10,Media,8,True,225.02,Eficiente,168.76
2026-12-15,México,Guadalajara,19.3,Departamento,1,6,Baja,6,True,164.07,Eficiente,123.05
2026-01-26,México,Tijuana,13.9,Casa,7,20,Baja,6,True,324.53,Moderado,243.4
2026-09-21,México,Monterrey,28.4,Casa,4,8,Alta,11,True,581.81,Ineficiente,436.36
2026-11-03,México,Ciudad de México,14.8,Casa,2,16,Alta,15,True,329.57,Moderado,247.18
2026-02-10,México,Guadalajara,20.3,Departamento,3,8,Media,5,False,162.11,Eficiente,121.58
2026-05-29,Colombia,Medellín,22.8,Local,2,22,Baja,2,True,541.3,Ineficiente,405.98
2026-11-25,Colombia,Bogotá,14.2,Casa,6,14,Media,5,True,366.7,Moderado,275.02
2026-08-11,México,Mérida,30.8,Local,8,31,Alta,8,True,1040.31,Ineficiente,780.23
2026-12-02,Perú,Arequipa,16.9,Departamento,4,5,Alta,12,False,360.23,Moderado,270.17
2026-02-27,Perú,Puno,12.5,Departamento,2,10,Alta,9,True,269.48,Moderado,202.11
2026-03-13,Perú,Puno,12.1,Local,5,26,Baja,1,True,422.56,Moderado,316.92
2026-09-27,México,Mérida,29.6,Departamento,3,6,Media,10,True,198.26,Eficiente,148.7
2026-10-15,Perú,Piura,24.8,Casa,5,11,Media,4,False,391.58,Moderado,293.68
2026-08-02,Perú,Arequipa,14.2,Departamento,4,10,Baja,3,True,137.26,Eficiente,102.94
2026-12-01,México,Tijuana,15.3,Casa,7,22,Media,10,True,502.25,Ineficiente,376.69
2026-09-17,Colombia,Cali,22.9,Casa,1,8,Media,10,True,290.0,Moderado,217.5
2026-12-22,México,Monterrey,15.7,Casa,5,12,Media,9,False,365.74,Moderado,274.3
2026-03-25,Perú,Piura,29.4,Casa,5,10,Alta,8,False,434.53,Moderado,325.9
2026-01-21,México,Tijuana,14.9,Local,5,20,Alta,13,True,842.08,Ineficiente,631.56
2026-04-15,Perú,Piura,28.7,Casa,7,10,Media,9,True,513.26,Ineficiente,384.94
2026-05-03,México,Guadalajara,25.2,Casa,4,14,Media,9,True,345.81,Moderado,259.36
2026-03-09,México,Mérida,27.7,Casa,4,18,Alta,14,True,520.62,Ineficiente,390.46
2026-05-21,Colombia,Medellín,21.4,Departamento,2,9,Media,6,False,252.31,Moderado,189.23
2026-10-05,México,Guadalajara,23.6,Casa,3,16,Media,8,False,266.19,Moderado,199.64
2026-01-13,Perú,Lima,27.4,Casa,10,13,Baja,6,True,382.94,Moderado,287.2
2026-06-15,Colombia,Cali,22.6,Departamento,1,12,Baja,1,True,163.65,Eficiente,122.74
2026-03-01,México,Mérida,27.9,Casa,4,10,Alta,12,True,429.92,Moderado,322.44
2026-03-03,Perú,Puno,11.1,Departamento,3,7,Alta,14,True,424.67,Moderado,318.5
2026-01-28,México,Ciudad de México,14.0,Local,20,34,Baja,4,True,637.99,Ineficiente,478.49
2026-08-12,Colombia,Medellín,21.2,Departamento,1,6,Alta,9,False,151.96,Eficiente,113.97
2026-07-06,México,Monterrey,32.0,Casa,3,7,Media,10,True,334.42,Moderado,250.82
2026-01-11,México,Mérida,24.5,Casa,5,21,Media,5,False,572.39,Ineficiente,429.29
2026-11-10,México,Monterrey,20.9,Casa,4,11,Baja,6,True,273.13,Moderado,204.85
2026-09-05,Perú,Piura,24.6,Casa,3,10,Media,7,True,284.57,Moderado,213.43
2026-01-30,Perú,Piura,28.4,Casa,6,15,Media,8,True,374.55,Moderado,280.91
2026-02-09,México,Tijuana,15.9,Departamento,5,6,Baja,3,False,161.69,Eficiente,121.27
2026-09-17,Colombia,Bucaramanga,22.0,Casa,8,11,Alta,10,True,675.85,Ineficiente,506.89
2026-08-31,México,Guadalajara,24.8,Casa,2,17,Media,7,True,371.45,Moderado,278.59
2026-08-04,Colombia,Bogotá,13.5,Casa,5,20,Baja,5,False,312.6,Moderado,234.45
2026-11-13,México,Ciudad de México,15.1,Local,5,21,Alta,15,True,896.7,Ineficiente,672.53
2026-07-29,México,Mérida,31.1,Casa,8,18,Baja,3,True,345.57,Moderado,259.18
2026-04-28,México,Tijuana,16.3,Local,5,18,Alta,12,True,771.24,Ineficiente,578.43
2026-05-11,México,Mérida,30.7,Departamento,2,6,Media,7,False,225.84,Eficiente,169.38
2026-05-12,México,Guadalajara,26.3,Local,8,15,Media,9,True,528.54,Ineficiente,396.4
2026-07-30,México,Tijuana,22.5,Casa,3,12,Media,10,True,257.46,Moderado,193.09
2026-10-01,México,Mérida,28.8,Departamento,3,12,Alta,13,True,537.25,Ineficiente,402.94
2026-11-09,Perú,Piura,27.7,Casa,8,9,Alta,13,True,440.63,Moderado,330.47
2026-09-29,Perú,Arequipa,14.3,Casa,5,8,Media,6,True,254.38,Moderado,190.78
2026-10-04,Colombia,Bogotá,13.5,Departamento,2,9,Alta,13,True,350.93,Moderado,263.2
2026-07-10,Colombia,Medellín,21.8,Casa,6,9,Baja,2,False,194.35,Eficiente,145.76
2026-07-24,México,Monterrey,31.5,Casa,2,20,Alta,11,True,316.51,Moderado,237.38
2026-11-27,Perú,Piura,26.1,Local,15,18,Alta,15,True,1442.83,Ineficiente,1082.12
2026-05-26,México,Ciudad de México,18.9,Local,2,15,Baja,6,True,659.2,Ineficiente,494.4
2026-08-08,Colombia,Medellín,21.0,Casa,4,17,Baja,3,False,345.63,Moderado,259.22
2026-04-27,Colombia,Medellín,22.1,Departamento,2,5,Media,6,True,112.72,Eficiente,84.54
2026-10-22,Perú,Piura,24.7,Departamento,3,11,Media,5,False,295.91,Moderado,221.93
2026-12-13,Colombia,Medellín,21.0,Departamento,2,10,Baja,1,True,206.71,Eficiente,155.03
2026-03-03,México,Mérida,27.3,Departamento,1,10,Baja,3,False,170.49,Eficiente,127.87
2026-08-22,Colombia,Bogotá,12.8,Casa,3,12,Alta,8,True,296.98,Moderado,222.74
2026-04-12,México,Guadalajara,23.8,Departamento,1,6,Baja,4,True,115.03,Eficiente,86.27
2026-02-16,México,Tijuana,14.3,Casa,3,7,Media,8,True,366.22,Moderado,274.67
2026-11-07,México,Ciudad de México,15.3,Casa,5,7,Baja,3,False,205.95,Eficiente,154.46
2026-12-29,México,Mérida,24.9,Departamento,1,7,Baja,6,True,168.42,Eficiente,126.32
2026-01-16,Colombia,Bucaramanga,23.6,Casa,8,14,Media,4,True,414.22,Moderado,310.67
2026-10-04,Colombia,Medellín,21.3,Departamento,3,7,Media,9,False,261.07,Moderado,195.8
2026-02-10,Colombia,Bogotá,14.3,Casa,4,18,Alta,10,False,470.88,Ineficiente,353.16
2026-05-26,México,Monterrey,29.6,Casa,8,19,Media,8,True,547.98,Ineficiente,410.98
2026-11-17,México,Guadalajara,21.9,Departamento,1,7,Baja,3,True,207.65,Eficiente,155.74
2026-05-18,Colombia,Bogotá,13.7,Departamento,3,10,Alta,13,True,264.75,Moderado,198.56
2026-08-13,Perú,Cusco,10.3,Departamento,1,7,Media,5,True,145.8,Eficiente,109.35
2026-12-10,Perú,Puno,12.6,Casa,5,8,Alta,14,True,475.18,Ineficiente,356.38
2026-08-11,Colombia,Medellín,20.1,Local,5,21,Alta,14,True,1227.0,Ineficiente,920.25
2026-02-20,México,Ciudad de México,14.8,Local,8,18,Media,6,False,546.96,Ineficiente,410.22
2026-02-19,México,Ciudad de México,14.8,Casa,3,10,Media,9,False,346.26,Moderado,259.7
2026-03-19,México,Ciudad de México,15.7,Local,8,19,Alta,14,False,1284.1,Ineficiente,963.08
2026-04-28,Perú,Arequipa,15.4,Casa,6,15,Baja,5,True,230.99,Eficiente,173.24
2026-10-14,Perú,Lima,21.4,Casa,8,7,Media,7,True,393.08,Moderado,294.81
2026-04-27,Perú,Lima,25.9,Casa,5,9,Media,7,True,273.9,Moderado,205.42
2026-05-04,México,Ciudad de México,19.2,Casa,4,16,Media,7,True,372.71,Moderado,279.53
2026-01-30,Colombia,Bogotá,14.8,Casa,5,11,Media,4,True,234.52,Eficiente,175.89
2026-10-15,Colombia,Medellín,22.2,Casa,3,25,Alta,10,True,472.36,Ineficiente,354.27
2026-05-15,México,Guadalajara,27.0,Casa,5,7,Media,5,True,253.62,Moderado,190.22
2026-06-25,Colombia,Barranquilla,29.7,Departamento,3,7,Alta,12,False,412.76,Moderado,309.57
2026-04-10,México,Guadalajara,24.7,Casa,2,9,Alta,9,False,324.99,Moderado,243.74
2026-12-25,Perú,Piura,27.3,Departamento,4,5,Alta,15,False,331.79,Moderado,248.84
2026-05-03,Colombia,Medellín,21.9,Casa,6,9,Media,8,False,365.54,Moderado,274.16
2026-01-20,Colombia,Medellín,22.1,Casa,2,12,Alta,9,False,313.27,Moderado,234.95
2026-05-18,Perú,Arequipa,14.9,Local,15,25,Baja,4,True,603.28,Ineficiente,452.46
2026-07-03,Perú,Lima,18.8,Casa,7,7,Baja,3,True,219.15,Eficiente,164.36
2026-11-15,Colombia,Barranquilla,28.8,Casa,3,11,Baja,6,False,333.43,Moderado,250.07
2026-03-02,Perú,Piura,28.4,Departamento,4,6,Media,4,False,251.7,Moderado,188.77
2026-08-12,México,Tijuana,24.9,Departamento,2,10,Baja,2,False,79.05,Eficiente,59.29
2026-11-27,Colombia,Medellín,22.4,Casa,2,11,Alta,9,True,362.41,Moderado,271.81
2026-11-30,Colombia,Cali,23.6,Casa,3,8,Baja,5,True,309.7,Moderado,232.27
2026-09-06,México,Monterrey,29.0,Casa,1,6,Baja,5,True,180.47,Eficiente,135.35
2026-01-10,Colombia,Cali,24.6,Departamento,3,9,Baja,4,True,138.35,Eficiente,103.76
2026-04-18,Perú,Piura,27.3,Local,8,19,Media,4,True,653.77,Ineficiente,490.33
2026-06-25,México,Monterrey,30.5,Departamento,4,8,Alta,14,False,394.81,Moderado,296.11
2026-05-02,Perú,Lima,21.8,Departamento,3,5,Baja,1,False,144.69,Eficiente,108.52
2026-01-16,Perú,Piura,28.9,Casa,8,21,Media,8,True,684.88,Ineficiente,513.66
2026-07-28,México,Guadalajara,24.0,Casa,3,12,Baja,5,True,312.38,Moderado,234.28
2026-07-09,Colombia,Medellín,20.8,Departamento,3,6,Baja,1,True,140.39,Eficiente,105.29
2026-01-17,Colombia,Bucaramanga,22.8,Casa,3,11,Media,4,True,220.99,Eficiente,165.74
2026-06-24,México,Tijuana,20.0,Departamento,2,7,Baja,5,True,185.38,Eficiente,139.04
2026-07-08,México,Guadalajara,23.9,Casa,4,12,Alta,9,True,420.31,Moderado,315.23
2026-04-13,México,Ciudad de México,18.2,Departamento,1,5,Baja,2,True,169.79,Eficiente,127.34
2026-12-08,Perú,Cusco,14.0,Casa,8,18,Media,8,True,472.62,Ineficiente,354.46
2026-02-26,Colombia,Medellín,22.4,Casa,5,17,Media,7,False,421.95,Moderado,316.46
2026-11-18,México,Guadalajara,21.9,Casa,4,8,Media,6,True,284.58,Moderado,213.44
2026-04-19,Perú,Puno,11.2,Casa,4,12,Alta,15,False,471.51,Ineficiente,353.63
2026-02-12,Colombia,Bucaramanga,22.2,Departamento,6,9,Alta,10,True,367.05,Moderado,275.29
2026-08-04,Perú,Lima,18.5,Departamento,4,6,Media,6,True,248.57,Eficiente,186.43
2026-09-21,México,Tijuana,23.2,Casa,8,9,Media,4,False,226.18,Eficiente,169.64
2026-12-04,Perú,Arequipa,16.2,Departamento,2,12,Alta,11,True,266.4,Moderado,199.8
2026-08-24,México,Monterrey,30.3,Departamento,3,10,Baja,5,True,207.64,Eficiente,155.73
2026-08-09,Colombia,Bucaramanga,21.9,Local,15,16,Baja,5,True,1073.89,Ineficiente,805.42
2026-10-08,México,Ciudad de México,16.8,Casa,2,10,Media,7,False,265.88,Moderado,199.41
2026-07-22,Colombia,Barranquilla,29.0,Local,8,22,Media,8,True,543.14,Ineficiente,407.36
2026-04-03,Perú,Lima,25.4,Casa,5,9,Baja,6,False,241.8,Eficiente,181.35
2026-08-20,Colombia,Bucaramanga,21.6,Casa,3,13,Alta,15,True,475.16,Ineficiente,356.37
2026-12-04,Colombia,Barranquilla,28.2,Local,10,22,Media,10,True,1090.78,Ineficiente,818.08
2026-01-20,México,Ciudad de México,12.5,Casa,7,20,Alta,10,True,829.34,Ineficiente,622.0
2026-11-21,Perú,Arequipa,16.5,Departamento,2,8,Baja,5,False,161.16,Eficiente,120.87
2026-06-22,Perú,Cusco,11.8,Casa,6,4,Media,6,False,212.24,Eficiente,159.18
2026-07-16,Perú,Cusco,9.9,Local,20,29,Alta,15,True,1969.35,Ineficiente,1477.01
2026-01-14,México,Guadalajara,19.7,Casa,6,14,Media,7,True,423.86,Moderado,317.9
2026-05-26,Perú,Piura,26.9,Local,8,20,Media,9,True,589.17,Ineficiente,441.88
2026-03-02,México,Mérida,26.1,Casa,7,9,Baja,4,True,332.67,Moderado,249.5
2026-05-04,Perú,Arequipa,15.0,Casa,6,10,Baja,5,True,295.16,Moderado,221.37
2026-08-01,Perú,Lima,17.2,Casa,4,13,Media,9,False,283.47,Moderado,212.6
2026-10-29,México,Ciudad de México,17.6,Casa,4,6,Alta,13,False,516.85,Ineficiente,387.64
2026-04-29,México,Mérida,28.1,Casa,4,11,Media,5,False,246.8,Eficiente,185.1
2026-09-28,Perú,Piura,23.9,Local,10,24,Baja,4,False,782.76,Ineficiente,587.07
2026-06-11,México,Guadalajara,25.8,Departamento,3,8,Media,10,False,178.4,Eficiente,133.8
2026-09-26,Perú,Cusco,12.7,Departamento,3,6,Baja,2,True,128.12,Eficiente,96.09
2026-11-21,México,Mérida,26.9,Local,3,16,Baja,5,True,380.65,Moderado,285.49
2026-04-20,México,Tijuana,16.6,Local,20,15,Alta,8,False,1938.28,Ineficiente,1453.71
2026-02-22,Colombia,Bogotá,13.1,Local,2,11,Alta,9,True,1052.5,Ineficiente,789.38
2026-10-25,México,Guadalajara,22.9,Departamento,3,7,Baja,5,False,173.31,Eficiente,129.98
2026-01-31,Perú,Cusco,14.6,Casa,3,12,Media,6,True,343.17,Moderado,257.38
2026-07-10,México,Guadalajara,24.0,Casa,7,14,Alta,14,True,767.35,Ineficiente,575.51
2026-11-19,México,Guadalajara,21.3,Departamento,3,8,Baja,4,True,92.44,Eficiente,69.33
2026-08-09,Colombia,Cali,22.2,Departamento,2,7,Media,6,True,226.01,Eficiente,169.51
2026-06-11,México,Guadalajara,24.3,Casa,6,13,Alta,8,False,346.45,Moderado,259.84
2026-07-18,México,Guadalajara,24.7,Casa,4,9,Alta,14,False,500.29,Ineficiente,375.22
2026-10-11,Perú,Piura,24.5,Local,8,12,Media,8,True,653.68,Ineficiente,490.26
2026-08-12,México,Tijuana,24.5,Departamento,3,11,Alta,13,True,252.84,Moderado,189.63
2026-02-25,Perú,Piura,29.7,Casa,5,10,Baja,4,True,231.31,Eficiente,173.48
2026-02-14,Perú,Lima,27.7,Casa,8,13,Alta,9,True,554.97,Ineficiente,416.23
2026-12-10,Perú,Cusco,13.3,Casa,6,12,Alta,9,False,553.8,Ineficiente,415.35
2026-09-04,Perú,Lima,20.0,Casa,1,6,Media,6,False,248.96,Eficiente,186.72
2026-12-20,Perú,Lima,24.6,Casa,3,6,Media,8,True,354.74,Moderado,266.06
2026-06-23,Colombia,Bogotá,12.1,Local,5,14,Baja,3,False,278.63,Moderado,208.97
2026-12-19,Colombia,Cali,24.1,Departamento,2,8,Media,6,False,178.08,Eficiente,133.56
2026-01-11,México,Guadalajara,18.7,Local,5,18,Alta,9,True,992.8,Ineficiente,744.6
2026-11-07,México,Tijuana,18.8,Departamento,3,8,Media,8,True,285.54,Moderado,214.16
2026-06-22,México,Guadalajara,24.9,Departamento,3,9,Alta,10,True,272.83,Moderado,204.62
2026-07-23,Colombia,Barranquilla,29.0,Local,10,26,Media,10,True,876.0,Ineficiente,657.0
2026-03-21,Perú,Arequipa,16.4,Local,10,24,Media,7,True,1318.71,Ineficiente,989.03
2026-04-18,Perú,Cusco,14.0,Casa,2,22,Media,7,True,350.78,Moderado,263.08
2026-02-07,México,Monterrey,18.0,Casa,6,14,Alta,12,False,636.93,Ineficiente,477.7
2026-02-04,Colombia,Bogotá,13.3,Departamento,5,7,Alta,11,False,238.27,Eficiente,178.7
2026-10-01,México,Ciudad de México,16.1,Departamento,5,6,Baja,3,False,153.94,Eficiente,115.46
2026-03-16,Colombia,Cali,23.8,Casa,5,14,Baja,4,True,283.05,Moderado,212.29
2026-07-30,Perú,Puno,7.5,Departamento,2,11,Media,10,True,250.9,Moderado,188.18
2026-05-20,México,Mérida,29.9,Casa,8,17,Media,7,True,673.6,Ineficiente,505.2
2026-11-30,Colombia,Barranquilla,28.9,Local,3,26,Alta,11,True,1507.96,Ineficiente,1130.97
2026-12-26,Perú,Piura,27.7,Departamento,2,11,Alta,8,False,276.78,Moderado,207.58
2026-11-12,México,Monterrey,19.9,Casa,4,17,Media,8,True,406.86,Moderado,305.14
2026-07-27,Perú,Piura,22.8,Casa,5,7,Alta,11,True,340.13,Moderado,255.1
2026-11-17,Perú,Cusco,14.4,Departamento,4,11,Alta,9,False,182.92,Eficiente,137.19
2026-07-26,México,Tijuana,22.9,Departamento,1,6,Media,7,True,137.51,Eficiente,103.13
2026-03-17,México,Monterrey,21.9,Casa,3,7,Baja,2,False,112.53,Eficiente,84.4
2026-10-19,México,Ciudad de México,16.4,Departamento,3,4,Alta,11,True,223.43,Eficiente,167.57
2026-02-01,Perú,Puno,11.4,Departamento,3,5,Baja,4,False,216.63,Eficiente,162.47
2026-10-15,México,Ciudad de México,16.4,Casa,4,19,Alta,12,False,652.38,Ineficiente,489.28
2026-06-13,México,Guadalajara,25.0,Casa,2,13,Media,6,False,355.45,Moderado,266.59
2026-09-24,México,Ciudad de México,17.8,Casa,6,22,Baja,3,True,397.04,Moderado,297.78
2026-10-13,Colombia,Barranquilla,30.0,Casa,7,15,Alta,12,False,612.69,Ineficiente,459.52
2026-09-23,Colombia,Barranquilla,28.5,Casa,5,10,Baja,5,True,214.25,Eficiente,160.69
2026-03-07,México,Ciudad de México,15.1,Casa,5,6,Baja,1,True,188.04,Eficiente,141.03
2026-04-17,Colombia,Barranquilla,28.8,Departamento,3,12,Alta,13,False,526.7,Ineficiente,395.02
2026-12-29,Perú,Cusco,14.5,Casa,4,22,Media,9,True,386.45,Moderado,289.84
2026-12-07,México,Ciudad de México,14.8,Departamento,3,5,Alta,15,False,379.24,Moderado,284.43
2026-03-18,México,Guadalajara,21.9,Departamento,2,11,Media,6,True,224.3,Eficiente,168.23
2026-12-18,México,Guadalajara,18.8,Departamento,2,6,Media,6,True,114.46,Eficiente,85.84
2026-10-10,Perú,Piura,24.3,Casa,3,8,Baja,1,False,178.78,Eficiente,134.08
2026-04-16,Perú,Cusco,13.0,Casa,5,15,Baja,1,False,235.68,Eficiente,176.76
2026-06-29,Perú,Puno,8.7,Casa,5,14,Alta,13,False,640.41,Ineficiente,480.31
2026-12-03,Colombia,Bogotá,14.0,Casa,6,16,Media,6,False,364.4,Moderado,273.3
2026-12-22,Perú,Puno,11.5,Local,5,29,Media,10,True,925.39,Ineficiente,694.04
2026-05-14,Perú,Piura,26.1,Local,8,19,Alta,12,True,1451.17,Ineficiente,1088.38
2026-05-15,Colombia,Medellín,21.0,Casa,3,13,Alta,15,False,670.58,Ineficiente,502.94
2026-02-23,México,Guadalajara,20.4,Casa,3,9,Baja,4,True,242.85,Eficiente,182.14
2026-01-24,Perú,Piura,28.6,Casa,7,10,Alta,8,True,418.26,Moderado,313.7
2026-02-22,Perú,Piura,29.6,Casa,8,19,Baja,6,True,391.44,Moderado,293.58
2026-04-24,México,Tijuana,17.4,Departamento,3,8,Baja,6,True,114.38,Eficiente,85.78
2026-05-18,Colombia,Barranquilla,28.4,Local,5,22,Baja,2,True,704.71,Ineficiente,528.53
2026-11-10,México,Guadalajara,21.7,Casa,3,11,Media,6,True,254.22,Moderado,190.66
2026-08-11,Colombia,Bogotá,13.1,Casa,4,16,Alta,8,True,345.86,Moderado,259.4
2026-01-05,Perú,Cusco,13.7,Casa,5,9,Alta,10,False,328.23,Moderado,246.17
2026-06-06,Colombia,Barranquilla,29.1,Casa,5,12,Alta,14,True,511.33,Ineficiente,383.5
2026-06-24,México,Monterrey,31.5,Casa,4,9,Baja,3,True,242.25,Eficiente,181.69
2026-11-03,México,Ciudad de México,15.0,Local,2,13,Media,7,True,455.03,Ineficiente,341.27
2026-12-17,Colombia,Medellín,22.6,Casa,5,23,Alta,11,True,520.05,Ineficiente,390.04
2026-04-11,Perú,Arequipa,16.3,Casa,5,15,Media,9,True,436.23,Moderado,327.17
2026-06-08,Colombia,Bogotá,12.5,Casa,5,19,Baja,5,True,360.29,Moderado,270.22
2026-09-11,México,Monterrey,28.4,Casa,4,18,Baja,6,True,322.37,Moderado,241.78
2026-06-06,Perú,Piura,23.1,Casa,2,11,Baja,3,True,254.07,Moderado,190.55
2026-01-20,México,Ciudad de México,13.1,Casa,5,12,Baja,2,False,258.25,Moderado,193.69
2026-11-16,Perú,Cusco,13.8,Departamento,3,7,Media,5,False,140.05,Eficiente,105.04
2026-03-24,Colombia,Barranquilla,29.2,Departamento,3,14,Baja,5,True,201.74,Eficiente,151.3
2026-12-11,México,Monterrey,15.8,Departamento,3,8,Media,4,False,180.86,Eficiente,135.65
2026-01-08,México,Monterrey,15.2,Casa,6,6,Alta,8,True,387.68,Moderado,290.76
2026-11-25,Colombia,Bogotá,14.6,Casa,6,11,Alta,14,True,329.29,Moderado,246.97
2026-06-01,Colombia,Medellín,21.7,Casa,4,10,Baja,3,True,225.88,Eficiente,169.41
2026-11-19,Colombia,Bogotá,14.5,Casa,3,16,Media,10,False,513.74,Ineficiente,385.3
2026-10-13,México,Ciudad de México,16.2,Departamento,3,8,Media,10,True,214.09,Eficiente,160.57
2026-08-10,México,Monterrey,30.3,Casa,3,9,Alta,11,True,349.67,Moderado,262.25
2026-06-26,México,Monterrey,30.3,Departamento,4,12,Alta,11,True,215.22,Eficiente,161.42
2026-02-27,México,Ciudad de México,14.0,Departamento,3,5,Alta,9,True,281.72,Moderado,211.29
2026-01-08,México,Ciudad de México,13.5,Casa,2,10,Media,8,True,257.73,Moderado,193.3
2026-05-17,Colombia,Cali,23.4,Local,10,22,Media,6,True,935.68,Ineficiente,701.76
2026-03-04,Perú,Arequipa,17.1,Local,3,20,Media,6,False,915.83,Ineficiente,686.87
2026-07-22,Colombia,Bogotá,12.2,Casa,5,16,Media,5,True,343.18,Moderado,257.38
2026-08-01,Perú,Lima,18.0,Casa,6,12,Alta,13,True,635.21,Ineficiente,476.41
2026-06-30,Colombia,Barranquilla,29.9,Casa,1,17,Baja,3,True,318.67,Moderado,239.0
2026-11-01,Perú,Arequipa,17.5,Casa,5,16,Alta,12,True,525.68,Ineficiente,394.26
2026-02-13,Colombia,Bucaramanga,23.8,Casa,5,9,Alta,14,True,388.41,Moderado,291.31
2026-01-19,Perú,Arequipa,17.6,Casa,8,14,Media,4,True,284.15,Moderado,213.11
2026-07-11,Colombia,Medellín,21.9,Casa,4,17,Media,8,True,519.04,Ineficiente,389.28
2026-01-24,México,Monterrey,14.6,Casa,6,9,Media,5,True,352.25,Moderado,264.19
2026-09-10,Perú,Puno,9.4,Local,5,15,Media,10,True,738.29,Ineficiente,553.72
2026-06-29,México,Ciudad de México,19.6,Casa,8,17,Media,6,True,321.9,Moderado,241.42
2026-08-28,México,Monterrey,32.0,Casa,3,24,Alta,10,False,616.75,Ineficiente,462.56
2026-10-10,México,Guadalajara,23.4,Casa,6,13,Alta,15,True,551.64,Ineficiente,413.73
2026-01-30,Colombia,Cali,23.5,Local,5,14,Media,10,True,605.1,Ineficiente,453.83
2026-12-23,Colombia,Bogotá,14.7,Departamento,1,6,Alta,11,False,309.31,Moderado,231.98
2026-12-27,México,Monterrey,15.2,Departamento,1,7,Media,9,True,190.59,Eficiente,142.94
2026-11-04,México,Guadalajara,20.1,Departamento,3,8,Alta,11,False,258.74,Moderado,194.06
2026-12-02,Colombia,Bucaramanga,22.9,Casa,5,7,Media,9,True,352.1,Moderado,264.08
2026-04-28,México,Tijuana,17.4,Departamento,3,6,Media,10,True,221.15,Eficiente,165.86
2026-09-30,México,Guadalajara,23.5,Local,3,23,Alta,14,True,1185.67,Ineficiente,889.25
2026-11-08,México,Monterrey,20.9,Casa,4,12,Media,4,True,406.15,Moderado,304.61
2026-01-30,México,Mérida,24.7,Departamento,4,4,Baja,5,True,175.03,Eficiente,131.27
2026-06-06,México,Tijuana,20.4,Casa,5,19,Media,6,True,421.01,Moderado,315.76
2026-02-01,México,Guadalajara,20.2,Casa,8,9,Media,7,True,340.09,Moderado,255.07
2026-02-19,Colombia,Bucaramanga,23.5,Casa,8,11,Media,9,True,398.21,Moderado,298.66
2026-05-24,Colombia,Bogotá,14.9,Local,10,14,Baja,1,True,699.15,Ineficiente,524.36
2026-06-26,Perú,Lima,19.4,Casa,4,10,Media,9,False,456.53,Ineficiente,342.4
2026-02-22,México,Monterrey,18.8,Casa,1,14,Baja,4,False,216.68,Eficiente,162.51
2026-09-14,Colombia,Medellín,20.9,Casa,3,14,Media,8,True,299.61,Moderado,224.71
2026-07-08,Perú,Piura,22.0,Local,2,28,Baja,5,True,472.9,Ineficiente,354.67
2026-01-03,México,Mérida,24.2,Departamento,2,14,Alta,10,True,372.31,Moderado,279.23
2026-08-05,México,Monterrey,31.0,Casa,3,23,Alta,9,True,717.94,Ineficiente,538.46
2026-03-25,Perú,Cusco,14.6,Departamento,3,5,Alta,8,False,370.97,Moderado,278.23
2026-02-12,México,Ciudad de México,14.7,Casa,5,19,Media,6,True,396.82,Moderado,297.62
2026-03-10,México,Mérida,27.4,Local,2,18,Media,5,True,470.91,Ineficiente,353.18
2026-04-19,Perú,Lima,25.1,Departamento,2,6,Media,6,True,107.5,Eficiente,80.62
2026-01-27,México,Tijuana,14.6,Casa,3,16,Baja,5,True,310.34,Moderado,232.76
2026-03-06,México,Guadalajara,21.8,Casa,4,20,Baja,5,True,211.13,Eficiente,158.35
2026-01-20,México,Monterrey,15.0,Casa,6,21,Alta,14,True,757.78,Ineficiente,568.34
2026-08-02,México,Tijuana,23.7,Casa,5,9,Baja,1,True,177.85,Eficiente,133.39
2026-06-06,Perú,Puno,8.2,Casa,6,10,Baja,4,True,361.64,Moderado,271.23
2026-01-04,Colombia,Medellín,22.7,Casa,5,14,Baja,2,True,212.07,Eficiente,159.05
2026-11-13,Perú,Puno,11.2,Casa,7,13,Baja,3,False,326.64,Moderado,244.98
2026-06-03,Perú,Piura,23.9,Casa,6,12,Alta,15,True,548.74,Ineficiente,411.56
2026-11-05,Colombia,Medellín,22.5,Casa,2,11,Media,7,True,240.95,Eficiente,180.71
2026-05-19,Perú,Arequipa,15.8,Departamento,3,11,Baja,2,True,144.05,Eficiente,108.04
2026-02-03,Colombia,Bogotá,14.5,Departamento,4,12,Media,5,True,178.62,Eficiente,133.96
2026-04-09,México,Ciudad de México,18.4,Casa,4,21,Media,9,True,320.52,Moderado,240.39
2026-03-24,Perú,Cusco,13.2,Casa,2,11,Alta,15,True,352.2,Moderado,264.15
2026-04-03,México,Mérida,28.6,Casa,8,10,Media,4,True,293.62,Moderado,220.22
2026-10-11,Perú,Cusco,13.0,Casa,7,10,Alta,9,True,688.72,Ineficiente,516.54
2026-02-27,Colombia,Barranquilla,28.1,Departamento,3,11,Media,10,True,294.92,Moderado,221.19
2026-06-21,Perú,Puno,9.0,Casa,4,14,Media,9,False,365.57,Moderado,274.18
2026-09-26,Colombia,Bucaramanga,22.7,Casa,5,12,Alta,12,False,446.82,Moderado,335.12
2026-08-09,México,Ciudad de México,18.5,Departamento,4,13,Media,6,False,154.27,Eficiente,115.7
2026-07-05,México,Ciudad de México,17.6,Casa,4,8,Alta,9,True,312.73,Moderado,234.55
2026-02-04,México,Tijuana,15.3,Departamento,2,10,Baja,6,False,163.59,Eficiente,122.69
2026-03-04,Perú,Puno,12.8,Casa,3,10,Media,4,True,205.13,Eficiente,153.85
2026-03-01,Colombia,Medellín,21.5,Casa,5,9,Media,9,False,234.51,Eficiente,175.88
2026-09-11,México,Guadalajara,24.6,Casa,3,22,Baja,3,True,416.33,Moderado,312.25
2026-10-22,Perú,Puno,11.2,Casa,4,15,Media,8,True,372.2,Moderado,279.15
2026-05-25,México,Ciudad de México,18.8,Casa,3,11,Alta,9,False,350.28,Moderado,262.71
2026-11-10,Colombia,Medellín,21.6,Casa,8,8,Alta,10,True,456.89,Ineficiente,342.67
2026-12-07,Perú,Arequipa,16.9,Casa,2,11,Baja,1,False,197.32,Eficiente,147.99
2026-11-16,México,Ciudad de México,15.3,Casa,6,10,Alta,12,False,670.54,Ineficiente,502.9
2026-04-11,México,Guadalajara,24.2,Casa,3,17,Media,7,True,306.39,Moderado,229.79
2026-05-25,México,Guadalajara,25.4,Departamento,2,8,Media,6,True,223.64,Eficiente,167.73
2026-05-13,Perú,Arequipa,16.0,Departamento,2,6,Baja,1,True,112.79,Eficiente,84.59
2026-05-17,México,Monterrey,28.9,Casa,5,8,Media,6,False,261.79,Moderado,196.34
2026-02-05,México,Tijuana,15.8,Casa,5,8,Media,10,False,223.22,Eficiente,167.42
2026-12-20,México,Tijuana,15.4,Casa,6,10,Media,6,True,233.26,Eficiente,174.94
2026-01-18,Perú,Cusco,14.5,Departamento,1,11,Alta,14,True,275.07,Moderado,206.3
2026-09-25,México,Monterrey,29.0,Departamento,3,7,Baja,4,False,221.72,Eficiente,166.29
2026-12-15,Perú,Lima,25.1,Local,8,20,Media,9,True,895.03,Ineficiente,671.27
2026-10-05,Colombia,Barranquilla,28.9,Casa,6,12,Alta,8,True,619.35,Ineficiente,464.51
2026-02-27,Colombia,Medellín,22.6,Departamento,2,7,Alta,8,True,281.12,Moderado,210.84
2026-10-05,Colombia,Medellín,22.8,Casa,6,15,Alta,15,True,429.38,Moderado,322.03
2026-04-04,México,Ciudad de México,18.1,Departamento,1,5,Baja,3,False,115.96,Eficiente,86.97
2026-05-31,Perú,Cusco,11.4,Casa,3,16,Baja,3,True,179.74,Eficiente,134.8
2026-04-12,Colombia,Bucaramanga,22.9,Local,10,14,Media,10,True,860.21,Ineficiente,645.16
2026-10-14,Colombia,Bucaramanga,22.8,Local,2,16,Media,6,True,555.1,Ineficiente,416.33
2026-02-04,Colombia,Cali,24.9,Casa,6,16,Media,5,True,502.43,Ineficiente,376.82
2026-01-16,Colombia,Barranquilla,27.1,Casa,7,18,Media,8,False,410.57,Moderado,307.93
2026-11-08,México,Tijuana,17.7,Departamento,3,6,Baja,4,False,194.63,Eficiente,145.97
2026-05-25,Perú,Piura,26.9,Casa,5,7,Media,4,True,274.6,Moderado,205.95
2026-12-21,Perú,Puno,12.5,Departamento,1,13,Alta,15,True,249.26,Eficiente,186.94
2026-07-05,México,Ciudad de México,18.6,Casa,8,12,Alta,14,False,447.41,Moderado,335.56
2026-11-20,México,Monterrey,20.0,Casa,4,10,Baja,2,False,231.28,Eficiente,173.46
2026-11-14,Colombia,Medellín,21.2,Departamento,3,9,Baja,1,True,114.0,Eficiente,85.5
2026-02-06,Perú,Piura,29.6,Local,1,25,Alta,12,True,1361.22,Ineficiente,1020.92
2026-11-09,México,Guadalajara,20.9,Local,5,17,Media,4,True,729.94,Ineficiente,547.46
2026-04-07,Colombia,Medellín,21.7,Casa,5,20,Alta,14,True,621.32,Ineficiente,465.99
2026-11-20,Colombia,Bucaramanga,22.5,Departamento,4,12,Baja,1,False,213.46,Eficiente,160.1
2026-04-12,México,Ciudad de México,17.5,Casa,6,7,Baja,6,True,190.67,Eficiente,143.0
2026-04-26,México,Ciudad de México,18.7,Casa,7,15,Media,7,True,357.3,Moderado,267.98
2026-06-15,Colombia,Medellín,20.4,Casa,7,9,Baja,1,False,226.83,Eficiente,170.12
2026-07-04,México,Ciudad de México,18.5,Casa,5,13,Alta,12,True,522.85,Ineficiente,392.14
2026-01-19,Colombia,Barranquilla,28.8,Casa,6,20,Media,4,False,482.56,Ineficiente,361.92
2026-09-05,México,Guadalajara,24.1,Casa,5,12,Baja,1,False,246.43,Eficiente,184.82
2026-09-20,México,Tijuana,22.3,Departamento,1,8,Alta,11,True,200.36,Eficiente,150.27
2026-08-19,México,Monterrey,30.2,Casa,8,8,Media,10,True,447.97,Moderado,335.98
2026-12-19,México,Guadalajara,18.9,Departamento,5,8,Media,5,True,231.01,Eficiente,173.26
2026-04-26,México,Monterrey,27.0,Casa,6,7,Baja,3,True,197.39,Eficiente,148.04
2026-11-05,Perú,Cusco,14.3,Departamento,3,9,Baja,6,False,211.32,Eficiente,158.49
2026-10-22,Colombia,Barranquilla,29.9,Departamento,2,9,Baja,6,False,189.02,Eficiente,141.77
2026-09-18,México,Guadalajara,24.0,Casa,5,11,Baja,2,True,260.23,Moderado,195.17
2026-11-16,México,Mérida,26.2,Casa,3,16,Media,10,True,314.87,Moderado,236.15
2026-06-20,México,Ciudad de México,18.7,Departamento,3,11,Alta,15,True,396.8,Moderado,297.6
2026-04-10,México,Mérida,28.7,Departamento,4,4,Alta,13,False,394.01,Moderado,295.51
2026-10-30,Perú,Puno,11.8,Departamento,6,11,Media,8,False,192.42,Eficiente,144.32
2026-04-17,Colombia,Bucaramanga,22.7,Casa,5,10,Media,10,True,471.78,Ineficiente,353.84
2026-07-26,México,Tijuana,23.8,Casa,6,11,Media,8,False,475.72,Ineficiente,356.79
2026-10-29,México,Tijuana,20.4,Departamento,2,6,Media,4,True,105.3,Eficiente,78.97
2026-12-23,Perú,Arequipa,17.1,Casa,2,7,Baja,1,False,161.2,Eficiente,120.9
2026-05-09,Colombia,Bucaramanga,22.4,Departamento,5,5,Alta,10,True,278.65,Moderado,208.99
2026-02-11,México,Ciudad de México,14.0,Casa,3,16,Baja,2,True,253.07,Moderado,189.8
2026-09-30,México,Monterrey,29.8,Casa,7,11,Baja,3,False,261.42,Moderado,196.06
2026-07-03,Colombia,Cali,22.6,Casa,5,13,Media,9,False,404.57,Moderado,303.43
2026-04-25,México,Tijuana,17.4,Casa,5,15,Media,9,True,544.58,Ineficiente,408.44
2026-05-09,Colombia,Bogotá,14.2,Departamento,3,12,Media,9,True,267.48,Moderado,200.61
2026-03-25,Perú,Cusco,14.6,Departamento,4,9,Alta,14,True,420.83,Moderado,315.62
2026-01-21,México,Mérida,24.6,Departamento,3,8,Alta,8,True,135.09,Eficiente,101.32
2026-10-17,México,Tijuana,20.2,Departamento,5,13,Media,9,True,244.94,Eficiente,183.7
2026-08-04,México,Tijuana,24.8,Departamento,1,7,Media,10,True,267.05,Moderado,200.29
2026-12-07,Perú,Puno,11.9,Local,3,22,Baja,2,True,262.33,Moderado,196.75
2026-07-31,Colombia,Cali,23.7,Casa,6,22,Alta,10,False,578.62,Ineficiente,433.96
2026-05-31,México,Guadalajara,25.3,Casa,8,10,Media,9,True,398.01,Moderado,298.51
2026-12-02,México,Mérida,25.4,Casa,3,11,Media,9,True,253.31,Moderado,189.98
2026-04-28,Colombia,Barranquilla,28.9,Departamento,3,12,Media,8,True,308.96,Moderado,231.72
2026-10-02,Perú,Lima,20.7,Departamento,5,8,Media,9,False,382.12,Moderado,286.59
2026-06-29,México,Tijuana,21.5,Departamento,5,8,Media,7,True,291.7,Moderado,218.77
2026-02-15,Colombia,Bogotá,14.8,Casa,4,5,Baja,6,True,177.89,Eficiente,133.42
2026-01-11,Colombia,Cali,24.5,Casa,5,19,Media,8,True,499.47,Ineficiente,374.6
2026-11-19,México,Ciudad de México,15.5,Departamento,4,8,Media,10,False,246.1,Eficiente,184.58
2026-10-18,Colombia,Bucaramanga,23.5,Departamento,3,6,Alta,15,False,295.81,Moderado,221.86
2026-01-16,Perú,Puno,11.1,Departamento,1,8,Alta,15,False,327.15,Moderado,245.36
2026-06-28,México,Mérida,31.4,Local,5,17,Baja,3,True,429.25,Moderado,321.94
2026-12-25,México,Tijuana,14.7,Departamento,4,8,Baja,4,True,191.28,Eficiente,143.46
2026-12-16,México,Guadalajara,19.7,Casa,3,13,Alta,11,True,330.32,Moderado,247.74
2026-11-29,México,Tijuana,17.6,Departamento,1,7,Media,5,True,115.76,Eficiente,86.82
2026-12-22,Perú,Arequipa,17.6,Departamento,4,6,Alta,11,True,208.71,Eficiente,156.53
2026-11-21,México,Tijuana,18.9,Casa,5,21,Media,8,True,374.49,Moderado,280.87
2026-03-09,México,Guadalajara,22.2,Casa,6,9,Alta,10,False,359.26,Moderado,269.44
2026-12-17,Colombia,Bogotá,13.9,Departamento,4,10,Media,9,False,235.81,Eficiente,176.86
2026-05-09,Colombia,Barranquilla,28.6,Casa,4,16,Media,8,True,287.68,Moderado,215.76
2026-08-07,Perú,Arequipa,15.0,Local,15,25,Media,5,True,1031.44,Ineficiente,773.58
2026-10-24,México,Ciudad de México,16.9,Casa,6,8,Media,6,False,313.46,Moderado,235.09
2026-06-09,México,Mérida,30.7,Casa,4,11,Media,9,True,226.58,Eficiente,169.94
2026-02-03,Perú,Lima,27.3,Departamento,5,8,Media,6,True,135.98,Eficiente,101.98
2026-12-05,Colombia,Cali,23.2,Casa,4,11,Media,6,True,383.43,Moderado,287.57
2026-02-18,Colombia,Bucaramanga,22.3,Local,5,23,Alta,8,True,1412.09,Ineficiente,1059.07
2026-12-28,Perú,Lima,25.9,Casa,4,11,Alta,13,True,426.44,Moderado,319.83
2026-02-22,México,Tijuana,15.8,Casa,6,5,Media,6,True,383.79,Moderado,287.84
2026-02-15,México,Mérida,25.3,Local,8,18,Media,4,True,514.35,Ineficiente,385.76
2026-01-02,México,Monterrey,15.0,Local,5,21,Media,4,True,719.26,Ineficiente,539.44
2026-08-31,México,Ciudad de México,18.9,Departamento,6,6,Media,5,True,146.53,Eficiente,109.9
2026-01-13,México,Guadalajara,18.4,Casa,2,24,Alta,8,False,589.41,Ineficiente,442.06
2026-02-06,México,Ciudad de México,14.8,Casa,2,8,Media,6,True,192.46,Eficiente,144.34
2026-07-17,Perú,Puno,8.1,Departamento,2,6,Media,5,True,99.75,Eficiente,74.81
2026-06-07,Colombia,Cali,23.3,Casa,6,14,Alta,11,False,263.02,Moderado,197.26
2026-07-28,Colombia,Bogotá,12.8,Departamento,3,7,Media,7,False,154.74,Eficiente,116.06
2026-10-30,Perú,Piura,26.0,Departamento,5,11,Alta,8,True,213.12,Eficiente,159.84
2026-03-22,Perú,Piura,28.0,Casa,3,10,Media,5,True,295.56,Moderado,221.67
2026-11-12,México,Tijuana,18.3,Casa,2,7,Baja,6,True,221.41,Eficiente,166.06
2026-07-17,México,Guadalajara,24.2,Departamento,1,7,Media,4,True,230.26,Eficiente,172.7
2026-06-02,Colombia,Bogotá,13.8,Departamento,4,4,Media,10,True,167.45,Eficiente,125.59
2026-06-01,México,Guadalajara,24.8,Casa,5,9,Media,7,False,406.11,Moderado,304.58
2026-09-09,Colombia,Cali,23.6,Casa,1,11,Media,10,True,332.73,Moderado,249.55
2026-07-13,Colombia,Cali,22.3,Departamento,3,10,Media,5,False,178.54,Eficiente,133.9
2026-11-14,México,Tijuana,17.6,Casa,4,17,Media,6,False,319.86,Moderado,239.9
2026-06-09,Colombia,Bogotá,12.8,Casa,2,19,Baja,6,True,263.23,Moderado,197.42
2026-12-08,Perú,Arequipa,17.0,Casa,4,19,Alta,13,False,569.11,Ineficiente,426.83
2026-03-01,Colombia,Bogotá,14.7,Departamento,3,6,Alta,11,True,285.29,Moderado,213.97
2026-03-28,Colombia,Bogotá,13.6,Casa,5,12,Media,8,False,283.69,Moderado,212.77
2026-07-22,México,Ciudad de México,18.4,Casa,3,17,Baja,3,True,219.09,Eficiente,164.32
2026-07-08,México,Monterrey,31.7,Departamento,2,9,Alta,8,False,346.49,Moderado,259.87
2026-09-30,Colombia,Cali,22.9,Departamento,2,7,Baja,6,False,173.2,Eficiente,129.9
2026-05-22,México,Ciudad de México,19.1,Departamento,2,7,Alta,15,True,335.06,Moderado,251.3
2026-09-19,Colombia,Medellín,21.7,Casa,5,14,Media,4,True,374.49,Moderado,280.87
2026-06-07,México,Tijuana,21.9,Casa,1,15,Media,4,True,306.75,Moderado,230.06
2026-09-07,Colombia,Bogotá,12.8,Casa,1,6,Media,6,True,273.54,Moderado,205.16
2026-01-23,México,Monterrey,15.0,Departamento,4,7,Media,8,True,181.42,Eficiente,136.06
2026-06-01,México,Tijuana,21.5,Departamento,2,8,Alta,9,True,190.61,Eficiente,142.96
2026-08-18,Colombia,Medellín,20.7,Departamento,3,8,Media,9,True,174.87,Eficiente,131.15
2026-03-30,Colombia,Barranquilla,28.0,Casa,7,9,Baja,3,True,195.35,Eficiente,146.51
2026-06-04,Perú,Cusco,10.6,Casa,6,18,Baja,4,True,300.31,Moderado,225.23
2026-06-24,México,Guadalajara,25.2,Casa,3,13,Baja,2,False,252.73,Moderado,189.55
2026-12-04,Colombia,Bucaramanga,22.8,Casa,4,13,Alta,15,True,356.51,Moderado,267.38
2026-07-10,Perú,Cusco,10.2,Casa,1,10,Media,6,True,195.78,Eficiente,146.84
2026-04-11,Colombia,Cali,23.5,Casa,5,8,Media,10,False,369.31,Moderado,276.98
2026-08-09,México,Ciudad de México,17.4,Casa,4,16,Media,6,True,290.39,Moderado,217.79
2026-05-08,Colombia,Bogotá,14.1,Departamento,4,8,Baja,6,True,135.6,Eficiente,101.7
2026-12-28,Perú,Puno,11.5,Local,15,23,Media,6,True,1024.68,Ineficiente,768.51
2026-08-11,México,Tijuana,24.4,Casa,7,17,Baja,2,True,374.33,Moderado,280.75
2026-07-28,México,Tijuana,23.3,Local,15,16,Alta,10,True,654.83,Ineficiente,491.12
2026-01-08,México,Guadalajara,18.6,Departamento,5,10,Media,7,False,289.3,Moderado,216.98
2026-06-16,Perú,Cusco,11.2,Casa,1,17,Baja,1,False,184.64,Eficiente,138.48
2026-06-21,Colombia,Bucaramanga,21.1,Local,3,24,Baja,1,False,800.23,Ineficiente,600.17
2026-02-01,Colombia,Cali,23.4,Casa,2,9,Alta,11,False,287.66,Moderado,215.74
2026-10-20,México,Monterrey,24.0,Departamento,4,6,Alta,12,True,439.15,Moderado,329.36
2026-11-01,México,Monterrey,19.6,Local,5,17,Alta,8,True,523.19,Ineficiente,392.39
2026-06-11,Colombia,Bucaramanga,22.1,Casa,7,13,Media,10,False,402.94,Moderado,302.2
2026-12-02,México,Mérida,25.1,Casa,4,23,Baja,2,False,312.93,Moderado,234.7
2026-03-31,Perú,Cusco,14.4,Casa,2,13,Baja,2,True,165.12,Eficiente,123.84
2026-09-09,Colombia,Bogotá,12.1,Casa,2,13,Baja,3,True,196.18,Eficiente,147.14
2026-03-17,México,Monterrey,22.2,Casa,4,8,Baja,5,False,255.55,Moderado,191.66
2026-06-26,Colombia,Medellín,21.7,Casa,8,12,Alta,15,True,573.31,Ineficiente,429.98
2026-12-13,México,Mérida,25.6,Departamento,3,12,Media,10,True,136.18,Eficiente,102.14
2026-09-30,México,Mérida,29.9,Departamento,5,13,Alta,9,True,349.21,Moderado,261.91
2026-01-07,Perú,Puno,12.0,Casa,5,12,Media,8,True,302.61,Moderado,226.96
2026-06-12,México,Mérida,31.5,Departamento,4,10,Baja,1,True,260.38,Moderado,195.28
2026-05-23,México,Mérida,31.0,Casa,2,10,Media,10,False,416.02,Moderado,312.02
2026-08-29,México,Tijuana,23.9,Casa,5,18,Media,6,True,312.72,Moderado,234.54
2026-06-22,Colombia,Cali,22.9,Departamento,5,7,Baja,1,False,185.05,Eficiente,138.79
2026-06-16,Perú,Arequipa,13.8,Departamento,5,11,Media,9,True,183.91,Eficiente,137.93
2026-07-27,Perú,Lima,17.5,Local,8,20,Alta,9,True,1219.82,Ineficiente,914.86
2026-08-04,Colombia,Cali,22.5,Casa,6,23,Baja,5,True,307.33,Moderado,230.5
2026-09-17,Colombia,Bucaramanga,21.8,Casa,6,8,Media,9,False,249.46,Eficiente,187.1
2026-01-24,Colombia,Bogotá,13.7,Casa,1,18,Alta,9,True,406.38,Moderado,304.78
2026-11-08,México,Guadalajara,21.3,Departamento,6,6,Alta,13,True,279.07,Moderado,209.3
2026-04-24,Perú,Lima,24.0,Casa,4,13,Media,9,True,474.15,Ineficiente,355.61
2026-06-14,Colombia,Bucaramanga,21.8,Casa,2,7,Media,6,False,159.55,Eficiente,119.66
2026-10-29,Perú,Piura,25.4,Casa,3,11,Baja,3,True,250.71,Moderado,188.03
2026-08-14,Colombia,Bucaramanga,23.0,Casa,4,16,Baja,5,True,269.05,Moderado,201.79
2026-02-19,México,Monterrey,17.6,Casa,7,19,Baja,4,True,247.97,Eficiente,185.98
2026-06-26,Perú,Puno,8.1,Casa,5,11,Media,6,True,314.39,Moderado,235.79
2026-04-09,Perú,Cusco,12.9,Departamento,3,11,Media,7,False,179.58,Eficiente,134.68
2026-05-28,México,Ciudad de México,19.2,Casa,1,16,Baja,1,True,227.88,Eficiente,170.91
2026-03-24,Colombia,Barranquilla,28.4,Casa,8,7,Baja,2,False,358.31,Moderado,268.73
2026-04-30,México,Ciudad de México,18.1,Departamento,4,7,Baja,6,False,225.14,Eficiente,168.86
2026-06-02,México,Ciudad de México,19.2,Casa,6,18,Media,4,False,355.18,Moderado,266.38
2026-09-27,Colombia,Bucaramanga,21.6,Casa,2,13,Baja,2,True,238.86,Eficiente,179.14
2026-05-18,Colombia,Barranquilla,28.7,Casa,1,13,Media,9,True,367.97,Moderado,275.98
2026-12-23,México,Mérida,25.9,Casa,4,17,Alta,9,True,382.9,Moderado,287.17
2026-01-16,Perú,Arequipa,17.3,Departamento,2,10,Media,5,True,215.37,Eficiente,161.53
2026-08-24,Colombia,Bogotá,13.8,Casa,2,11,Baja,1,True,136.58,Eficiente,102.44
2026-04-18,Colombia,Cali,23.5,Departamento,6,9,Baja,6,True,195.11,Eficiente,146.33
2026-12-17,México,Mérida,25.5,Casa,5,11,Media,8,True,354.82,Moderado,266.12
2026-05-31,Perú,Lima,22.5,Departamento,2,11,Media,7,True,176.45,Eficiente,132.34
2026-05-30,Colombia,Bogotá,15.0,Casa,8,12,Alta,11,True,724.33,Ineficiente,543.25
2026-01-30,México,Mérida,24.8,Departamento,2,12,Alta,9,False,326.79,Moderado,245.09
2026-05-02,Colombia,Cali,24.3,Casa,2,5,Baja,4,False,239.49,Eficiente,179.62
2026-02-02,Perú,Arequipa,17.7,Casa,5,18,Alta,10,False,718.62,Ineficiente,538.96
2026-08-20,Perú,Arequipa,13.3,Departamento,4,5,Alta,11,True,189.44,Eficiente,142.08
2026-05-19,Colombia,Barranquilla,29.1,Casa,6,19,Alta,15,False,980.75,Ineficiente,735.56
2026-08-23,Colombia,Cali,22.5,Casa,4,15,Media,6,False,358.0,Moderado,268.5
2026-03-19,Colombia,Bogotá,13.3,Local,3,30,Baja,3,True,473.73,Ineficiente,355.3
2026-07-19,México,Monterrey,31.2,Local,3,27,Baja,5,True,551.42,Ineficiente,413.56
2026-02-15,Colombia,Cali,23.0,Casa,5,8,Media,5,True,374.76,Moderado,281.07
2026-08-21,Colombia,Bucaramanga,21.1,Departamento,3,12,Baja,3,True,151.39,Eficiente,113.54
2026-08-14,Colombia,Bucaramanga,21.5,Casa,3,9,Media,4,False,198.21,Eficiente,148.66
2026-09-20,Perú,Lima,18.7,Casa,4,18,Alta,13,True,575.73,Ineficiente,431.8
2026-11-03,Perú,Cusco,14.4,Departamento,3,9,Alta,9,False,328.1,Moderado,246.08
2026-10-17,México,Ciudad de México,16.1,Casa,1,13,Alta,15,False,390.68,Moderado,293.01
2026-12-06,México,Mérida,24.3,Casa,2,10,Alta,8,True,329.7,Moderado,247.27
2026-08-22,México,Monterrey,32.0,Casa,6,12,Alta,11,False,357.89,Moderado,268.42
2026-09-04,México,Ciudad de México,17.0,Local,8,16,Media,5,True,611.58,Ineficiente,458.69
2026-12-07,México,Tijuana,15.0,Local,5,14,Media,8,True,590.94,Ineficiente,443.21
2026-03-12,México,Ciudad de México,15.9,Casa,1,6,Alta,10,True,348.1,Moderado,261.08
2026-05-13,Colombia,Bucaramanga,22.6,Casa,5,7,Alta,13,False,226.68,Eficiente,170.01
2026-02-21,México,Tijuana,15.5,Casa,5,18,Media,9,True,377.65,Moderado,283.24
2026-08-17,Colombia,Medellín,20.7,Departamento,2,11,Baja,6,True,170.99,Eficiente,128.24
2026-11-25,Colombia,Bucaramanga,22.2,Casa,5,18,Media,4,False,260.24,Moderado,195.18
2026-11-12,Perú,Cusco,14.2,Casa,5,18,Media,10,True,385.49,Moderado,289.12
2026-10-28,Colombia,Cali,24.6,Local,20,31,Baja,5,False,1084.82,Ineficiente,813.62
2026-05-12,Perú,Piura,26.7,Local,10,11,Baja,2,True,712.2,Ineficiente,534.15
2026-05-14,México,Monterrey,28.0,Casa,3,7,Media,8,True,298.82,Moderado,224.12
2026-03-03,Perú,Arequipa,17.5,Casa,4,17,Baja,3,False,284.74,Moderado,213.56
2026-09-21,Colombia,Medellín,21.2,Departamento,4,11,Media,10,True,197.44,Eficiente,148.08
2026-09-08,Colombia,Bogotá,13.4,Casa,6,9,Alta,10,False,263.57,Moderado,197.68
2026-12-21,Perú,Puno,11.8,Departamento,1,14,Baja,3,True,158.9,Eficiente,119.18
2026-05-23,Perú,Lima,21.4,Departamento,3,8,Alta,14,True,288.87,Moderado,216.65
2026-10-10,México,Tijuana,20.6,Casa,7,16,Baja,2,True,156.98,Eficiente,117.73
2026-04-23,Colombia,Cali,24.8,Casa,7,9,Baja,3,True,292.28,Moderado,219.21
2026-09-20,México,Guadalajara,23.9,Casa,4,12,Alta,10,False,413.89,Moderado,310.42
2026-02-16,México,Ciudad de México,13.2,Casa,3,13,Alta,9,True,373.39,Moderado,280.04
2026-01-03,Perú,Cusco,13.4,Departamento,2,8,Media,8,True,192.22,Eficiente,144.16
2026-05-21,México,Mérida,30.1,Casa,7,8,Alta,13,True,373.3,Moderado,279.98
2026-11-22,México,Tijuana,18.0,Casa,5,6,Alta,8,True,355.26,Moderado,266.44
2026-02-14,Perú,Lima,28.6,Local,5,15,Baja,3,True,434.62,Moderado,325.97
2026-06-19,Perú,Arequipa,13.9,Casa,3,10,Alta,15,True,372.84,Moderado,279.63
2026-10-24,México,Guadalajara,23.5,Casa,4,12,Baja,5,False,228.43,Eficiente,171.32
2026-01-16,Colombia,Barranquilla,28.0,Casa,2,14,Media,6,True,365.9,Moderado,274.42
2026-05-01,México,Ciudad de México,18.1,Casa,6,16,Media,7,False,369.35,Moderado,277.01
2026-04-03,México,Mérida,28.6,Casa,3,11,Baja,4,False,190.1,Eficiente,142.57
2026-11-21,México,Monterrey,19.5,Local,5,25,Media,10,True,956.22,Ineficiente,717.16
2026-08-12,Colombia,Bucaramanga,21.6,Departamento,1,12,Baja,2,False,92.33,Eficiente,69.25
2026-11-12,México,Guadalajara,22.0,Local,1,13,Media,4,False,464.02,Ineficiente,348.02
2026-01-11,México,Ciudad de México,12.4,Casa,7,6,Baja,3,False,199.65,Eficiente,149.74
2026-08-11,Perú,Arequipa,14.4,Departamento,4,12,Alta,10,True,307.39,Moderado,230.54
2026-01-05,México,Tijuana,13.3,Casa,5,10,Baja,2,True,140.66,Eficiente,105.5
2026-02-28,Perú,Arequipa,16.6,Casa,6,5,Media,7,True,245.59,Eficiente,184.19
2026-06-04,México,Ciudad de México,18.6,Departamento,6,12,Alta,12,True,344.37,Moderado,258.28
2026-09-09,México,Guadalajara,23.0,Casa,4,16,Alta,14,True,631.46,Ineficiente,473.6
2026-07-27,Colombia,Bucaramanga,21.1,Casa,5,10,Alta,14,False,557.55,Ineficiente,418.16
2026-12-08,Colombia,Medellín,22.2,Casa,3,18,Alta,12,False,559.61,Ineficiente,419.71
2026-02-25,Perú,Piura,28.6,Departamento,5,12,Baja,1,False,177.19,Eficiente,132.89
2026-07-12,México,Mérida,30.2,Departamento,5,8,Media,4,True,249.86,Eficiente,187.4
2026-06-18,Colombia,Medellín,20.2,Local,3,11,Media,4,True,609.06,Ineficiente,456.79
2026-06-20,Colombia,Bucaramanga,21.2,Casa,6,21,Alta,13,False,498.04,Ineficiente,373.53
2026-06-14,Colombia,Bucaramanga,21.7,Casa,1,9,Baja,5,False,220.2,Eficiente,165.15
2026-12-24,Colombia,Bogotá,14.8,Casa,8,13,Media,4,True,369.03,Moderado,276.77
2026-03-01,Perú,Lima,27.0,Departamento,1,8,Media,8,True,154.53,Eficiente,115.9
2026-12-26,México,Monterrey,15.4,Casa,5,11,Alta,11,True,602.72,Ineficiente,452.04
2026-11-21,México,Ciudad de México,15.3,Casa,3,21,Media,6,True,239.59,Eficiente,179.69
2026-06-30,México,Mérida,31.8,Departamento,3,7,Alta,13,True,330.87,Moderado,248.15
2026-02-17,Perú,Arequipa,16.8,Casa,4,8,Alta,8,True,419.84,Moderado,314.88
2026-08-18,México,Tijuana,23.8,Departamento,3,7,Alta,12,False,252.19,Moderado,189.14
2026-02-06,Perú,Lima,28.4,Casa,8,14,Media,7,True,545.98,Ineficiente,409.48
2026-08-03,México,Ciudad de México,18.1,Casa,4,8,Media,8,False,177.41,Eficiente,133.06
2026-01-22,México,Ciudad de México,12.5,Casa,7,9,Alta,14,False,419.89,Moderado,314.92
2026-04-07,México,Tijuana,16.1,Departamento,3,9,Media,8,True,225.54,Eficiente,169.16
2026-04-24,México,Tijuana,16.0,Casa,10,12,Baja,3,True,337.8,Moderado,253.35
2026-07-06,México,Tijuana,23.6,Casa,5,15,Baja,6,False,203.96,Eficiente,152.97
2026-05-31,México,Mérida,29.5,Local,5,24,Alta,10,True,1026.88,Ineficiente,770.16
2026-06-05,Perú,Puno,8.4,Casa,4,19,Baja,5,True,390.54,Moderado,292.91
2026-04-08,Colombia,Medellín,21.8,Casa,4,10,Media,4,True,316.81,Moderado,237.61
2026-09-04,México,Ciudad de México,18.7,Local,10,20,Baja,2,True,463.24,Ineficiente,347.43
2026-01-03,Colombia,Bogotá,13.4,Departamento,4,7,Media,5,True,240.22,Eficiente,180.16
2026-08-02,México,Ciudad de México,18.0,Departamento,2,9,Alta,15,True,328.08,Moderado,246.06
2026-11-16,Colombia,Bucaramanga,22.7,Casa,6,13,Alta,14,True,373.31,Moderado,279.98
2026-04-09,Perú,Arequipa,15.1,Casa,5,8,Alta,13,True,356.08,Moderado,267.06
2026-09-25,Colombia,Cali,23.9,Casa,2,8,Alta,10,False,402.46,Moderado,301.84
2026-03-16,México,Guadalajara,22.8,Casa,4,21,Alta,12,True,596.12,Ineficiente,447.09
2026-07-01,Colombia,Medellín,21.4,Casa,4,23,Media,9,True,414.34,Moderado,310.76
2026-05-03,México,Mérida,30.0,Casa,4,12,Media,4,True,315.96,Moderado,236.97
2026-09-24,Perú,Lima,18.8,Departamento,3,13,Alta,9,True,382.64,Moderado,286.98
2026-08-19,México,Ciudad de México,17.6,Casa,4,19,Media,8,True,245.58,Eficiente,184.18
2026-07-13,México,Guadalajara,24.6,Casa,5,19,Media,7,False,358.46,Moderado,268.84
2026-06-04,México,Mérida,30.9,Casa,1,19,Media,7,True,482.85,Ineficiente,362.14
2026-11-26,Colombia,Cali,23.5,Departamento,5,12,Baja,3,False,187.3,Eficiente,140.48
2026-01-12,México,Tijuana,13.3,Casa,6,12,Baja,3,True,226.12,Eficiente,169.59
2026-12-21,Colombia,Barranquilla,28.6,Departamento,3,11,Alta,12,True,383.89,Moderado,287.92
2026-09-04,Perú,Lima,19.4,Casa,4,18,Media,5,True,391.79,Moderado,293.84
2026-08-11,México,Guadalajara,23.6,Casa,3,12,Media,8,True,349.86,Moderado,262.4
2026-05-12,Colombia,Bogotá,14.9,Departamento,4,6,Media,4,True,196.1,Eficiente,147.07
2026-02-08,México,Monterrey,17.5,Departamento,5,5,Baja,6,True,101.95,Eficiente,76.46
2026-06-08,Perú,Puno,8.4,Casa,4,13,Media,8,False,368.95,Moderado,276.71
2026-02-25,Perú,Piura,29.2,Casa,2,11,Baja,6,False,279.89,Moderado,209.92
2026-02-06,Perú,Piura,28.1,Casa,5,13,Media,9,False,329.08,Moderado,246.81
2026-03-07,México,Monterrey,22.3,Departamento,3,13,Alta,9,False,185.79,Eficiente,139.34
2026-03-30,México,Tijuana,15.6,Casa,3,12,Alta,8,True,435.52,Moderado,326.64
2026-03-01,México,Mérida,27.6,Local,15,18,Baja,1,True,601.07,Ineficiente,450.8
2026-08-06,México,Ciudad de México,18.7,Departamento,6,12,Media,6,True,238.5,Eficiente,178.88
2026-12-19,Colombia,Cali,24.9,Casa,4,10,Media,4,True,188.67,Eficiente,141.5
2026-02-20,México,Mérida,24.2,Casa,4,10,Media,7,True,330.76,Moderado,248.07
2026-10-21,México,Tijuana,21.7,Casa,5,9,Alta,13,True,347.63,Moderado,260.72
2026-09-30,México,Guadalajara,24.1,Casa,6,11,Media,8,False,339.93,Moderado,254.95
2026-09-14,Perú,Cusco,11.9,Local,8,31,Baja,3,True,460.81,Ineficiente,345.61
2026-01-09,México,Ciudad de México,12.7,Casa,5,21,Media,5,True,484.23,Ineficiente,363.17
2026-04-02,Perú,Lima,25.3,Casa,4,11,Baja,3,True,291.16,Moderado,218.37
2026-11-25,México,Mérida,26.7,Departamento,4,6,Alta,13,True,263.59,Moderado,197.69
2026-12-14,México,Ciudad de México,14.1,Local,8,20,Alta,10,True,1055.99,Ineficiente,791.99
2026-08-01,México,Tijuana,23.0,Casa,5,11,Alta,15,True,458.62,Ineficiente,343.96
2026-03-01,Colombia,Bucaramanga,22.8,Local,2,16,Baja,4,True,341.9,Moderado,256.42
2026-08-07,Colombia,Barranquilla,28.3,Casa,3,12,Media,5,True,388.39,Moderado,291.29
2026-05-01,Colombia,Barranquilla,29.0,Local,20,33,Media,5,True,1635.02,Ineficiente,1226.26
2026-11-20,México,Tijuana,17.4,Departamento,6,6,Alta,11,True,285.8,Moderado,214.35
2026-08-13,México,Tijuana,24.9,Casa,3,15,Alta,15,True,440.6,Moderado,330.45
2026-08-17,México,Monterrey,30.1,Local,3,27,Alta,15,True,1114.85,Ineficiente,836.14
2026-11-16,México,Guadalajara,20.5,Casa,3,8,Alta,10,False,333.95,Moderado,250.46
2026-09-08,Perú,Piura,24.2,Departamento,5,13,Alta,10,True,277.06,Moderado,207.8
2026-04-14,Perú,Piura,27.5,Local,5,12,Media,8,True,599.61,Ineficiente,449.71
2026-01-26,Colombia,Cali,24.9,Casa,5,8,Media,8,True,247.37,Eficiente,185.53
2026-03-13,México,Monterrey,21.7,Casa,2,7,Media,10,True,210.58,Eficiente,157.94
2026-10-01,Perú,Piura,24.1,Casa,3,23,Alta,14,True,541.83,Ineficiente,406.37
2026-07-13,Perú,Arequipa,12.1,Departamento,3,4,Alta,13,True,322.5,Moderado,241.88
2026-02-11,México,Tijuana,14.9,Departamento,3,11,Alta,9,False,270.97,Moderado,203.23
2026-09-20,México,Monterrey,29.9,Casa,5,13,Baja,4,False,302.59,Moderado,226.94
2026-05-20,Colombia,Medellín,21.2,Departamento,3,13,Media,8,True,389.28,Moderado,291.96
2026-05-06,Colombia,Cali,23.5,Casa,5,12,Media,9,True,307.23,Moderado,230.42
2026-08-10,Perú,Piura,23.0,Casa,5,7,Alta,12,True,424.09,Moderado,318.07
2026-04-26,Colombia,Barranquilla,29.0,Casa,3,9,Media,5,False,325.2,Moderado,243.9
2026-11-30,México,Mérida,26.0,Casa,6,14,Alta,10,False,424.4,Moderado,318.3
2026-10-20,Colombia,Cali,23.4,Local,15,16,Baja,4,True,846.46,Ineficiente,634.84
2026-07-11,México,Guadalajara,24.3,Casa,5,17,Baja,6,True,225.38,Eficiente,169.04
2026-03-01,México,Monterrey,22.1,Departamento,2,7,Alta,13,False,341.31,Moderado,255.98
2026-09-22,México,Tijuana,22.4,Departamento,3,9,Media,6,False,308.24,Moderado,231.18
2026-09-10,México,Mérida,29.1,Local,3,28,Alta,9,True,1268.51,Ineficiente,951.38
2026-04-27,Perú,Lima,25.2,Casa,4,14,Media,7,False,192.59,Eficiente,144.44
2026-08-15,Perú,Lima,18.6,Departamento,6,8,Alta,10,False,299.22,Moderado,224.42
2026-05-26,Colombia,Bucaramanga,22.1,Casa,2,5,Alta,15,False,369.71,Moderado,277.28
2026-11-13,Perú,Cusco,13.7,Casa,2,14,Baja,2,True,191.5,Eficiente,143.62
2026-03-31,Colombia,Barranquilla,28.0,Departamento,2,7,Media,7,True,221.21,Eficiente,165.91
2026-07-09,México,Mérida,31.8,Departamento,3,12,Media,6,False,212.92,Eficiente,159.69
2026-07-05,México,Mérida,30.4,Casa,4,10,Alta,15,True,700.22,Ineficiente,525.16
2026-04-28,México,Mérida,29.5,Departamento,2,5,Baja,3,True,145.77,Eficiente,109.33
2026-10-03,México,Ciudad de México,17.6,Departamento,2,10,Alta,11,True,341.5,Moderado,256.12
2026-05-10,Colombia,Bogotá,13.1,Departamento,4,9,Alta,8,False,202.72,Eficiente,152.04
2026-10-22,México,Mérida,28.3,Casa,6,13,Baja,4,True,304.97,Moderado,228.73
2026-06-05,México,Monterrey,32.0,Departamento,1,8,Baja,6,True,97.28,Eficiente,72.96
2026-09-16,México,Ciudad de México,18.1,Departamento,5,6,Alta,12,True,287.33,Moderado,215.5
2026-01-30,Colombia,Bogotá,13.7,Casa,3,8,Alta,8,True,318.01,Moderado,238.51
2026-02-17,Colombia,Medellín,22.7,Casa,3,23,Alta,13,True,444.43,Moderado,333.32
2026-02-09,México,Mérida,25.7,Casa,6,11,Alta,14,False,410.74,Moderado,308.06
2026-11-08,México,Guadalajara,21.3,Departamento,1,11,Alta,13,True,312.13,Moderado,234.1
2026-11-23,México,Guadalajara,20.5,Casa,3,17,Media,9,True,223.34,Eficiente,167.5
2026-03-17,México,Monterrey,21.6,Casa,2,18,Baja,1,False,196.2,Eficiente,147.15
2026-12-02,Colombia,Bogotá,13.4,Departamento,5,8,Baja,1,True,182.81,Eficiente,137.11
2026-04-11,Perú,Arequipa,15.2,Casa,8,14,Media,7,True,329.63,Moderado,247.22
2026-04-30,México,Guadalajara,24.6,Departamento,5,7,Baja,5,True,138.18,Eficiente,103.64
2026-03-14,México,Tijuana,16.9,Casa,3,6,Alta,12,True,338.64,Moderado,253.98
2026-06-06,México,Monterrey,31.9,Casa,3,22,Media,5,True,240.01,Eficiente,180.01
2026-05-06,Colombia,Barranquilla,29.8,Departamento,5,8,Media,4,True,278.42,Moderado,208.82
2026-02-08,Perú,Puno,11.2,Casa,3,18,Alta,13,True,499.3,Ineficiente,374.48
2026-07-19,Colombia,Cali,23.8,Departamento,2,8,Media,6,False,155.17,Eficiente,116.38
2026-09-15,Colombia,Bogotá,12.0,Casa,4,15,Media,10,True,348.64,Moderado,261.48
2026-05-26,Perú,Lima,21.7,Departamento,5,4,Baja,4,True,131.44,Eficiente,98.58
2026-12-07,Colombia,Bogotá,13.4,Local,5,21,Alta,9,True,1140.93,Ineficiente,855.7
2026-12-14,Perú,Arequipa,16.8,Departamento,2,10,Media,8,True,159.12,Eficiente,119.34
2026-08-25,Colombia,Barranquilla,28.5,Casa,3,16,Alta,8,True,433.94,Moderado,325.46
2026-01-21,México,Mérida,23.2,Departamento,3,8,Media,4,True,208.37,Eficiente,156.28
2026-07-14,México,Monterrey,31.9,Casa,1,15,Baja,3,False,238.79,Eficiente,179.09
2026-05-26,Colombia,Medellín,22.5,Casa,5,11,Baja,4,True,264.98,Moderado,198.74
2026-06-23,México,Guadalajara,24.7,Casa,4,17,Baja,1,True,221.66,Eficiente,166.24
2026-10-10,México,Tijuana,21.8,Casa,6,12,Alta,11,True,400.2,Moderado,300.15
2026-09-09,Perú,Puno,10.1,Departamento,1,10,Alta,11,True,326.33,Moderado,244.75
2026-07-30,Colombia,Bucaramanga,21.8,Local,20,23,Alta,11,True,1688.73,Ineficiente,1266.55
2026-08-17,Perú,Arequipa,13.4,Local,8,29,Alta,8,True,1175.13,Ineficiente,881.35
2026-11-25,México,Monterrey,20.2,Local,2,21,Media,7,True,532.51,Ineficiente,399.38
2026-10-17,Colombia,Barranquilla,28.3,Departamento,8,10,Media,5,False,210.15,Eficiente,157.61
2026-10-25,Colombia,Bucaramanga,22.5,Departamento,2,9,Baja,6,False,170.22,Eficiente,127.66
2026-12-26,México,Tijuana,14.9,Local,5,20,Alta,11,False,926.98,Ineficiente,695.24
2026-02-19,Colombia,Bogotá,14.3,Departamento,4,9,Alta,11,True,376.39,Moderado,282.29
2026-01-15,Perú,Arequipa,16.4,Casa,5,11,Baja,4,True,268.09,Moderado,201.07
2026-09-29,Colombia,Barranquilla,28.1,Casa,4,6,Media,4,True,427.98,Moderado,320.98
2026-03-01,Colombia,Barranquilla,29.4,Departamento,3,5,Baja,1,True,88.47,Eficiente,66.35
2026-04-15,Perú,Puno,11.6,Casa,4,9,Alta,9,True,231.87,Eficiente,173.9
2026-11-28,Perú,Piura,26.0,Casa,4,20,Baja,5,True,271.08,Moderado,203.31
2026-06-07,México,Monterrey,30.2,Casa,6,8,Media,9,True,429.97,Moderado,322.48
2026-02-15,México,Tijuana,15.6,Departamento,3,10,Media,6,True,222.78,Eficiente,167.08
2026-02-20,México,Ciudad de México,13.8,Departamento,4,7,Media,8,True,203.26,Eficiente,152.44
2026-12-24,México,Monterrey,15.6,Casa,5,17,Alta,11,False,320.13,Moderado,240.1
2026-11-28,Perú,Cusco,14.4,Casa,5,21,Media,4,True,358.56,Moderado,268.92
2026-12-27,Colombia,Bogotá,14.1,Casa,2,9,Baja,4,True,215.21,Eficiente,161.41
2026-05-23,México,Mérida,30.1,Casa,2,15,Alta,12,False,477.19,Ineficiente,357.89
2026-04-05,Perú,Lima,25.8,Casa,6,12,Media,4,False,224.19,Eficiente,168.14
2026-07-18,Perú,Arequipa,12.5,Departamento,5,12,Baja,2,True,151.86,Eficiente,113.9
2026-04-19,México,Mérida,29.7,Local,10,25,Media,8,True,1053.06,Ineficiente,789.8
2026-09-23,México,Ciudad de México,17.7,Departamento,2,6,Media,6,True,120.95,Eficiente,90.71
2026-05-10,Perú,Lima,22.7,Casa,4,12,Alta,11,True,589.21,Ineficiente,441.91
2026-04-26,Perú,Lima,25.9,Departamento,2,8,Baja,4,True,91.95,Eficiente,68.96
2026-07-19,Colombia,Bucaramanga,22.0,Casa,4,21,Media,5,True,349.75,Moderado,262.31
2026-12-07,México,Mérida,25.0,Departamento,4,5,Alta,14,False,398.5,Moderado,298.88
2026-06-18,Colombia,Bogotá,13.3,Departamento,5,11,Baja,6,False,206.25,Eficiente,154.69
2026-09-28,México,Tijuana,22.6,Casa,5,20,Media,5,True,503.83,Ineficiente,377.87
2026-02-08,México,Mérida,24.4,Casa,4,10,Media,10,True,306.67,Moderado,230.0
2026-02-20,Perú,Arequipa,16.1,Casa,4,5,Alta,10,False,275.43,Moderado,206.57
2026-08-19,México,Tijuana,24.3,Casa,7,10,Media,10,False,325.81,Moderado,244.36
2026-12-12,Colombia,Bogotá,13.3,Departamento,2,5,Media,7,True,104.87,Eficiente,78.65
2026-04-07,Perú,Piura,28.2,Casa,3,11,Media,6,True,300.54,Moderado,225.41
2026-08-04,México,Ciudad de México,17.7,Casa,6,11,Alta,15,True,448.3,Moderado,336.22
2026-04-22,Colombia,Bucaramanga,22.2,Casa,2,6,Alta,9,True,266.89,Moderado,200.17
2026-04-06,México,Ciudad de México,18.9,Departamento,4,6,Baja,5,True,209.87,Eficiente,157.4
2026-09-09,México,Tijuana,23.7,Departamento,2,7,Media,5,True,198.08,Eficiente,148.56
2026-05-15,México,Mérida,29.4,Casa,4,11,Media,4,True,393.67,Moderado,295.25
2026-10-18,México,Tijuana,21.0,Local,15,18,Baja,1,True,467.5,Ineficiente,350.62
2026-05-06,Colombia,Medellín,21.6,Casa,4,18,Baja,4,False,359.18,Moderado,269.38
2026-07-09,México,Ciudad de México,17.9,Casa,6,17,Baja,3,False,312.41,Moderado,234.31
2026-03-03,México,Mérida,27.9,Casa,7,12,Media,8,True,368.76,Moderado,276.57
2026-05-22,Colombia,Cali,23.1,Departamento,3,9,Alta,12,True,142.64,Eficiente,106.98
2026-07-19,México,Ciudad de México,17.1,Departamento,6,14,Alta,14,True,372.71,Moderado,279.53
2026-07-05,México,Guadalajara,24.6,Casa,3,14,Alta,10,True,273.98,Moderado,205.48
2026-10-25,Perú,Piura,25.1,Departamento,4,8,Baja,6,True,149.43,Eficiente,112.07
2026-03-11,Colombia,Cali,24.1,Casa,6,11,Media,8,True,280.35,Moderado,210.26
2026-03-23,México,Mérida,26.1,Local,10,23,Media,5,True,1009.44,Ineficiente,757.08
2026-06-05,México,Tijuana,20.9,Local,10,16,Media,6,True,778.63,Ineficiente,583.97
2026-09-23,México,Monterrey,29.2,Casa,7,20,Media,6,True,468.0,Ineficiente,351.0
2026-10-20,Perú,Piura,25.2,Casa,1,17,Alta,8,False,384.08,Moderado,288.06
2026-09-04,Perú,Piura,24.7,Casa,4,13,Baja,6,True,167.88,Eficiente,125.91
2026-10-28,Colombia,Barranquilla,28.2,Departamento,2,10,Alta,11,True,300.92,Moderado,225.69
2026-02-15,México,Monterrey,18.1,Departamento,1,8,Baja,2,True,129.69,Eficiente,97.27
2026-11-08,México,Tijuana,17.4,Casa,3,16,Alta,14,True,464.61,Ineficiente,348.46
2026-12-13,Colombia,Bogotá,13.0,Local,8,23,Media,7,True,770.51,Ineficiente,577.88
2026-06-23,Colombia,Cali,22.6,Departamento,1,11,Media,4,False,113.22,Eficiente,84.92
2026-03-12,Colombia,Barranquilla,28.7,Casa,1,13,Alta,12,False,542.94,Ineficiente,407.21
2026-10-18,México,Tijuana,21.2,Departamento,1,11,Media,8,True,223.85,Eficiente,167.89
2026-06-10,Colombia,Cali,23.6,Casa,1,10,Alta,10,True,510.15,Ineficiente,382.61
2026-04-14,México,Mérida,28.5,Casa,4,7,Alta,11,True,402.29,Moderado,301.72
2026-09-20,México,Ciudad de México,17.4,Departamento,1,6,Alta,10,True,240.1,Eficiente,180.08
2026-11-03,México,Ciudad de México,15.0,Departamento,4,11,Baja,2,False,196.8,Eficiente,147.6
2026-09-23,México,Mérida,30.6,Casa,3,5,Baja,5,False,280.42,Moderado,210.32
2026-09-26,Colombia,Cali,24.0,Casa,2,10,Media,10,True,292.89,Moderado,219.67
2026-01-24,México,Monterrey,15.4,Casa,4,7,Baja,5,True,163.68,Eficiente,122.76
2026-07-20,Colombia,Medellín,20.8,Casa,4,11,Media,4,True,218.5,Eficiente,163.88
2026-06-22,Colombia,Bogotá,13.6,Casa,8,11,Media,7,True,388.12,Moderado,291.09
2026-03-31,México,Guadalajara,21.5,Casa,4,8,Media,5,True,322.38,Moderado,241.78
2026-03-21,Perú,Lima,26.2,Casa,3,15,Media,6,True,394.85,Moderado,296.14
2026-03-27,Perú,Arequipa,17.1,Departamento,4,10,Alta,10,True,221.63,Eficiente,166.22
2026-08-06,México,Monterrey,30.4,Departamento,4,6,Baja,1,True,159.5,Eficiente,119.62
2026-04-19,México,Mérida,29.0,Casa,3,12,Baja,5,True,231.89,Eficiente,173.92
2026-11-26,Colombia,Barranquilla,28.3,Casa,1,18,Alta,15,True,764.97,Ineficiente,573.73
2026-11-19,México,Mérida,26.6,Casa,2,20,Alta,10,True,507.02,Ineficiente,380.26
2026-02-25,Colombia,Cali,24.1,Casa,5,15,Alta,9,False,507.69,Ineficiente,380.77
2026-07-05,México,Mérida,31.3,Casa,2,17,Media,9,True,434.44,Moderado,325.83
2026-01-29,Colombia,Bogotá,14.6,Departamento,4,10,Alta,10,True,347.15,Moderado,260.36
2026-05-27,México,Guadalajara,25.6,Local,15,12,Baja,1,True,608.44,Ineficiente,456.33
2026-07-23,Perú,Piura,22.9,Casa,3,19,Baja,2,True,195.26,Eficiente,146.44
2026-05-14,México,Ciudad de México,19.4,Casa,8,7,Baja,4,True,266.3,Moderado,199.73
2026-01-12,México,Mérida,24.9,Local,8,20,Baja,5,True,917.04,Ineficiente,687.78
2026-03-20,México,Tijuana,16.1,Local,10,17,Media,5,False,966.45,Ineficiente,724.84
2026-05-21,México,Ciudad de México,19.7,Casa,4,19,Media,4,True,411.34,Moderado,308.5
2026-01-14,México,Mérida,23.0,Departamento,3,8,Baja,5,False,234.17,Eficiente,175.63
2026-01-15,México,Ciudad de México,12.3,Casa,7,14,Media,6,True,336.79,Moderado,252.59
2026-03-13,México,Guadalajara,21.5,Departamento,2,6,Alta,14,True,255.2,Moderado,191.4
2026-02-23,Colombia,Bucaramanga,23.9,Casa,6,9,Alta,10,True,451.42,Ineficiente,338.56
2026-05-01,Perú,Cusco,11.8,Local,15,28,Alta,9,True,1220.46,Ineficiente,915.34
2026-10-31,Colombia,Barranquilla,28.9,Departamento,3,11,Media,10,True,338.4,Moderado,253.8
2026-05-08,México,Guadalajara,25.1,Casa,4,6,Media,10,True,220.77,Eficiente,165.58
2026-09-20,Perú,Lima,19.4,Casa,4,16,Media,10,True,336.48,Moderado,252.36
2026-03-26,México,Guadalajara,21.6,Casa,3,13,Alta,10,False,450.03,Ineficiente,337.52
2026-10-08,México,Monterrey,24.5,Casa,5,17,Media,4,False,364.84,Moderado,273.63
2026-05-31,México,Monterrey,28.1,Departamento,2,10,Alta,12,True,356.95,Moderado,267.71
2026-07-26,México,Tijuana,22.4,Casa,3,16,Alta,12,True,549.21,Ineficiente,411.91
2026-11-01,México,Ciudad de México,14.7,Departamento,2,6,Baja,1,False,144.09,Eficiente,108.07
2026-06-15,Colombia,Bogotá,12.9,Casa,4,8,Media,4,True,236.05,Eficiente,177.04
2026-03-28,México,Monterrey,22.5,Departamento,5,6,Alta,8,False,154.05,Eficiente,115.54
2026-02-11,México,Ciudad de México,14.8,Casa,2,25,Alta,11,True,493.16,Ineficiente,369.87
2026-03-13,México,Tijuana,16.7,Departamento,2,6,Baja,4,True,134.68,Eficiente,101.01
2026-07-20,Perú,Piura,22.6,Casa,4,7,Alta,13,True,330.18,Moderado,247.64
2026-07-10,Perú,Piura,23.3,Casa,10,8,Alta,13,True,588.61,Ineficiente,441.46
2026-01-03,México,Ciudad de México,13.1,Casa,8,9,Alta,10,True,550.86,Ineficiente,413.14
2026-01-20,Colombia,Bogotá,13.1,Casa,5,14,Media,10,False,330.53,Moderado,247.9
2026-12-09,Perú,Cusco,13.3,Departamento,3,9,Alta,8,True,171.05,Eficiente,128.29
2026-02-21,Perú,Puno,11.8,Casa,7,9,Alta,14,True,271.65,Moderado,203.74
2026-03-19,México,Tijuana,15.5,Casa,2,10,Alta,8,True,441.44,Moderado,331.08
2026-05-19,México,Mérida,29.8,Casa,4,11,Baja,5,True,404.36,Moderado,303.27
2026-07-18,México,Ciudad de México,18.9,Departamento,2,4,Alta,8,True,270.98,Moderado,203.24
2026-02-26,Perú,Lima,27.8,Casa,3,14,Baja,1,True,209.63,Eficiente,157.22
2026-08-08,México,Monterrey,30.0,Casa,5,12,Alta,12,True,368.63,Moderado,276.47
2026-03-26,México,Monterrey,21.7,Casa,4,12,Baja,4,False,138.74,Eficiente,104.06
2026-12-18,Colombia,Medellín,21.2,Casa,2,13,Alta,14,True,331.86,Moderado,248.9
2026-01-22,México,Mérida,23.7,Casa,2,10,Baja,2,True,234.26,Eficiente,175.7
2026-04-06,Perú,Cusco,12.6,Casa,4,7,Baja,3,True,215.63,Eficiente,161.72
2026-05-09,Perú,Arequipa,15.0,Departamento,2,13,Media,6,True,187.46,Eficiente,140.6
2026-03-30,México,Tijuana,16.7,Departamento,4,4,Media,5,True,117.44,Eficiente,88.08
2026-04-15,Perú,Lima,24.3,Casa,5,9,Media,8,False,244.63,Eficiente,183.47
2026-09-18,Colombia,Medellín,21.3,Local,20,18,Baja,5,True,735.41,Ineficiente,551.56
2026-04-25,Perú,Lima,25.2,Local,10,19,Alta,10,True,1165.63,Ineficiente,874.22
2026-07-31,México,Guadalajara,23.5,Local,3,19,Alta,15,True,768.29,Ineficiente,576.22
2026-01-15,México,Ciudad de México,12.7,Casa,5,18,Alta,11,True,705.92,Ineficiente,529.44
2026-03-05,Colombia,Medellín,21.0,Local,10,19,Media,10,True,687.18,Ineficiente,515.38
2026-05-11,Perú,Piura,26.1,Casa,6,10,Media,6,True,192.43,Eficiente,144.32
2026-05-05,Perú,Puno,10.7,Departamento,3,7,Baja,3,False,240.63,Eficiente,180.47
2026-04-30,México,Mérida,28.4,Casa,4,16,Baja,5,True,393.66,Moderado,295.24
2026-04-18,Perú,Arequipa,15.9,Casa,5,22,Media,4,True,348.62,Moderado,261.47
2026-09-26,Colombia,Bogotá,12.9,Casa,10,12,Media,10,True,556.84,Ineficiente,417.63
2026-10-04,Colombia,Bogotá,13.1,Local,10,29,Media,7,True,924.48,Ineficiente,693.36
2026-09-15,Perú,Lima,19.1,Local,10,31,Media,4,True,888.07,Ineficiente,666.05
2026-11-14,Colombia,Barranquilla,29.8,Casa,8,12,Baja,5,True,241.15,Eficiente,180.86
2026-02-21,México,Tijuana,14.7,Casa,4,10,Media,4,True,304.64,Moderado,228.48
2026-04-27,México,Mérida,29.5,Local,15,23,Media,4,True,1002.88,Ineficiente,752.16
2026-12-01,México,Tijuana,14.8,Casa,4,10,Media,9,True,295.0,Moderado,221.25
2026-01-01,México,Monterrey,14.6,Departamento,4,6,Media,7,True,113.08,Eficiente,84.81
2026-12-22,Perú,Arequipa,17.6,Local,1,11,Alta,10,True,999.7,Ineficiente,749.78
2026-02-25,Perú,Lima,27.8,Local,1,16,Media,4,True,503.39,Ineficiente,377.54
2026-04-27,México,Ciudad de México,17.7,Casa,6,17,Media,10,False,295.52,Moderado,221.64
2026-09-20,Colombia,Barranquilla,29.4,Casa,3,16,Baja,5,True,389.1,Moderado,291.83
2026-07-11,México,Tijuana,23.0,Departamento,1,5,Media,8,False,227.04,Eficiente,170.28
2026-04-22,Perú,Cusco,12.8,Departamento,4,7,Alta,14,True,261.56,Moderado,196.17
2026-02-27,Colombia,Cali,23.2,Departamento,3,4,Alta,9,False,231.49,Eficiente,173.62
2026-07-01,México,Tijuana,22.1,Local,2,21,Media,5,False,481.33,Ineficiente,361.0
2026-06-03,Colombia,Bucaramanga,22.2,Departamento,3,7,Baja,5,False,169.37,Eficiente,127.03
2026-09-17,Colombia,Barranquilla,28.7,Casa,3,23,Alta,8,True,340.49,Moderado,255.37
2026-01-15,Perú,Arequipa,16.3,Casa,5,19,Baja,4,False,344.64,Moderado,258.48
2026-03-16,México,Guadalajara,21.3,Casa,2,17,Baja,3,True,296.01,Moderado,222.01
2026-11-05,México,Mérida,27.1,Departamento,2,4,Alta,9,True,208.02,Eficiente,156.02
2026-09-24,México,Ciudad de México,17.6,Casa,6,16,Baja,4,True,309.91,Moderado,232.43
2026-07-17,Colombia,Barranquilla,28.8,Departamento,5,8,Media,6,True,259.62,Moderado,194.72
2026-04-11,México,Monterrey,25.2,Local,2,15,Alta,15,False,1051.96,Ineficiente,788.97
2026-03-12,Colombia,Bucaramanga,23.2,Local,1,28,Baja,2,False,553.19,Ineficiente,414.89
2026-03-30,México,Ciudad de México,15.5,Local,10,12,Baja,6,True,483.64,Ineficiente,362.73
2026-05-15,Perú,Cusco,11.4,Casa,3,11,Media,4,True,277.85,Moderado,208.39
2026-12-01,Colombia,Bucaramanga,23.4,Casa,4,17,Alta,8,False,459.79,Ineficiente,344.84
2026-07-23,Colombia,Cali,22.6,Casa,6,17,Alta,11,False,509.47,Ineficiente,382.1
2026-05-02,Colombia,Bucaramanga,23.9,Departamento,6,11,Media,7,True,276.46,Moderado,207.34
2026-08-28,México,Guadalajara,24.7,Casa,6,9,Alta,9,True,460.07,Ineficiente,345.05
2026-11-28,Perú,Arequipa,17.6,Local,5,19,Alta,13,True,1359.17,Ineficiente,1019.38
2026-05-10,México,Ciudad de México,18.6,Casa,3,13,Media,9,True,327.44,Moderado,245.58
2026-09-03,México,Tijuana,23.0,Departamento,2,10,Baja,4,False,128.08,Eficiente,96.06
2026-11-07,México,Monterrey,20.9,Casa,6,9,Baja,5,False,341.09,Moderado,255.82
2026-02-21,México,Ciudad de México,13.9,Departamento,1,7,Media,9,False,190.93,Eficiente,143.2
2026-08-24,Perú,Cusco,10.2,Departamento,3,10,Alta,10,True,253.7,Moderado,190.27
2026-11-25,Perú,Puno,11.6,Departamento,2,7,Alta,15,True,337.32,Moderado,252.99
2026-12-05,Colombia,Bogotá,13.1,Casa,7,10,Media,6,True,334.87,Moderado,251.15
2026-06-11,Perú,Lima,19.7,Departamento,3,12,Media,5,True,132.36,Eficiente,99.27
2026-03-20,Perú,Piura,28.4,Casa,4,21,Alta,12,True,478.84,Ineficiente,359.13
2026-10-07,México,Guadalajara,23.0,Departamento,4,13,Baja,3,True,139.28,Eficiente,104.46
2026-07-02,Perú,Cusco,9.4,Departamento,4,11,Media,8,False,347.7,Moderado,260.77
2026-08-07,México,Ciudad de México,18.1,Local,2,20,Media,6,True,872.07,Ineficiente,654.05
2026-12-22,Perú,Puno,11.0,Departamento,5,11,Baja,4,True,137.71,Eficiente,103.28
2026-03-03,Colombia,Barranquilla,28.9,Departamento,4,7,Media,6,True,271.35,Moderado,203.51
2026-08-31,Colombia,Bucaramanga,22.8,Local,10,24,Alta,12,False,1049.58,Ineficiente,787.18
2026-12-06,Colombia,Medellín,22.3,Casa,6,21,Media,6,True,585.38,Ineficiente,439.04
2026-12-31,Colombia,Bucaramanga,22.6,Departamento,2,10,Media,6,False,222.7,Eficiente,167.02
2026-03-22,Perú,Puno,12.7,Casa,3,6,Media,4,False,257.49,Moderado,193.12
2026-09-21,Perú,Cusco,13.0,Casa,5,12,Baja,4,True,237.33,Eficiente,178.0
2026-05-21,Colombia,Bucaramanga,22.2,Departamento,3,10,Alta,11,False,232.55,Eficiente,174.41
2026-03-13,Perú,Puno,11.2,Casa,7,6,Media,8,False,319.8,Moderado,239.85
2026-01-25,México,Tijuana,14.6,Local,5,27,Media,6,False,671.91,Ineficiente,503.93
2026-09-14,México,Ciudad de México,18.0,Casa,4,13,Baja,4,False,281.07,Moderado,210.8
2026-08-06,México,Guadalajara,23.9,Casa,5,12,Baja,3,True,228.27,Eficiente,171.2
2026-03-05,México,Guadalajara,21.8,Casa,4,10,Alta,10,True,325.5,Moderado,244.12
2026-04-23,México,Monterrey,25.5,Casa,3,16,Alta,15,True,512.37,Ineficiente,384.28
2026-03-19,México,Guadalajara,22.7,Casa,1,17,Alta,15,True,638.11,Ineficiente,478.58
2026-03-29,Colombia,Cali,24.4,Departamento,3,9,Media,6,False,168.07,Eficiente,126.05
2026-01-05,Perú,Puno,11.6,Casa,6,7,Baja,4,True,311.64,Moderado,233.73
2026-09-08,Perú,Piura,25.0,Casa,2,9,Media,5,True,201.39,Eficiente,151.04
2026-09-09,Colombia,Cali,22.4,Departamento,1,7,Media,4,True,161.99,Eficiente,121.49
2026-11-05,México,Tijuana,17.3,Casa,4,10,Baja,6,True,275.59,Moderado,206.69
2026-01-03,Perú,Cusco,13.9,Departamento,2,8,Media,6,True,177.64,Eficiente,133.23
2026-03-19,Colombia,Bucaramanga,23.5,Casa,5,15,Media,9,True,260.2,Moderado,195.15
2026-10-18,México,Guadalajara,23.1,Casa,5,8,Alta,10,True,398.15,Moderado,298.61
2026-01-23,Colombia,Bogotá,14.6,Local,20,29,Alta,14,True,2099.38,Ineficiente,1574.54
2026-05-31,Colombia,Medellín,22.4,Casa,4,8,Baja,2,True,258.88,Moderado,194.16
2026-05-10,Perú,Lima,21.6,Casa,5,7,Baja,5,True,208.79,Eficiente,156.59
2026-03-28,México,Ciudad de México,16.5,Departamento,2,7,Alta,13,True,271.75,Moderado,203.81
2026-03-25,México,Monterrey,21.2,Casa,6,7,Media,10,False,264.22,Moderado,198.17
2026-11-09,México,Guadalajara,20.5,Casa,4,10,Alta,11,True,416.68,Moderado,312.51
2026-07-08,Colombia,Cali,23.6,Departamento,3,8,Alta,11,True,457.2,Ineficiente,342.9
2026-02-18,México,Guadalajara,19.5,Casa,1,17,Baja,6,True,283.06,Moderado,212.3
2026-11-16,México,Tijuana,18.2,Casa,4,19,Media,7,False,415.99,Moderado,311.99
2026-02-10,México,Ciudad de México,13.4,Local,5,17,Alta,11,True,946.77,Ineficiente,710.08
2026-03-17,México,Monterrey,22.5,Casa,4,14,Media,5,True,354.43,Moderado,265.82
2026-11-27,Perú,Puno,12.8,Casa,3,7,Alta,10,True,364.39,Moderado,273.29
2026-07-13,Perú,Puno,8.9,Departamento,3,8,Baja,4,True,135.04,Eficiente,101.28
2026-10-27,México,Guadalajara,23.2,Casa,4,19,Media,7,True,262.72,Moderado,197.04
2026-06-20,Colombia,Medellín,20.4,Casa,4,21,Media,10,True,462.44,Ineficiente,346.83
2026-07-02,Perú,Lima,17.6,Casa,5,8,Media,8,False,299.39,Moderado,224.54
2026-04-19,México,Tijuana,17.8,Local,5,13,Media,9,True,866.53,Ineficiente,649.9
2026-12-16,Perú,Puno,12.2,Departamento,4,11,Media,6,True,254.28,Moderado,190.71
2026-07-06,Perú,Piura,22.6,Departamento,6,5,Alta,14,True,326.03,Moderado,244.52
2026-12-02,México,Guadalajara,19.5,Casa,7,10,Media,5,True,328.77,Moderado,246.58
2026-08-15,México,Mérida,31.9,Departamento,1,7,Alta,14,False,287.44,Moderado,215.58
2026-06-23,México,Ciudad de México,19.3,Departamento,3,9,Alta,9,True,326.06,Moderado,244.54
2026-02-25,México,Mérida,25.4,Departamento,4,11,Alta,10,False,253.87,Moderado,190.4
2026-01-29,Colombia,Cali,24.2,Casa,8,11,Media,10,False,379.94,Moderado,284.96
2026-08-13,Colombia,Medellín,20.1,Casa,5,10,Media,6,False,209.55,Eficiente,157.16
2026-07-18,Perú,Lima,18.1,Casa,8,17,Baja,2,True,251.49,Moderado,188.62
2026-03-04,México,Mérida,26.6,Casa,8,10,Media,9,True,519.07,Ineficiente,389.3
2026-05-21,Colombia,Cali,23.3,Departamento,2,9,Media,8,False,228.86,Eficiente,171.64
2026-10-28,México,Ciudad de México,16.7,Casa,5,8,Media,5,True,294.52,Moderado,220.89
2026-07-24,Colombia,Barranquilla,28.8,Casa,3,13,Media,10,True,324.96,Moderado,243.72
2026-05-09,Perú,Piura,26.4,Departamento,4,9,Media,8,False,235.4,Eficiente,176.55
2026-04-04,Perú,Puno,11.4,Departamento,1,7,Media,8,False,174.26,Eficiente,130.7
2026-08-06,Perú,Piura,23.4,Casa,6,12,Alta,11,True,601.39,Ineficiente,451.04
2026-05-17,Perú,Piura,25.8,Local,10,15,Media,4,True,866.53,Ineficiente,649.9
2026-12-30,Colombia,Cali,24.8,Local,5,21,Alta,15,False,1327.71,Ineficiente,995.78
2026-12-28,México,Ciudad de México,14.1,Casa,4,12,Baja,4,True,206.69,Eficiente,155.02
2026-12-09,Colombia,Cali,24.2,Departamento,1,6,Baja,3,True,160.68,Eficiente,120.51
2026-02-17,Perú,Piura,29.6,Departamento,5,5,Baja,2,False,162.64,Eficiente,121.98
2026-09-13,Colombia,Bogotá,13.8,Departamento,2,10,Media,4,False,226.65,Eficiente,169.99
2026-04-11,Perú,Piura,28.0,Casa,5,6,Baja,2,True,255.09,Moderado,191.32
2026-02-16,Colombia,Barranquilla,27.0,Casa,3,11,Baja,6,False,268.35,Moderado,201.26
2026-01-20,México,Guadalajara,19.4,Casa,6,12,Media,8,False,253.01,Moderado,189.76
2026-08-01,Perú,Puno,8.4,Casa,8,21,Media,9,False,449.02,Moderado,336.76
2026-05-12,México,Guadalajara,25.5,Departamento,3,9,Alta,10,False,367.58,Moderado,275.68
2026-08-04,México,Ciudad de México,17.5,Local,5,13,Media,5,True,318.47,Moderado,238.85
2026-12-28,Perú,Piura,28.4,Departamento,5,8,Alta,12,True,307.62,Moderado,230.72
2026-10-29,Colombia,Cali,23.4,Local,3,26,Media,4,True,610.69,Ineficiente,458.02
2026-05-04,México,Tijuana,18.2,Casa,5,8,Media,6,False,221.21,Eficiente,165.91
2026-02-24,Colombia,Bogotá,14.7,Local,10,28,Media,6,True,957.03,Ineficiente,717.77
2026-10-25,México,Mérida,29.5,Casa,6,7,Alta,11,False,576.67,Ineficiente,432.5
2026-05-06,Perú,Arequipa,15.0,Casa,4,19,Media,10,True,399.0,Moderado,299.25
2026-11-12,Perú,Cusco,13.3,Casa,5,10,Baja,2,False,233.36,Eficiente,175.02
2026-10-20,México,Monterrey,25.6,Departamento,1,7,Media,5,True,170.75,Eficiente,128.06
2026-08-01,Colombia,Bucaramanga,21.5,Departamento,3,8,Baja,6,True,188.82,Eficiente,141.62
2026-05-18,Colombia,Bogotá,13.5,Departamento,1,6,Baja,2,True,125.79,Eficiente,94.34
2026-08-17,Perú,Piura,24.0,Casa,3,18,Media,6,True,267.12,Moderado,200.34
2026-09-03,México,Monterrey,28.7,Departamento,3,6,Media,4,True,222.22,Eficiente,166.66
2026-06-17,Colombia,Cali,23.1,Casa,3,20,Media,7,True,329.22,Moderado,246.92
2026-10-08,Perú,Lima,21.7,Departamento,2,5,Media,4,True,143.53,Eficiente,107.65
2026-09-29,Colombia,Medellín,21.0,Casa,6,21,Media,4,True,268.03,Moderado,201.02
2026-02-24,México,Tijuana,14.9,Departamento,3,12,Baja,5,False,212.72,Eficiente,159.54
2026-04-03,Perú,Cusco,13.5,Casa,2,16,Media,9,True,364.28,Moderado,273.21
2026-07-17,Perú,Cusco,9.3,Casa,4,11,Media,5,False,262.35,Moderado,196.76
2026-10-07,Perú,Lima,20.3,Departamento,4,9,Alta,14,False,435.6,Moderado,326.7
2026-04-26,Colombia,Bogotá,14.0,Departamento,2,6,Baja,1,True,108.87,Eficiente,81.65
2026-03-26,Colombia,Cali,24.3,Casa,5,10,Alta,13,True,412.41,Moderado,309.31
2026-06-13,Perú,Puno,7.0,Casa,7,14,Media,5,False,203.19,Eficiente,152.39
2026-12-29,Colombia,Bogotá,14.0,Casa,7,8,Media,9,False,289.91,Moderado,217.43
2026-04-14,México,Guadalajara,24.5,Departamento,2,14,Media,5,True,268.63,Moderado,201.47
2026-04-06,Colombia,Bucaramanga,23.7,Casa,3,8,Baja,3,False,162.72,Eficiente,122.04
2026-06-15,México,Monterrey,31.4,Casa,2,20,Baja,1,True,375.02,Moderado,281.26
2026-11-14,México,Monterrey,20.3,Departamento,3,9,Alta,13,True,365.33,Moderado,274.0
2026-02-10,Colombia,Bucaramanga,23.2,Casa,6,21,Alta,13,False,420.36,Moderado,315.27
2026-12-11,Perú,Lima,24.1,Departamento,3,10,Media,7,True,250.86,Moderado,188.14
2026-09-21,Perú,Piura,23.9,Casa,2,9,Media,6,False,235.14,Eficiente,176.36
2026-09-20,México,Monterrey,28.1,Departamento,1,9,Baja,5,True,192.97,Eficiente,144.73
2026-03-29,Perú,Arequipa,16.4,Casa,4,8,Alta,9,True,482.24,Ineficiente,361.68
2026-05-01,México,Tijuana,19.5,Casa,2,6,Media,4,False,313.58,Moderado,235.18
2026-09-29,Colombia,Bogotá,14.0,Casa,6,9,Media,9,True,314.53,Moderado,235.9
2026-06-20,Colombia,Bucaramanga,23.0,Casa,7,10,Media,9,False,349.33,Moderado,262.0
2026-01-05,Perú,Cusco,14.2,Casa,4,9,Alta,9,True,335.0,Moderado,251.25
2026-09-16,México,Ciudad de México,18.6,Casa,3,8,Media,6,False,302.33,Moderado,226.75
2026-10-06,Colombia,Cali,23.1,Departamento,2,14,Baja,2,True,122.25,Eficiente,91.69
2026-03-28,Colombia,Barranquilla,30.0,Departamento,8,7,Baja,6,True,179.4,Eficiente,134.55
2026-06-05,México,Monterrey,31.9,Casa,6,21,Media,7,False,510.53,Ineficiente,382.9
2026-08-01,México,Tijuana,23.0,Casa,7,10,Media,7,False,244.96,Eficiente,183.72
2026-03-24,México,Ciudad de México,16.1,Departamento,3,4,Alta,10,True,382.56,Moderado,286.92
2026-09-24,México,Guadalajara,24.4,Casa,4,14,Alta,15,True,485.24,Ineficiente,363.93
2026-06-16,México,Monterrey,31.2,Casa,8,17,Baja,2,False,311.26,Moderado,233.44
2026-05-04,Colombia,Bucaramanga,22.9,Casa,4,12,Alta,9,False,460.44,Ineficiente,345.33
2026-03-18,Colombia,Cali,24.0,Casa,7,19,Baja,4,False,378.6,Moderado,283.95
2026-01-28,Colombia,Bogotá,13.4,Departamento,2,8,Media,7,True,186.24,Eficiente,139.68
2026-12-16,México,Tijuana,15.3,Departamento,2,5,Baja,2,True,161.05,Eficiente,120.79
2026-12-05,México,Ciudad de México,14.4,Departamento,4,9,Baja,6,False,213.17,Eficiente,159.88
2026-12-13,México,Monterrey,15.6,Casa,4,10,Media,4,True,414.32,Moderado,310.74
2026-03-19,Perú,Puno,12.0,Local,1,19,Baja,6,True,344.63,Moderado,258.47
2026-03-03,Perú,Puno,12.1,Casa,2,17,Baja,5,False,195.71,Eficiente,146.78
2026-06-28,México,Tijuana,21.2,Casa,4,14,Alta,13,True,594.9,Ineficiente,446.17
2026-03-30,Colombia,Barranquilla,28.7,Departamento,2,7,Baja,2,False,140.32,Eficiente,105.24
2026-08-15,Colombia,Cali,23.5,Casa,3,9,Media,6,True,248.19,Eficiente,186.14
2026-06-17,Perú,Cusco,11.2,Departamento,2,14,Media,10,False,178.09,Eficiente,133.57
2026-02-16,Colombia,Bogotá,13.3,Casa,8,5,Alta,9,True,532.19,Ineficiente,399.14
2026-12-26,Colombia,Cali,24.9,Casa,3,12,Media,5,True,334.9,Moderado,251.18
2026-04-18,México,Tijuana,17.6,Casa,6,20,Alta,11,True,517.49,Ineficiente,388.12
2026-03-06,Colombia,Barranquilla,28.7,Local,2,31,Baja,5,True,857.95,Ineficiente,643.46
2026-01-27,Perú,Puno,11.3,Casa,3,9,Alta,13,True,375.35,Moderado,281.51
2026-07-19,Colombia,Barranquilla,28.9,Casa,1,19,Alta,11,False,723.78,Ineficiente,542.84
2026-06-07,Perú,Piura,24.9,Casa,5,9,Alta,14,True,582.62,Ineficiente,436.96
2026-07-03,México,Mérida,31.5,Casa,8,24,Media,10,False,663.27,Ineficiente,497.45
2026-03-27,México,Ciudad de México,16.5,Casa,7,17,Media,5,True,371.47,Moderado,278.6
2026-05-20,México,Monterrey,29.0,Departamento,1,11,Media,6,True,274.46,Moderado,205.84
2026-11-17,México,Guadalajara,21.0,Local,8,19,Media,8,True,705.94,Ineficiente,529.46
2026-03-22,Colombia,Cali,24.5,Local,5,23,Alta,14,True,1259.75,Ineficiente,944.81
2026-12-20,Colombia,Barranquilla,27.0,Casa,6,14,Baja,5,True,223.84,Eficiente,167.88
2026-05-16,Colombia,Bogotá,14.9,Casa,6,10,Alta,10,False,462.46,Ineficiente,346.84
2026-09-29,México,Guadalajara,24.2,Casa,4,9,Alta,9,False,316.54,Moderado,237.41
2026-01-18,Colombia,Cali,24.3,Departamento,2,8,Media,8,True,137.66,Eficiente,103.24
2026-06-25,Colombia,Cali,23.7,Casa,4,19,Alta,15,True,474.17,Ineficiente,355.63
2026-10-14,Colombia,Bucaramanga,23.7,Departamento,2,8,Alta,10,True,409.94,Moderado,307.46
2026-07-04,Perú,Puno,8.1,Casa,2,17,Media,8,True,469.83,Ineficiente,352.37
2026-05-09,México,Guadalajara,25.2,Departamento,2,6,Baja,2,True,144.4,Eficiente,108.3
2026-03-06,Colombia,Cali,23.4,Casa,6,10,Baja,6,True,337.18,Moderado,252.88
2026-04-15,México,Tijuana,16.0,Casa,8,21,Media,10,True,584.45,Ineficiente,438.34
2026-12-26,Perú,Arequipa,18.0,Departamento,2,14,Media,8,True,282.66,Moderado,212.0
2026-09-08,México,Guadalajara,23.7,Local,3,25,Alta,15,True,1041.31,Ineficiente,780.98
2026-12-23,México,Guadalajara,19.8,Casa,5,20,Alta,13,True,449.97,Moderado,337.48
2026-06-13,México,Monterrey,30.1,Local,5,19,Baja,2,True,633.28,Ineficiente,474.96
2026-04-18,México,Ciudad de México,19.0,Departamento,2,6,Baja,2,True,123.58,Eficiente,92.68
2026-03-20,México,Ciudad de México,16.7,Departamento,2,11,Alta,12,False,325.22,Moderado,243.92
2026-11-30,Perú,Cusco,13.3,Casa,4,20,Baja,3,False,277.0,Moderado,207.75
2026-06-22,México,Tijuana,21.9,Casa,7,23,Baja,2,True,376.89,Moderado,282.67
2026-03-31,México,Ciudad de México,16.8,Local,10,19,Alta,11,False,685.74,Ineficiente,514.31
2026-10-08,Perú,Cusco,13.0,Casa,3,21,Media,8,True,403.95,Moderado,302.96
2026-06-26,Perú,Piura,23.1,Casa,5,17,Baja,2,False,328.79,Moderado,246.59
2026-07-22,México,Mérida,31.5,Departamento,1,4,Alta,12,False,329.59,Moderado,247.19
2026-10-18,Perú,Lima,21.2,Casa,7,17,Media,7,False,380.03,Moderado,285.02
2026-02-23,Perú,Lima,28.8,Local,5,20,Media,5,True,1095.39,Ineficiente,821.54
2026-10-28,Colombia,Cali,24.5,Casa,5,17,Media,10,False,510.09,Ineficiente,382.57
2026-01-03,México,Mérida,24.2,Departamento,1,6,Media,6,True,144.08,Eficiente,108.06
2026-11-12,México,Guadalajara,21.0,Departamento,3,11,Media,10,True,131.21,Eficiente,98.41
2026-05-01,Colombia,Cali,23.8,Departamento,1,4,Baja,1,True,77.12,Eficiente,57.84
2026-02-16,Colombia,Bogotá,15.0,Casa,4,7,Media,5,True,275.16,Moderado,206.37
2026-02-08,México,Monterrey,18.1,Departamento,3,8,Baja,2,False,77.54,Eficiente,58.16
2026-12-15,Colombia,Medellín,21.3,Casa,4,14,Alta,12,False,399.51,Moderado,299.63
2026-05-12,Perú,Piura,26.9,Casa,2,14,Alta,9,True,422.17,Moderado,316.63
2026-11-14,México,Monterrey,19.5,Departamento,3,10,Baja,1,False,112.44,Eficiente,84.33
2026-07-24,México,Monterrey,31.5,Local,10,15,Media,4,True,1066.76,Ineficiente,800.07
2026-10-12,México,Mérida,28.3,Casa,8,14,Media,4,True,407.13,Moderado,305.35
2026-08-25,México,Ciudad de México,18.2,Local,1,13,Alta,15,True,489.46,Ineficiente,367.1
2026-02-23,México,Ciudad de México,15.0,Departamento,2,6,Media,10,True,243.1,Eficiente,182.32
2026-11-21,Colombia,Bucaramanga,22.8,Casa,5,15,Media,7,False,496.74,Ineficiente,372.56
2026-03-31,México,Monterrey,21.3,Departamento,2,8,Alta,9,True,190.79,Eficiente,143.09
2026-12-07,Colombia,Barranquilla,28.0,Casa,7,21,Alta,13,True,938.83,Ineficiente,704.12
2026-03-24,Perú,Cusco,14.8,Departamento,3,10,Media,4,True,179.04,Eficiente,134.28
2026-08-11,México,Guadalajara,23.9,Casa,1,5,Baja,5,True,143.78,Eficiente,107.84
2026-02-07,Perú,Arequipa,16.1,Departamento,3,7,Media,8,True,230.46,Eficiente,172.84
2026-02-05,Colombia,Barranquilla,29.0,Local,10,18,Media,10,True,900.1,Ineficiente,675.08
2026-04-18,Perú,Lima,25.6,Local,20,16,Media,5,True,1272.15,Ineficiente,954.11
2026-08-20,Colombia,Medellín,20.1,Casa,6,12,Baja,2,True,209.59,Eficiente,157.19
2026-11-23,Colombia,Cali,23.8,Departamento,5,6,Media,7,True,338.61,Moderado,253.96
2026-02-22,México,Guadalajara,20.1,Casa,4,7,Baja,1,True,151.78,Eficiente,113.84
2026-09-10,México,Mérida,30.4,Departamento,2,11,Alta,10,True,448.56,Moderado,336.42
2026-01-25,Perú,Cusco,13.1,Casa,2,9,Media,6,True,216.91,Eficiente,162.68
2026-07-12,Perú,Lima,17.1,Casa,5,8,Media,4,True,187.2,Eficiente,140.4
2026-04-10,Colombia,Bogotá,13.8,Departamento,2,8,Media,6,True,229.56,Eficiente,172.17
2026-01-30,Colombia,Medellín,22.3,Casa,1,13,Media,10,True,359.89,Moderado,269.92
2026-11-28,México,Mérida,27.2,Casa,5,19,Alta,14,True,496.06,Ineficiente,372.04
2026-01-21,Colombia,Bucaramanga,22.0,Casa,4,8,Alta,10,True,286.35,Moderado,214.76
2026-05-26,México,Guadalajara,25.2,Casa,6,18,Alta,9,False,471.59,Ineficiente,353.69
2026-04-07,México,Mérida,28.4,Casa,6,8,Alta,9,True,436.93,Moderado,327.7
2026-04-30,México,Ciudad de México,17.4,Departamento,1,5,Media,7,False,199.28,Eficiente,149.46
2026-04-30,Colombia,Barranquilla,29.7,Departamento,2,8,Media,7,True,182.48,Eficiente,136.86
2026-05-10,Perú,Puno,10.6,Local,2,14,Alta,13,True,571.13,Ineficiente,428.35
2026-06-08,Colombia,Medellín,21.7,Casa,4,8,Media,6,False,316.1,Moderado,237.08
2026-11-17,Colombia,Medellín,21.9,Casa,2,10,Media,5,True,242.67,Eficiente,182.0
2026-03-23,México,Ciudad de México,16.5,Local,3,29,Baja,6,False,679.7,Ineficiente,509.78
2026-01-31,Colombia,Bogotá,14.4,Departamento,1,6,Media,8,True,140.81,Eficiente,105.61
2026-03-02,México,Guadalajara,21.2,Casa,3,9,Media,6,False,283.13,Moderado,212.35
2026-03-27,México,Ciudad de México,15.4,Casa,6,9,Media,9,True,379.54,Moderado,284.66
2026-09-22,México,Monterrey,29.9,Casa,3,16,Alta,11,True,624.16,Ineficiente,468.12
2026-10-16,Perú,Cusco,13.5,Casa,2,11,Media,5,True,339.75,Moderado,254.81
2026-11-16,Colombia,Barranquilla,29.1,Casa,8,12,Media,6,False,436.8,Moderado,327.6
2026-12-22,México,Tijuana,15.2,Local,2,15,Media,9,True,674.81,Ineficiente,506.11
2026-07-07,Colombia,Bogotá,12.2,Departamento,4,7,Baja,1,False,179.63,Eficiente,134.72
2026-07-04,México,Guadalajara,23.5,Casa,6,19,Baja,5,True,278.53,Moderado,208.9
2026-08-02,Perú,Piura,22.7,Casa,5,15,Media,6,False,245.96,Eficiente,184.47
2026-01-08,Perú,Piura,27.4,Casa,6,21,Baja,6,False,320.75,Moderado,240.56
2026-02-13,México,Tijuana,15.7,Departamento,3,7,Media,7,True,190.27,Eficiente,142.7
2026-11-02,México,Ciudad de México,14.7,Local,10,12,Media,4,True,836.61,Ineficiente,627.46
2026-09-16,México,Ciudad de México,18.7,Local,2,24,Alta,12,True,617.31,Ineficiente,462.98
2026-06-15,Perú,Puno,7.5,Casa,5,8,Baja,5,True,238.86,Eficiente,179.14
2026-08-20,Perú,Arequipa,14.7,Casa,7,15,Media,5,False,348.94,Moderado,261.7
2026-03-27,México,Tijuana,16.0,Casa,3,14,Media,6,False,269.22,Moderado,201.92
2026-04-30,Colombia,Barranquilla,28.3,Departamento,5,10,Media,9,True,284.92,Moderado,213.69
2026-06-26,México,Monterrey,30.6,Departamento,2,6,Media,8,True,272.52,Moderado,204.39
2026-10-22,México,Ciudad de México,17.1,Casa,6,11,Media,10,False,350.23,Moderado,262.67
2026-04-18,México,Tijuana,17.3,Casa,5,12,Media,4,True,334.29,Moderado,250.72
2026-10-13,México,Tijuana,21.2,Local,10,10,Baja,5,True,404.58,Moderado,303.44
2026-07-16,México,Mérida,31.3,Casa,5,18,Alta,9,False,469.38,Ineficiente,352.04
2026-10-03,México,Mérida,29.3,Departamento,2,12,Media,9,True,246.26,Eficiente,184.7
2026-10-24,Perú,Puno,11.2,Departamento,1,11,Baja,6,True,171.67,Eficiente,128.75
2026-08-09,México,Tijuana,23.9,Casa,8,16,Media,10,True,353.32,Moderado,264.99
2026-12-29,Perú,Piura,28.9,Casa,7,19,Media,10,True,494.65,Ineficiente,370.99
2026-08-26,Perú,Arequipa,14.9,Departamento,1,6,Media,8,False,254.57,Moderado,190.93
2026-03-13,Colombia,Medellín,22.8,Local,10,24,Media,4,True,824.64,Ineficiente,618.48
2026-05-06,México,Guadalajara,25.0,Local,5,31,Media,6,True,883.85,Ineficiente,662.89
2026-11-29,Perú,Cusco,13.2,Casa,1,9,Media,5,True,130.06,Eficiente,97.54
2026-10-06,México,Mérida,28.6,Casa,1,7,Alta,11,True,548.24,Ineficiente,411.18
2026-04-15,México,Tijuana,17.8,Local,8,16,Alta,11,True,1168.79,Ineficiente,876.59
2026-05-31,Colombia,Bogotá,13.5,Local,15,13,Media,10,True,1083.22,Ineficiente,812.42
2026-08-09,México,Tijuana,24.5,Departamento,1,11,Baja,3,True,194.83,Eficiente,146.12
2026-01-31,México,Guadalajara,19.3,Casa,3,20,Baja,2,False,177.0,Eficiente,132.75
2026-11-11,Perú,Cusco,13.3,Local,5,24,Alta,9,True,678.74,Ineficiente,509.06
2026-12-05,Perú,Lima,24.4,Local,3,28,Alta,8,True,845.04,Ineficiente,633.78
2026-07-28,Colombia,Cali,23.9,Casa,4,9,Media,4,True,295.84,Moderado,221.88
2026-08-23,Colombia,Bucaramanga,21.3,Departamento,2,7,Media,7,False,110.28,Eficiente,82.71
2026-11-14,Perú,Lima,23.2,Local,2,15,Alta,15,True,930.21,Ineficiente,697.66
2026-04-12,Perú,Arequipa,16.7,Casa,3,21,Media,4,True,254.14,Moderado,190.6
2026-10-07,Colombia,Bogotá,13.1,Casa,4,8,Media,7,False,288.22,Moderado,216.17
2026-05-31,México,Guadalajara,25.7,Departamento,3,12,Alta,12,False,207.73,Eficiente,155.8
2026-04-20,Colombia,Bogotá,14.5,Casa,4,12,Media,5,False,187.97,Eficiente,140.98
2026-09-08,Colombia,Medellín,20.7,Local,10,18,Media,6,True,1370.63,Ineficiente,1027.97
2026-12-29,México,Tijuana,16.0,Local,3,21,Baja,1,True,335.46,Moderado,251.59
2026-08-18,México,Mérida,31.3,Casa,2,11,Baja,4,False,206.25,Eficiente,154.69
2026-01-08,México,Ciudad de México,12.5,Casa,3,7,Media,5,True,250.79,Moderado,188.09
2026-07-02,México,Tijuana,23.4,Departamento,4,9,Media,6,False,152.51,Eficiente,114.38
2026-10-17,México,Ciudad de México,17.5,Local,5,25,Media,10,True,799.31,Ineficiente,599.48
2026-09-28,México,Ciudad de México,17.6,Local,5,21,Alta,13,True,1292.32,Ineficiente,969.24
2026-08-15,Perú,Puno,9.6,Departamento,4,5,Media,5,True,162.14,Eficiente,121.6
2026-09-13,México,Guadalajara,24.6,Departamento,1,5,Alta,10,True,264.17,Moderado,198.13
2026-10-15,Colombia,Bucaramanga,23.1,Casa,2,6,Alta,10,True,311.29,Moderado,233.47
2026-03-30,México,Guadalajara,22.3,Departamento,3,9,Media,9,True,262.48,Moderado,196.86
2026-05-01,México,Monterrey,29.8,Local,8,15,Media,9,True,531.61,Ineficiente,398.71
2026-11-11,México,Ciudad de México,15.8,Casa,5,7,Media,4,False,262.76,Moderado,197.07
2026-07-18,México,Ciudad de México,18.1,Casa,10,16,Alta,12,True,462.92,Ineficiente,347.19
2026-04-13,Colombia,Barranquilla,29.1,Casa,3,12,Media,5,True,300.95,Moderado,225.71
2026-11-24,México,Ciudad de México,14.4,Departamento,1,6,Media,5,True,158.44,Eficiente,118.83
2026-05-10,Colombia,Medellín,21.5,Departamento,2,9,Alta,13,True,178.44,Eficiente,133.83
2026-10-16,Colombia,Cali,24.2,Departamento,3,9,Media,7,True,246.57,Eficiente,184.93
2026-08-17,México,Guadalajara,23.5,Casa,8,12,Alta,15,True,676.88,Ineficiente,507.66
2026-11-19,Colombia,Cali,23.2,Casa,4,15,Baja,1,False,179.63,Eficiente,134.72
2026-03-25,México,Mérida,26.2,Departamento,6,9,Media,8,True,131.0,Eficiente,98.25
2026-03-27,México,Guadalajara,21.3,Departamento,1,7,Media,10,False,218.51,Eficiente,163.88
2026-12-06,Colombia,Medellín,21.7,Casa,1,20,Baja,2,True,196.27,Eficiente,147.2
2026-01-27,México,Ciudad de México,12.5,Casa,6,15,Baja,5,True,204.16,Eficiente,153.12
2026-08-05,México,Monterrey,30.6,Casa,6,12,Alta,13,True,737.13,Ineficiente,552.85
2026-05-24,Colombia,Cali,24.5,Casa,5,12,Alta,10,False,269.62,Moderado,202.22
2026-07-14,México,Monterrey,31.2,Departamento,3,6,Baja,1,False,158.4,Eficiente,118.8
2026-05-01,México,Guadalajara,26.4,Departamento,3,7,Baja,5,False,194.93,Eficiente,146.2
2026-07-18,Perú,Cusco,10.3,Casa,4,11,Baja,2,True,220.5,Eficiente,165.38
2026-07-17,Perú,Puno,7.3,Casa,5,11,Media,8,False,237.06,Eficiente,177.8
2026-10-21,Colombia,Bucaramanga,23.7,Departamento,2,6,Media,5,False,201.22,Eficiente,150.92
2026-12-09,México,Monterrey,16.3,Casa,4,15,Alta,11,True,518.86,Ineficiente,389.14
2026-10-29,México,Mérida,29.2,Local,2,23,Baja,1,True,380.04,Moderado,285.03
2026-04-24,Colombia,Barranquilla,29.1,Local,20,17,Baja,1,True,1263.91,Ineficiente,947.93
2026-09-29,Perú,Puno,10.8,Casa,7,5,Baja,2,True,175.39,Eficiente,131.54
2026-06-09,Colombia,Barranquilla,29.9,Departamento,2,8,Alta,14,True,306.23,Moderado,229.67
2026-08-17,Colombia,Bucaramanga,21.6,Casa,1,19,Media,5,True,231.01,Eficiente,173.26
2026-06-11,Colombia,Medellín,20.4,Casa,5,9,Alta,14,False,323.07,Moderado,242.3
2026-05-03,Colombia,Barranquilla,29.8,Casa,1,10,Media,7,True,226.61,Eficiente,169.96
2026-04-19,Colombia,Medellín,21.5,Local,5,27,Media,9,True,900.12,Ineficiente,675.09
2026-09-01,Colombia,Bogotá,13.8,Casa,7,14,Media,5,True,401.38,Moderado,301.03
2026-09-01,Colombia,Bucaramanga,22.2,Departamento,2,7,Media,7,False,172.76,Eficiente,129.57
2026-04-16,Colombia,Bucaramanga,22.4,Local,5,13,Media,7,True,537.06,Ineficiente,402.79
2026-09-06,Colombia,Barranquilla,28.7,Casa,3,20,Media,7,True,247.21,Eficiente,185.41
2026-02-18,Perú,Piura,28.2,Casa,5,13,Media,5,True,565.34,Ineficiente,424.0
2026-07-24,Perú,Arequipa,12.5,Casa,3,6,Alta,8,True,310.05,Moderado,232.54
2026-11-25,Colombia,Bogotá,13.1,Local,3,16,Media,5,True,653.34,Ineficiente,490.0
2026-10-21,Colombia,Bucaramanga,22.5,Casa,10,11,Alta,14,True,504.27,Ineficiente,378.2
2026-09-23,México,Mérida,29.7,Departamento,2,11,Media,5,False,272.69,Moderado,204.52
2026-01-23,México,Monterrey,14.4,Departamento,3,11,Alta,12,True,298.81,Moderado,224.11
2026-01-30,Perú,Puno,11.3,Local,10,19,Alta,13,True,879.11,Ineficiente,659.33
2026-01-31,Perú,Lima,27.4,Casa,1,21,Media,8,True,436.49,Moderado,327.37
2026-05-17,México,Guadalajara,26.5,Local,10,25,Media,10,True,1455.98,Ineficiente,1091.99
2026-05-13,México,Ciudad de México,18.1,Departamento,3,11,Baja,5,True,247.48,Eficiente,185.61
2026-11-02,Perú,Piura,26.9,Casa,5,16,Alta,15,True,632.77,Ineficiente,474.58
2026-07-17,Perú,Puno,7.4,Departamento,2,6,Media,7,True,212.54,Eficiente,159.4
2026-04-26,Perú,Cusco,13.0,Casa,2,10,Baja,3,True,173.2,Eficiente,129.9
2026-08-20,México,Tijuana,24.1,Casa,2,9,Media,7,False,322.65,Moderado,241.99
2026-10-16,Colombia,Bogotá,13.8,Local,8,25,Alta,12,False,1281.26,Ineficiente,960.94
2026-04-13,Perú,Cusco,12.8,Departamento,2,6,Baja,2,False,68.42,Eficiente,51.32
2026-08-14,Perú,Arequipa,14.2,Departamento,5,4,Media,7,False,180.19,Eficiente,135.14
2026-10-08,Colombia,Bogotá,14.8,Casa,7,9,Media,10,False,319.4,Moderado,239.55
2026-11-30,Colombia,Cali,23.7,Casa,7,17,Baja,6,True,356.93,Moderado,267.7
2026-04-21,México,Guadalajara,23.2,Casa,4,11,Media,6,True,260.22,Moderado,195.17
2026-10-11,Colombia,Bogotá,13.2,Casa,5,10,Media,5,True,167.02,Eficiente,125.27
2026-05-27,México,Monterrey,28.5,Local,2,13,Media,5,True,650.39,Ineficiente,487.79
2026-06-07,Perú,Puno,8.7,Local,10,24,Media,9,True,1397.76,Ineficiente,1048.32
2026-10-06,Colombia,Bogotá,15.0,Casa,8,18,Alta,9,False,617.82,Ineficiente,463.36
2026-03-16,Perú,Piura,28.6,Casa,5,9,Baja,5,False,273.97,Moderado,205.48
2026-09-03,Perú,Cusco,12.5,Local,3,21,Media,8,True,694.63,Ineficiente,520.97
2026-08-18,México,Ciudad de México,18.1,Departamento,4,14,Media,4,True,249.67,Eficiente,187.25
2026-10-01,Colombia,Bogotá,13.4,Casa,4,12,Alta,8,True,261.67,Moderado,196.25
2026-05-11,Colombia,Medellín,22.4,Casa,5,15,Alta,15,False,706.82,Ineficiente,530.12
2026-01-11,Colombia,Bucaramanga,23.2,Casa,5,16,Baja,6,False,330.43,Moderado,247.82
2026-09-15,Colombia,Medellín,21.7,Departamento,1,5,Media,6,False,124.66,Eficiente,93.5
2026-07-22,Perú,Arequipa,13.1,Departamento,1,6,Media,10,False,290.41,Moderado,217.81
2026-03-28,Perú,Cusco,13.7,Departamento,1,8,Alta,8,True,291.9,Moderado,218.92
2026-09-02,México,Monterrey,29.0,Casa,7,18,Baja,1,True,357.98,Moderado,268.48
2026-07-26,México,Monterrey,31.2,Casa,3,23,Baja,3,True,210.26,Eficiente,157.7
2026-03-28,Colombia,Cali,24.8,Casa,3,8,Media,5,True,322.23,Moderado,241.67
2026-03-07,México,Mérida,26.9,Casa,5,8,Alta,15,False,456.3,Ineficiente,342.22
2026-08-29,Perú,Arequipa,14.0,Departamento,3,12,Alta,8,False,243.58,Eficiente,182.68
2026-04-18,México,Tijuana,16.5,Departamento,2,7,Baja,6,False,122.38,Eficiente,91.78
2026-07-22,México,Guadalajara,25.0,Casa,5,11,Media,10,True,372.97,Moderado,279.73
2026-08-28,Colombia,Barranquilla,29.7,Departamento,2,8,Baja,5,True,199.85,Eficiente,149.89
2026-03-24,Perú,Piura,29.7,Casa,6,8,Media,8,True,334.91,Moderado,251.18
2026-12-15,México,Tijuana,14.4,Casa,6,14,Media,8,False,254.45,Moderado,190.84
2026-07-29,Perú,Piura,22.3,Departamento,3,10,Media,4,True,146.3,Eficiente,109.72
2026-05-21,México,Tijuana,19.6,Casa,4,13,Baja,1,False,309.6,Moderado,232.2
2026-10-02,México,Monterrey,24.6,Departamento,2,10,Baja,2,False,125.56,Eficiente,94.17
2026-11-01,Perú,Puno,11.9,Casa,2,8,Media,8,True,162.95,Eficiente,122.21
2026-10-06,Colombia,Bucaramanga,23.2,Casa,2,8,Media,4,False,277.34,Moderado,208.0
2026-12-10,Perú,Puno,12.9,Departamento,4,7,Media,9,False,212.1,Eficiente,159.07
2026-05-24,México,Mérida,30.1,Local,5,16,Alta,12,True,789.18,Ineficiente,591.88
2026-06-26,México,Guadalajara,24.8,Casa,6,11,Baja,4,True,198.81,Eficiente,149.11
2026-12-06,Colombia,Bogotá,14.8,Casa,7,8,Alta,13,True,286.63,Moderado,214.97
2026-01-07,México,Mérida,24.8,Departamento,3,11,Media,7,True,177.92,Eficiente,133.44
2026-06-26,México,Guadalajara,25.4,Casa,4,13,Media,5,False,318.43,Moderado,238.82
2026-10-18,México,Monterrey,24.1,Casa,3,11,Baja,4,False,156.15,Eficiente,117.11
2026-01-14,México,Ciudad de México,12.1,Casa,6,16,Baja,1,True,272.99,Moderado,204.74
2026-12-09,Perú,Puno,12.0,Casa,3,17,Media,10,True,393.78,Moderado,295.33
2026-07-14,México,Guadalajara,23.8,Casa,4,11,Media,10,True,352.97,Moderado,264.73
2026-06-24,México,Guadalajara,24.3,Casa,6,9,Media,4,False,254.05,Moderado,190.54
2026-01-25,Colombia,Bucaramanga,22.4,Local,15,17,Media,6,True,911.34,Ineficiente,683.5
2026-01-03,México,Tijuana,14.6,Casa,5,16,Alta,8,False,538.16,Ineficiente,403.62
2026-08-11,México,Mérida,30.2,Casa,4,16,Baja,1,True,334.29,Moderado,250.72
2026-05-27,Colombia,Bogotá,13.9,Casa,6,9,Baja,3,True,243.57,Eficiente,182.68
2026-04-26,Perú,Arequipa,15.4,Casa,1,17,Media,9,True,294.48,Moderado,220.86
2026-10-29,Perú,Piura,24.4,Departamento,2,7,Media,9,True,113.32,Eficiente,84.99
2026-05-25,Perú,Arequipa,14.4,Local,15,17,Media,7,True,1230.05,Ineficiente,922.54
2026-10-16,Perú,Arequipa,16.2,Local,8,14,Alta,13,True,859.35,Ineficiente,644.51
2026-03-18,México,Monterrey,22.6,Departamento,2,9,Baja,2,True,209.24,Eficiente,156.93
2026-02-04,Colombia,Cali,23.1,Departamento,2,14,Baja,3,True,156.01,Eficiente,117.01
2026-12-06,Perú,Puno,11.2,Casa,5,21,Media,9,True,256.79,Moderado,192.59
2026-04-09,México,Guadalajara,24.4,Casa,3,11,Baja,2,True,139.55,Eficiente,104.66
2026-11-19,Colombia,Bogotá,13.1,Local,8,11,Baja,1,True,442.45,Moderado,331.84
2026-06-06,México,Guadalajara,25.6,Departamento,1,7,Alta,8,False,245.87,Eficiente,184.4
2026-11-18,Perú,Cusco,14.4,Local,5,15,Media,4,True,370.53,Moderado,277.9
2026-06-11,Perú,Puno,8.5,Local,10,16,Alta,8,True,689.12,Ineficiente,516.84
2026-07-11,México,Mérida,31.4,Casa,4,5,Alta,9,True,402.41,Moderado,301.81
2026-01-28,México,Mérida,24.4,Departamento,4,13,Media,8,False,284.82,Moderado,213.62
2026-09-07,México,Guadalajara,24.1,Departamento,3,8,Media,5,True,235.57,Eficiente,176.68
2026-12-09,Colombia,Bogotá,13.2,Departamento,2,8,Media,5,False,178.18,Eficiente,133.64
2026-07-21,Colombia,Medellín,20.3,Casa,3,16,Baja,3,False,168.46,Eficiente,126.34
2026-12-23,Perú,Puno,11.7,Casa,1,9,Media,5,True,248.14,Eficiente,186.1
2026-02-03,México,Mérida,24.5,Casa,4,8,Media,8,False,248.82,Eficiente,186.62
2026-11-01,México,Ciudad de México,14.7,Casa,3,9,Alta,9,True,512.78,Ineficiente,384.58
2026-06-03,Perú,Arequipa,14.4,Departamento,1,10,Alta,8,False,298.41,Moderado,223.81
2026-10-28,México,Guadalajara,23.7,Casa,5,10,Media,10,False,321.08,Moderado,240.81
2026-11-12,México,Guadalajara,20.3,Casa,5,16,Alta,14,True,494.94,Ineficiente,371.2
2026-03-31,México,Ciudad de México,15.2,Casa,3,13,Alta,13,False,482.28,Ineficiente,361.71
2026-03-04,México,Monterrey,22.4,Departamento,1,10,Baja,5,True,124.52,Eficiente,93.39
2026-10-18,México,Tijuana,20.6,Casa,5,4,Media,8,False,248.78,Eficiente,186.58
2026-06-07,México,Monterrey,30.2,Departamento,2,7,Media,10,True,245.39,Eficiente,184.04
2026-10-15,México,Tijuana,21.6,Departamento,2,7,Media,9,False,241.91,Eficiente,181.43
2026-11-08,Perú,Puno,12.7,Casa,4,18,Media,9,True,278.37,Moderado,208.78
2026-05-19,Perú,Arequipa,14.1,Casa,8,13,Media,6,True,356.69,Moderado,267.52
2026-04-19,Colombia,Medellín,21.9,Local,2,15,Media,8,True,400.5,Moderado,300.38
2026-05-12,Perú,Lima,21.2,Departamento,3,7,Alta,11,True,317.39,Moderado,238.04
2026-08-18,México,Tijuana,24.6,Departamento,1,12,Alta,11,True,211.03,Eficiente,158.27
2026-05-26,México,Monterrey,29.4,Departamento,3,5,Media,8,True,158.68,Eficiente,119.01
2026-07-18,México,Guadalajara,24.1,Casa,4,8,Baja,5,True,217.01,Eficiente,162.76
2026-09-08,Perú,Arequipa,14.1,Departamento,5,12,Media,4,True,122.95,Eficiente,92.21
2026-05-18,Colombia,Barranquilla,29.5,Casa,6,9,Baja,4,True,365.46,Moderado,274.09
2026-06-22,Perú,Lima,19.6,Departamento,3,10,Baja,5,False,192.78,Eficiente,144.58
2026-04-10,Colombia,Bucaramanga,22.2,Departamento,3,10,Media,8,False,255.68,Moderado,191.76
2026-01-09,México,Tijuana,14.3,Departamento,1,5,Alta,13,True,302.5,Moderado,226.88
2026-12-08,Colombia,Cali,23.4,Local,10,17,Alta,9,False,988.94,Ineficiente,741.7
2026-04-27,Colombia,Barranquilla,28.4,Casa,7,8,Media,7,False,337.71,Moderado,253.28
2026-07-12,Colombia,Bucaramanga,22.5,Casa,3,8,Media,10,True,352.19,Moderado,264.14
2026-12-24,Colombia,Bucaramanga,23.6,Casa,8,18,Alta,12,True,526.93,Ineficiente,395.2
2026-07-23,Colombia,Cali,23.1,Casa,6,17,Media,9,True,326.48,Moderado,244.86
2026-03-18,Perú,Piura,29.3,Casa,7,10,Media,8,True,478.83,Ineficiente,359.12
2026-08-07,Perú,Cusco,10.9,Departamento,3,12,Media,8,True,373.61,Moderado,280.21
2026-02-06,Perú,Lima,27.9,Departamento,1,6,Alta,12,False,239.39,Eficiente,179.54
2026-06-14,Colombia,Barranquilla,29.6,Casa,3,17,Media,5,True,355.88,Moderado,266.91
2026-04-19,México,Tijuana,17.8,Departamento,4,4,Media,10,False,165.42,Eficiente,124.06
2026-11-21,Perú,Arequipa,17.5,Casa,3,15,Baja,2,False,288.24,Moderado,216.18
2026-01-03,Perú,Puno,12.8,Departamento,1,9,Media,9,False,116.03,Eficiente,87.02
2026-04-17,Perú,Cusco,12.4,Casa,1,14,Media,4,False,298.93,Moderado,224.2
2026-01-04,Perú,Puno,11.6,Casa,4,8,Media,9,True,290.35,Moderado,217.76
2026-03-07,Colombia,Barranquilla,28.0,Casa,3,7,Media,9,True,330.79,Moderado,248.09
2026-09-20,Perú,Lima,19.6,Departamento,2,5,Alta,15,False,263.23,Moderado,197.42
2026-09-25,Perú,Lima,19.6,Departamento,2,8,Baja,2,False,144.03,Eficiente,108.02
2026-06-20,México,Guadalajara,24.4,Departamento,5,7,Baja,1,True,181.56,Eficiente,136.17
2026-07-21,Colombia,Bucaramanga,21.0,Local,10,16,Media,8,True,819.02,Ineficiente,614.26
2026-01-01,Perú,Piura,28.8,Departamento,2,6,Alta,10,False,285.17,Moderado,213.88
2026-05-18,México,Tijuana,18.2,Departamento,4,7,Alta,8,True,210.37,Eficiente,157.78
2026-03-04,México,Monterrey,21.4,Departamento,1,6,Media,5,False,110.71,Eficiente,83.03
2026-05-01,Colombia,Medellín,22.8,Casa,8,14,Media,7,True,467.29,Ineficiente,350.47
2026-04-24,México,Guadalajara,23.5,Casa,4,22,Baja,4,True,248.13,Eficiente,186.1
2026-12-03,México,Ciudad de México,13.3,Departamento,3,12,Alta,11,True,171.16,Eficiente,128.37
2026-05-10,México,Tijuana,18.6,Casa,6,15,Baja,5,False,295.5,Moderado,221.62
2026-03-26,Perú,Puno,11.3,Casa,4,17,Baja,5,False,226.45,Eficiente,169.84
2026-12-04,Perú,Piura,29.0,Local,3,25,Alta,12,True,1057.19,Ineficiente,792.89
2026-04-14,México,Mérida,29.4,Casa,7,6,Media,7,True,476.76,Ineficiente,357.57
2026-07-24,Perú,Lima,18.0,Casa,4,9,Baja,3,True,193.54,Eficiente,145.16
2026-09-26,Perú,Lima,18.3,Local,2,17,Media,6,False,648.29,Ineficiente,486.22
2026-05-22,México,Guadalajara,25.6,Casa,5,8,Alta,11,True,337.1,Moderado,252.82
2026-04-20,Perú,Puno,11.1,Departamento,2,7,Baja,5,False,162.05,Eficiente,121.54
2026-07-30,Colombia,Bucaramanga,21.4,Casa,8,10,Alta,14,True,437.21,Moderado,327.91
2026-09-27,Perú,Arequipa,14.6,Local,8,20,Media,4,True,838.18,Ineficiente,628.64
2026-04-29,México,Monterrey,26.2,Casa,4,12,Alta,9,False,531.28,Ineficiente,398.46
2026-03-15,Perú,Cusco,14.2,Departamento,3,7,Baja,6,True,87.38,Eficiente,65.54
2026-03-04,México,Mérida,26.1,Casa,3,16,Baja,6,True,203.18,Eficiente,152.38
2026-04-23,Colombia,Bucaramanga,23.4,Departamento,4,10,Media,7,True,279.86,Moderado,209.9
2026-04-13,Perú,Piura,29.0,Casa,3,22,Alta,12,True,561.8,Ineficiente,421.35
2026-05-12,México,Guadalajara,25.2,Casa,2,17,Alta,8,True,488.27,Ineficiente,366.2
2026-12-08,Perú,Puno,11.2,Departamento,3,6,Media,9,True,201.88,Eficiente,151.41
2026-07-04,Perú,Cusco,9.5,Casa,1,6,Alta,10,False,288.15,Moderado,216.11
2026-01-26,Perú,Arequipa,16.6,Casa,2,9,Media,8,True,307.26,Moderado,230.44
2026-10-02,Colombia,Bucaramanga,23.6,Local,1,11,Media,8,True,383.04,Moderado,287.28
2026-09-30,Colombia,Barranquilla,29.3,Casa,3,7,Baja,2,True,238.0,Eficiente,178.5
2026-05-03,Perú,Cusco,12.0,Casa,8,13,Media,8,False,405.96,Moderado,304.47
2026-10-26,Colombia,Bucaramanga,23.0,Casa,1,4,Media,5,False,207.38,Eficiente,155.54
2026-07-20,Colombia,Bucaramanga,22.9,Casa,5,7,Alta,9,False,357.61,Moderado,268.21
2026-01-10,Colombia,Bogotá,14.3,Casa,5,11,Media,4,False,240.78,Eficiente,180.58
2026-08-05,Colombia,Bogotá,13.6,Departamento,1,6,Media,7,True,168.29,Eficiente,126.22
2026-07-09,México,Ciudad de México,17.3,Departamento,2,7,Media,9,False,193.26,Eficiente,144.94
2026-06-10,México,Tijuana,20.2,Casa,2,18,Media,6,True,262.96,Moderado,197.22
2026-09-22,Colombia,Bogotá,12.5,Casa,7,14,Baja,6,True,206.16,Eficiente,154.62
2026-04-08,México,Ciudad de México,18.5,Departamento,4,9,Baja,4,False,238.62,Eficiente,178.96
2026-07-26,Colombia,Bucaramanga,21.7,Local,3,21,Media,8,True,904.44,Ineficiente,678.33
2026-11-12,Colombia,Cali,24.4,Casa,6,13,Alta,15,True,734.91,Ineficiente,551.18
2026-12-22,Colombia,Cali,24.8,Departamento,3,7,Baja,1,False,128.65,Eficiente,96.49
2026-02-22,Perú,Cusco,14.0,Departamento,2,12,Alta,13,False,143.85,Eficiente,107.89
2026-05-12,México,Mérida,30.9,Casa,4,7,Alta,8,True,332.4,Moderado,249.3
2026-02-04,Perú,Puno,11.1,Departamento,3,6,Media,10,True,241.05,Eficiente,180.79
2026-06-10,Colombia,Bucaramanga,22.3,Casa,5,15,Alta,14,False,320.31,Moderado,240.23
2026-09-20,Colombia,Cali,23.5,Local,2,22,Media,4,True,571.89,Ineficiente,428.92
2026-04-19,México,Mérida,28.4,Local,10,20,Baja,4,True,826.13,Ineficiente,619.6
2026-05-08,Perú,Cusco,11.8,Casa,3,12,Media,9,True,277.5,Moderado,208.12
2026-05-29,México,Mérida,29.7,Casa,3,11,Media,6,True,279.36,Moderado,209.52
2026-09-03,México,Guadalajara,24.1,Casa,7,10,Alta,13,True,452.18,Ineficiente,339.14
2026-08-22,México,Mérida,31.1,Casa,4,19,Media,4,False,508.27,Ineficiente,381.2
2026-08-05,México,Guadalajara,23.4,Local,2,16,Baja,3,True,320.41,Moderado,240.31
2026-03-07,México,Guadalajara,22.0,Casa,7,15,Media,8,False,283.78,Moderado,212.83
2026-08-04,Perú,Puno,8.2,Casa,5,13,Media,4,False,402.64,Moderado,301.98
2026-04-21,México,Tijuana,17.2,Casa,2,11,Media,7,True,183.38,Eficiente,137.54
2026-12-17,México,Guadalajara,18.8,Casa,3,11,Media,5,False,419.61,Moderado,314.71
2026-06-09,México,Tijuana,20.8,Casa,4,9,Baja,5,True,269.72,Moderado,202.29
2026-02-07,México,Mérida,25.0,Local,8,27,Media,4,True,739.67,Ineficiente,554.75
2026-08-15,México,Mérida,31.7,Casa,2,9,Baja,5,True,246.22,Eficiente,184.66
2026-11-26,Colombia,Medellín,21.7,Departamento,4,12,Media,8,False,232.51,Eficiente,174.38
2026-06-08,Colombia,Cali,23.7,Casa,5,12,Alta,15,False,679.44,Ineficiente,509.58
2026-07-06,México,Mérida,30.4,Casa,4,17,Media,10,True,537.63,Ineficiente,403.22
2026-01-13,México,Guadalajara,18.8,Casa,4,13,Alta,12,True,439.71,Moderado,329.78
2026-11-10,México,Guadalajara,21.3,Casa,6,18,Alta,9,False,573.9,Ineficiente,430.42
2026-05-08,Perú,Lima,22.8,Casa,4,14,Alta,9,False,298.05,Moderado,223.54
2026-11-23,México,Monterrey,19.3,Local,3,16,Media,4,True,474.89,Ineficiente,356.17
2026-05-16,Perú,Puno,10.7,Casa,5,16,Media,6,True,291.68,Moderado,218.76
2026-08-31,Colombia,Medellín,20.3,Casa,5,12,Baja,3,True,257.46,Moderado,193.09
2026-02-12,Perú,Piura,29.9,Departamento,2,5,Media,4,False,171.41,Eficiente,128.56
2026-10-16,Colombia,Barranquilla,28.3,Departamento,1,10,Baja,3,False,201.7,Eficiente,151.27
2026-12-27,México,Mérida,25.1,Casa,5,18,Media,8,False,459.26,Ineficiente,344.44
2026-03-18,Perú,Lima,26.6,Departamento,4,4,Baja,4,True,108.07,Eficiente,81.05
2026-01-15,México,Tijuana,13.9,Departamento,1,8,Media,10,False,198.95,Eficiente,149.21
2026-07-23,Colombia,Bucaramanga,21.0,Casa,5,20,Baja,4,True,416.39,Moderado,312.29
2026-12-31,Perú,Piura,28.4,Casa,7,17,Alta,10,False,691.44,Ineficiente,518.58
2026-09-24,Perú,Arequipa,15.4,Casa,7,12,Baja,6,True,211.53,Eficiente,158.65
2026-07-18,México,Monterrey,32.4,Local,3,22,Media,6,False,1072.05,Ineficiente,804.04
2026-12-13,Colombia,Bogotá,14.2,Departamento,8,6,Media,7,True,241.25,Eficiente,180.94
2026-01-30,México,Mérida,23.0,Casa,5,15,Alta,9,False,524.29,Ineficiente,393.22
2026-03-02,Perú,Cusco,14.2,Casa,5,19,Baja,3,True,216.41,Eficiente,162.31
2026-08-31,México,Monterrey,31.5,Departamento,3,9,Media,5,False,174.33,Eficiente,130.75
2026-08-23,Colombia,Barranquilla,29.1,Local,5,14,Media,6,True,877.1,Ineficiente,657.82
2026-09-20,Colombia,Cali,22.5,Departamento,3,6,Alta,10,True,301.3,Moderado,225.98
2026-05-18,México,Tijuana,19.8,Casa,5,15,Media,10,True,298.79,Moderado,224.09
2026-02-13,Colombia,Barranquilla,28.3,Departamento,5,9,Media,5,True,190.05,Eficiente,142.54
2026-08-03,Perú,Puno,8.1,Casa,4,10,Media,5,True,239.25,Eficiente,179.44
2026-12-02,México,Tijuana,15.3,Local,8,14,Baja,2,True,375.9,Moderado,281.92
2026-02-25,Colombia,Bogotá,13.4,Casa,5,10,Alta,12,True,536.55,Ineficiente,402.41
2026-04-06,México,Ciudad de México,17.6,Departamento,1,12,Media,4,True,307.45,Moderado,230.59
2026-03-15,Perú,Piura,29.8,Casa,5,12,Media,6,False,355.08,Moderado,266.31
2026-07-06,Colombia,Medellín,21.4,Departamento,4,9,Media,4,False,299.53,Moderado,224.65
2026-10-24,Colombia,Bogotá,14.7,Casa,4,12,Media,8,False,267.61,Moderado,200.71
2026-10-02,México,Monterrey,24.9,Departamento,3,11,Media,6,False,174.49,Eficiente,130.87
2026-02-26,México,Mérida,25.1,Casa,2,7,Alta,12,True,334.27,Moderado,250.7
2026-09-18,Colombia,Bogotá,12.7,Casa,3,16,Media,8,True,262.71,Moderado,197.03
2026-03-06,México,Ciudad de México,15.3,Casa,5,10,Media,6,False,333.38,Moderado,250.04
2026-10-07,México,Monterrey,25.1,Casa,3,15,Alta,14,True,525.68,Ineficiente,394.26
2026-10-15,Colombia,Cali,23.8,Casa,6,14,Media,7,True,303.19,Moderado,227.39
2026-03-12,Perú,Cusco,14.7,Local,20,13,Media,4,True,1271.25,Ineficiente,953.44
2026-07-10,Perú,Piura,22.7,Departamento,1,8,Baja,1,False,138.56,Eficiente,103.92
2026-12-29,Perú,Lima,25.9,Departamento,4,9,Media,6,True,184.93,Eficiente,138.7
2026-06-02,México,Tijuana,21.5,Departamento,2,11,Alta,13,True,405.93,Moderado,304.45
2026-09-11,México,Guadalajara,24.3,Casa,10,16,Media,4,True,549.92,Ineficiente,412.44
2026-08-16,Colombia,Barranquilla,29.1,Local,15,16,Alta,11,True,1306.91,Ineficiente,980.18
2026-08-03,México,Mérida,31.9,Local,2,26,Alta,9,True,721.65,Ineficiente,541.24
2026-08-30,México,Monterrey,31.7,Local,1,28,Alta,8,True,732.51,Ineficiente,549.38
2026-09-19,Colombia,Bogotá,12.9,Local,10,13,Media,9,True,766.23,Ineficiente,574.67
2026-06-14,México,Tijuana,20.6,Casa,5,15,Media,8,False,367.37,Moderado,275.53
2026-01-19,Colombia,Bogotá,13.6,Casa,6,16,Baja,4,True,468.63,Ineficiente,351.47
2026-07-25,México,Monterrey,32.4,Departamento,4,7,Baja,1,False,136.47,Eficiente,102.35
2026-10-14,México,Guadalajara,22.2,Casa,4,16,Alta,14,False,372.49,Moderado,279.37
2026-04-12,Colombia,Cali,24.0,Local,10,24,Alta,12,True,1309.23,Ineficiente,981.92
2026-03-26,México,Monterrey,23.0,Casa,6,15,Media,8,True,512.96,Ineficiente,384.72
2026-12-23,México,Monterrey,16.2,Departamento,3,7,Media,10,False,186.66,Eficiente,140.0
2026-06-24,Perú,Puno,7.6,Local,10,12,Media,5,True,1002.1,Ineficiente,751.58
2026-03-07,Colombia,Bucaramanga,23.0,Casa,4,13,Media,4,False,399.79,Moderado,299.84
2026-11-16,México,Guadalajara,21.6,Local,10,23,Media,8,True,1569.67,Ineficiente,1177.25
2026-01-20,México,Tijuana,14.4,Casa,10,11,Media,8,True,266.51,Moderado,199.88
2026-09-11,Perú,Piura,24.0,Local,10,15,Media,5,True,849.42,Ineficiente,637.06
2026-08-23,México,Monterrey,30.7,Local,15,13,Alta,15,True,1194.46,Ineficiente,895.84
2026-08-10,México,Ciudad de México,18.2,Casa,3,14,Alta,10,True,395.2,Moderado,296.4
2026-03-12,México,Tijuana,16.7,Casa,1,12,Alta,14,True,376.07,Moderado,282.05
2026-02-26,Perú,Arequipa,17.1,Casa,7,5,Media,4,True,298.16,Moderado,223.62
2026-01-28,México,Monterrey,15.2,Departamento,1,5,Alta,14,False,220.93,Eficiente,165.7
2026-11-20,México,Tijuana,18.5,Casa,5,12,Alta,15,True,567.0,Ineficiente,425.25
2026-11-22,Perú,Piura,26.0,Departamento,4,6,Media,10,True,289.9,Moderado,217.42
2026-01-23,Perú,Arequipa,16.1,Departamento,1,9,Baja,4,True,149.58,Eficiente,112.18
2026-03-06,México,Ciudad de México,15.0,Departamento,5,6,Baja,6,True,211.3,Eficiente,158.48
2026-12-14,México,Mérida,25.9,Casa,6,11,Alta,14,True,653.79,Ineficiente,490.34
2026-01-24,Colombia,Medellín,21.2,Casa,3,19,Media,5,False,296.72,Moderado,222.54
2026-10-19,México,Mérida,28.6,Casa,8,19,Media,10,False,344.77,Moderado,258.58
2026-08-04,Perú,Piura,22.9,Local,5,10,Alta,8,True,657.21,Ineficiente,492.91
2026-03-11,Perú,Arequipa,17.5,Departamento,1,10,Media,6,True,164.37,Eficiente,123.28
2026-01-07,México,Ciudad de México,12.1,Local,10,16,Media,4,False,662.14,Ineficiente,496.6
2026-01-10,México,Guadalajara,18.2,Casa,3,17,Media,10,True,444.87,Moderado,333.65
2026-11-09,México,Ciudad de México,15.3,Departamento,4,10,Media,6,True,210.33,Eficiente,157.75
2026-07-31,México,Monterrey,32.0,Casa,8,9,Alta,14,True,576.02,Ineficiente,432.02
2026-12-15,Colombia,Bogotá,13.1,Local,2,23,Baja,4,True,587.1,Ineficiente,440.33
2026-01-14,México,Mérida,24.5,Local,8,22,Media,6,True,890.14,Ineficiente,667.6
2026-05-20,México,Monterrey,28.8,Casa,5,8,Alta,13,False,562.39,Ineficiente,421.79
2026-09-24,México,Mérida,30.1,Casa,2,11,Media,4,True,216.71,Eficiente,162.53
2026-03-03,Colombia,Cali,23.7,Casa,3,9,Baja,3,True,177.94,Eficiente,133.45
2026-06-26,México,Tijuana,20.5,Casa,3,7,Media,10,True,292.66,Moderado,219.5
2026-12-29,México,Mérida,24.3,Casa,4,12,Media,5,True,246.73,Eficiente,185.05
2026-05-03,México,Guadalajara,25.8,Casa,3,7,Media,6,False,191.32,Eficiente,143.49
2026-10-02,México,Ciudad de México,16.8,Local,8,25,Media,5,True,912.1,Ineficiente,684.08
2026-06-01,México,Ciudad de México,19.2,Casa,3,12,Baja,4,True,277.39,Moderado,208.04
2026-01-14,México,Mérida,23.2,Departamento,3,9,Baja,4,True,97.55,Eficiente,73.16
2026-04-02,México,Tijuana,17.8,Departamento,4,10,Baja,5,True,265.79,Moderado,199.34
2026-01-07,México,Monterrey,14.8,Departamento,1,7,Baja,1,True,115.22,Eficiente,86.42
2026-08-31,Colombia,Bogotá,12.7,Casa,4,14,Baja,4,True,226.63,Eficiente,169.97
2026-06-25,Colombia,Bucaramanga,22.9,Casa,4,13,Alta,10,True,475.6,Ineficiente,356.7
2026-09-16,México,Guadalajara,23.9,Casa,4,20,Media,6,True,326.62,Moderado,244.96
2026-04-13,México,Tijuana,16.3,Casa,5,10,Alta,13,True,358.51,Moderado,268.88
2026-01-20,Colombia,Cali,23.4,Departamento,5,7,Baja,2,False,200.96,Eficiente,150.72
2026-05-16,Perú,Cusco,11.0,Casa,6,9,Alta,8,True,490.29,Ineficiente,367.72
2026-03-14,Perú,Cusco,14.9,Departamento,1,11,Media,7,True,219.44,Eficiente,164.58
2026-07-30,Colombia,Barranquilla,28.8,Local,10,20,Alta,15,True,1227.94,Ineficiente,920.96
2026-05-31,Colombia,Bucaramanga,23.4,Departamento,2,7,Media,7,True,172.32,Eficiente,129.24
2026-02-15,México,Guadalajara,20.4,Casa,8,8,Alta,10,True,433.64,Moderado,325.23
2026-09-10,Perú,Puno,9.4,Casa,5,7,Media,9,True,298.57,Moderado,223.93
2026-09-26,Colombia,Medellín,21.1,Local,2,12,Alta,8,True,588.71,Ineficiente,441.53
2026-02-12,Colombia,Barranquilla,27.1,Departamento,5,4,Media,6,True,163.31,Eficiente,122.48
2026-12-20,México,Ciudad de México,14.8,Casa,6,21,Baja,5,True,285.79,Moderado,214.34
2026-04-16,Perú,Lima,25.0,Casa,8,11,Media,7,False,399.11,Moderado,299.33
2026-06-04,México,Tijuana,21.8,Departamento,3,10,Baja,2,True,157.48,Eficiente,118.11
2026-02-01,México,Guadalajara,19.1,Departamento,3,8,Baja,3,True,166.4,Eficiente,124.8
2026-02-18,México,Ciudad de México,13.9,Departamento,2,5,Media,10,False,258.89,Moderado,194.17
2026-03-03,Colombia,Cali,24.6,Local,5,29,Media,6,True,788.38,Ineficiente,591.28
2026-07-30,México,Ciudad de México,17.8,Local,5,17,Media,10,True,940.37,Ineficiente,705.28
2026-07-05,México,Mérida,30.8,Casa,4,12,Media,7,True,262.93,Moderado,197.2
2026-07-19,Colombia,Medellín,21.1,Casa,3,10,Baja,6,True,193.34,Eficiente,145.0
2026-08-21,Perú,Arequipa,14.0,Departamento,3,10,Baja,2,False,91.84,Eficiente,68.88
2026-01-09,Perú,Puno,12.7,Local,8,16,Media,5,True,692.54,Ineficiente,519.4
2026-12-01,Perú,Piura,28.5,Departamento,3,4,Media,5,True,249.18,Eficiente,186.88
2026-10-18,Perú,Arequipa,16.9,Casa,5,15,Baja,3,True,253.49,Moderado,190.12
2026-10-15,Colombia,Medellín,22.1,Casa,3,17,Baja,2,True,283.78,Moderado,212.83
2026-04-23,Colombia,Barranquilla,29.8,Casa,3,15,Media,5,True,284.28,Moderado,213.21
2026-04-16,Perú,Lima,24.4,Departamento,8,7,Media,6,True,272.12,Moderado,204.09
2026-10-21,Colombia,Cali,24.2,Departamento,3,5,Media,8,False,99.06,Eficiente,74.3
2026-06-11,Colombia,Medellín,20.8,Local,3,18,Media,8,True,716.98,Ineficiente,537.74
2026-06-02,México,Mérida,31.5,Casa,1,15,Media,10,True,357.31,Moderado,267.98
2026-01-22,México,Ciudad de México,12.3,Casa,2,15,Media,8,True,361.63,Moderado,271.22
2026-11-10,México,Tijuana,18.1,Departamento,3,5,Media,8,True,266.16,Moderado,199.62
2026-03-18,México,Tijuana,16.2,Casa,4,8,Alta,8,True,298.26,Moderado,223.7
2026-06-05,Perú,Cusco,11.4,Casa,6,15,Media,9,True,344.98,Moderado,258.74
2026-02-09,México,Tijuana,15.3,Casa,4,13,Alta,13,True,415.01,Moderado,311.26
2026-06-12,Perú,Cusco,10.2,Departamento,3,6,Alta,14,True,292.37,Moderado,219.28
2026-02-07,Colombia,Barranquilla,28.2,Casa,3,7,Media,8,False,276.47,Moderado,207.35
2026-12-04,Colombia,Barranquilla,27.5,Casa,10,11,Media,8,True,390.07,Moderado,292.55
2026-02-19,Perú,Lima,28.6,Casa,6,19,Media,4,False,414.9,Moderado,311.17
2026-10-12,México,Tijuana,21.9,Departamento,2,9,Alta,11,False,292.46,Moderado,219.34
2026-07-16,México,Tijuana,23.9,Casa,4,21,Alta,15,False,640.51,Ineficiente,480.38
2026-01-13,Perú,Cusco,13.2,Casa,5,9,Media,5,True,294.77,Moderado,221.08
2026-05-22,Colombia,Bogotá,14.3,Casa,5,8,Media,7,False,222.77,Eficiente,167.08
2026-05-15,Perú,Lima,22.8,Casa,4,15,Media,5,False,323.09,Moderado,242.32
2026-04-09,México,Tijuana,17.3,Departamento,4,8,Media,8,False,202.58,Eficiente,151.94
2026-05-19,México,Ciudad de México,19.5,Casa,6,17,Media,7,True,447.91,Moderado,335.93
2026-03-12,México,Guadalajara,22.3,Casa,4,10,Alta,11,False,493.1,Ineficiente,369.83
2026-07-21,Perú,Puno,8.9,Local,2,16,Media,7,True,751.75,Ineficiente,563.81
2026-05-04,Colombia,Bucaramanga,22.9,Casa,8,12,Alta,9,True,546.29,Ineficiente,409.72
2026-03-31,Colombia,Cali,23.4,Casa,3,18,Alta,8,False,284.26,Moderado,213.2
2026-03-10,México,Tijuana,15.7,Casa,7,14,Baja,5,False,204.39,Eficiente,153.29
2026-09-29,Perú,Puno,10.0,Casa,4,20,Baja,5,True,260.13,Moderado,195.1
2026-09-18,México,Mérida,29.9,Departamento,4,5,Media,7,True,345.02,Moderado,258.76
2026-10-17,Perú,Lima,21.2,Departamento,3,5,Media,9,False,200.74,Eficiente,150.56
2026-05-02,Perú,Arequipa,14.9,Departamento,4,7,Alta,9,True,351.51,Moderado,263.63
2026-05-07,México,Monterrey,28.8,Casa,5,7,Media,4,True,375.78,Moderado,281.83
2026-10-24,México,Ciudad de México,17.1,Casa,6,13,Baja,6,True,313.39,Moderado,235.04
2026-09-11,Colombia,Bogotá,13.2,Local,15,19,Alta,14,False,1730.2,Ineficiente,1297.65
2026-09-26,Colombia,Medellín,20.6,Casa,7,18,Media,7,True,377.98,Moderado,283.48
2026-09-05,Perú,Piura,24.2,Casa,6,18,Media,4,True,346.71,Moderado,260.03
2026-03-10,México,Tijuana,16.8,Departamento,1,7,Media,5,False,139.08,Eficiente,104.31
2026-03-11,México,Guadalajara,22.3,Casa,8,13,Media,6,False,413.35,Moderado,310.01
2026-11-30,México,Ciudad de México,14.9,Casa,4,10,Media,6,False,203.2,Eficiente,152.4
2026-04-25,México,Tijuana,17.6,Casa,6,13,Baja,3,True,360.17,Moderado,270.13
2026-06-06,México,Guadalajara,25.7,Departamento,2,7,Baja,5,True,130.6,Eficiente,97.95
2026-05-17,México,Mérida,30.3,Casa,8,9,Media,9,True,382.48,Moderado,286.86
2026-11-13,México,Mérida,27.1,Casa,6,14,Baja,2,False,304.94,Moderado,228.7
2026-08-10,Colombia,Medellín,21.1,Departamento,5,13,Alta,13,False,442.77,Moderado,332.08
2026-12-17,Perú,Lima,24.9,Casa,3,8,Media,5,False,312.37,Moderado,234.28
2026-05-02,Colombia,Cali,23.4,Casa,4,9,Media,5,True,332.4,Moderado,249.3
2026-12-27,Perú,Arequipa,17.3,Casa,5,6,Alta,10,False,371.17,Moderado,278.38
2026-01-17,Perú,Arequipa,17.3,Local,10,31,Alta,13,True,1533.12,Ineficiente,1149.84
2026-02-05,Colombia,Barranquilla,28.3,Departamento,2,11,Media,6,False,305.31,Moderado,228.98
2026-04-04,Colombia,Cali,23.4,Casa,3,16,Alta,15,True,638.44,Ineficiente,478.83
2026-02-23,Colombia,Cali,24.4,Casa,6,9,Media,5,True,376.39,Moderado,282.29
2026-11-16,México,Mérida,27.5,Casa,4,11,Alta,12,True,317.44,Moderado,238.08
2026-02-10,México,Mérida,25.0,Casa,4,16,Baja,4,False,282.55,Moderado,211.91
2026-09-06,Perú,Piura,24.6,Casa,7,8,Media,4,True,354.4,Moderado,265.8
2026-12-04,México,Guadalajara,19.9,Departamento,3,5,Media,10,True,184.63,Eficiente,138.47
2026-12-14,Perú,Lima,24.3,Casa,6,13,Media,4,True,308.38,Moderado,231.28
2026-04-14,Colombia,Bucaramanga,23.4,Casa,4,15,Baja,6,True,221.73,Eficiente,166.3
2026-07-28,Perú,Lima,17.1,Casa,2,24,Media,4,True,482.52,Ineficiente,361.89
2026-06-15,Colombia,Bucaramanga,22.6,Casa,8,19,Media,10,True,364.45,Moderado,273.34
2026-02-02,México,Monterrey,17.4,Casa,5,17,Alta,15,True,500.25,Ineficiente,375.19
2026-03-04,México,Guadalajara,22.5,Casa,5,14,Media,7,False,431.29,Moderado,323.47
2026-04-30,México,Ciudad de México,18.4,Departamento,2,4,Baja,3,True,113.74,Eficiente,85.3
2026-12-10,México,Ciudad de México,13.3,Departamento,3,6,Alta,12,False,244.98,Eficiente,183.74
2026-08-27,México,Mérida,30.3,Casa,5,9,Media,5,False,289.83,Moderado,217.37
2026-10-26,Colombia,Bucaramanga,22.2,Departamento,2,11,Media,6,True,201.19,Eficiente,150.89
2026-09-05,México,Tijuana,23.1,Local,5,16,Alta,15,True,1149.31,Ineficiente,861.98
2026-07-23,México,Guadalajara,23.5,Casa,8,9,Alta,9,True,394.29,Moderado,295.72
2026-01-04,Colombia,Bogotá,13.1,Departamento,2,3,Alta,12,False,303.64,Moderado,227.73
2026-01-21,México,Monterrey,15.6,Casa,5,22,Media,6,False,502.85,Ineficiente,377.14
2026-02-02,México,Tijuana,15.0,Departamento,5,8,Baja,3,True,224.89,Eficiente,168.67
2026-05-24,Perú,Lima,21.2,Casa,3,7,Alta,13,True,319.26,Moderado,239.44
2026-05-02,Colombia,Medellín,21.0,Local,8,24,Media,10,False,1334.26,Ineficiente,1000.7
2026-08-11,Colombia,Medellín,21.3,Casa,1,13,Media,10,True,311.46,Moderado,233.59
2026-01-05,México,Ciudad de México,12.4,Local,15,11,Media,4,True,839.37,Ineficiente,629.53
2026-06-02,México,Ciudad de México,19.3,Casa,3,12,Media,5,False,352.98,Moderado,264.74
2026-11-18,Perú,Lima,24.0,Local,15,11,Media,6,True,773.96,Ineficiente,580.47
2026-05-04,México,Monterrey,28.4,Local,8,22,Media,10,True,848.7,Ineficiente,636.53
2026-07-18,Perú,Puno,8.8,Departamento,2,10,Media,7,True,172.16,Eficiente,129.12
2026-03-30,Perú,Piura,29.2,Casa,6,12,Alta,15,True,488.37,Ineficiente,366.28
2026-01-18,Colombia,Bogotá,13.4,Casa,2,8,Media,5,True,314.72,Moderado,236.04
2026-06-29,Colombia,Bogotá,12.6,Local,8,28,Media,6,False,1004.99,Ineficiente,753.74
2026-09-26,Colombia,Cali,23.9,Casa,6,9,Alta,12,False,546.5,Ineficiente,409.88
2026-11-14,México,Ciudad de México,14.7,Casa,6,22,Alta,10,False,486.02,Ineficiente,364.52
2026-07-23,Perú,Piura,23.1,Local,3,22,Alta,15,True,811.99,Ineficiente,608.99
2026-02-01,Perú,Puno,12.9,Departamento,4,5,Media,10,False,210.67,Eficiente,158.0
2026-04-10,Perú,Puno,11.2,Casa,2,9,Alta,10,False,396.76,Moderado,297.57
2026-04-14,Perú,Lima,24.6,Departamento,4,12,Media,5,False,180.74,Eficiente,135.56
2026-08-20,Colombia,Cali,22.3,Casa,4,16,Baja,6,True,203.42,Eficiente,152.56
2026-08-25,México,Tijuana,24.1,Casa,4,7,Media,6,True,200.1,Eficiente,150.07
2026-05-22,Perú,Lima,22.6,Casa,10,10,Baja,4,True,310.24,Moderado,232.68
2026-06-30,México,Monterrey,31.2,Local,10,29,Alta,13,False,1838.54,Ineficiente,1378.9
2026-10-16,Perú,Cusco,12.1,Local,3,32,Media,8,True,767.79,Ineficiente,575.84
2026-02-05,Perú,Arequipa,16.2,Casa,5,12,Media,6,False,429.03,Moderado,321.77
2026-01-30,Colombia,Barranquilla,28.5,Casa,5,6,Alta,11,True,463.2,Ineficiente,347.4
2026-01-14,México,Mérida,24.4,Casa,6,23,Media,7,True,437.48,Moderado,328.11
2026-03-07,México,Monterrey,21.3,Casa,7,10,Alta,14,True,354.75,Moderado,266.06
2026-01-31,Colombia,Bucaramanga,22.9,Casa,4,19,Alta,15,True,558.32,Ineficiente,418.74
2026-08-23,México,Mérida,31.2,Local,15,12,Baja,4,True,1092.61,Ineficiente,819.46
2026-07-25,Perú,Piura,23.6,Departamento,2,6,Alta,10,True,213.37,Eficiente,160.03
2026-05-04,Perú,Piura,26.3,Casa,4,17,Alta,9,True,541.63,Ineficiente,406.22
2026-06-15,Colombia,Cali,23.7,Casa,6,11,Alta,13,False,436.89,Moderado,327.67
2026-01-06,México,Ciudad de México,13.7,Local,5,16,Alta,13,True,795.11,Ineficiente,596.33
2026-09-10,Colombia,Barranquilla,28.3,Casa,3,22,Baja,6,True,304.27,Moderado,228.2
2026-08-04,Colombia,Medellín,20.2,Casa,4,20,Media,5,False,275.2,Moderado,206.4
2026-06-02,Perú,Cusco,11.2,Departamento,3,9,Alta,11,True,174.8,Eficiente,131.1
2026-03-12,México,Ciudad de México,15.0,Departamento,1,10,Media,5,True,138.5,Eficiente,103.88
2026-05-02,Colombia,Bucaramanga,23.6,Casa,5,8,Alta,8,True,345.38,Moderado,259.03
2026-04-18,Perú,Puno,10.5,Casa,5,9,Baja,1,True,276.71,Moderado,207.53
2026-04-07,Perú,Puno,11.9,Casa,4,10,Media,10,True,461.97,Ineficiente,346.48
2026-10-12,Colombia,Bucaramanga,23.9,Casa,2,8,Media,7,True,171.24,Eficiente,128.43
2026-03-02,Perú,Piura,28.4,Casa,8,9,Media,6,True,338.68,Moderado,254.01
2026-06-03,Colombia,Barranquilla,28.9,Casa,6,12,Baja,5,True,300.1,Moderado,225.08
2026-12-23,México,Guadalajara,19.4,Departamento,1,11,Media,10,True,149.18,Eficiente,111.88
2026-09-03,Colombia,Bogotá,12.5,Local,2,17,Media,7,True,537.57,Ineficiente,403.18
2026-12-21,México,Ciudad de México,13.7,Departamento,3,6,Alta,8,True,217.13,Eficiente,162.85
2026-08-12,México,Ciudad de México,18.8,Departamento,3,11,Baja,4,True,232.32,Eficiente,174.24
2026-10-30,México,Tijuana,20.3,Departamento,4,6,Media,10,True,146.4,Eficiente,109.8
2026-03-29,México,Monterrey,22.1,Departamento,2,6,Alta,13,False,214.19,Eficiente,160.64
2026-10-28,Perú,Puno,11.6,Casa,5,10,Baja,4,False,360.48,Moderado,270.36
2026-01-31,Colombia,Medellín,21.6,Local,8,33,Alta,13,False,889.84,Ineficiente,667.38
2026-10-26,Colombia,Cali,23.9,Departamento,4,6,Media,6,False,194.69,Eficiente,146.02
2026-12-20,México,Guadalajara,18.8,Casa,4,8,Baja,5,False,278.24,Moderado,208.68
2026-07-11,Perú,Piura,22.6,Casa,6,11,Media,9,True,479.57,Ineficiente,359.68
2026-05-05,México,Monterrey,28.1,Casa,1,12,Alta,14,True,395.74,Moderado,296.8
2026-12-24,México,Monterrey,16.1,Departamento,1,10,Alta,9,True,279.61,Moderado,209.71
2026-01-24,Colombia,Barranquilla,28.2,Casa,1,8,Baja,1,True,234.62,Eficiente,175.96
2026-08-21,México,Tijuana,23.3,Departamento,3,7,Media,4,False,104.59,Eficiente,78.44
2026-12-24,Perú,Lima,25.1,Casa,8,11,Media,6,True,401.27,Moderado,300.95
2026-01-26,México,Tijuana,14.8,Casa,2,9,Baja,3,True,199.56,Eficiente,149.67
2026-05-24,México,Monterrey,28.9,Departamento,3,7,Baja,1,True,152.78,Eficiente,114.58
2026-01-02,Colombia,Bucaramanga,22.3,Local,3,17,Baja,3,False,460.39,Ineficiente,345.29
2026-12-21,México,Ciudad de México,14.0,Departamento,4,5,Alta,11,False,149.38,Eficiente,112.04
2026-01-28,Colombia,Medellín,22.2,Local,8,20,Baja,5,True,883.79,Ineficiente,662.84
2026-02-22,Colombia,Barranquilla,27.9,Casa,8,16,Alta,9,True,519.04,Ineficiente,389.28
2026-06-03,México,Ciudad de México,19.2,Casa,3,10,Media,7,True,332.18,Moderado,249.14
2026-03-15,Colombia,Cali,23.8,Casa,5,10,Media,9,False,275.44,Moderado,206.58
2026-02-24,Perú,Arequipa,16.3,Casa,5,17,Alta,10,True,499.21,Ineficiente,374.41
2026-04-13,Colombia,Medellín,22.1,Local,5,17,Baja,2,True,355.76,Moderado,266.82
2026-08-23,México,Mérida,30.9,Departamento,3,7,Media,5,True,150.47,Eficiente,112.85
2026-07-12,México,Ciudad de México,17.1,Casa,3,18,Media,5,True,220.79,Eficiente,165.59
2026-01-19,México,Monterrey,14.8,Departamento,3,14,Alta,12,False,495.36,Ineficiente,371.52
2026-05-03,Colombia,Bucaramanga,23.7,Local,5,19,Media,9,True,507.58,Ineficiente,380.68
2026-01-27,México,Guadalajara,19.0,Casa,6,17,Alta,8,True,442.18,Moderado,331.64
2026-11-08,Colombia,Cali,24.8,Casa,4,22,Baja,3,True,242.01,Eficiente,181.51
2026-12-20,México,Guadalajara,19.1,Casa,2,13,Baja,6,True,209.33,Eficiente,157.0
2026-03-25,México,Guadalajara,22.1,Casa,3,16,Media,7,False,346.39,Moderado,259.79
2026-08-09,Perú,Lima,17.8,Departamento,3,7,Media,7,True,244.79,Eficiente,183.59
2026-07-24,México,Tijuana,22.6,Departamento,4,7,Alta,15,True,247.13,Eficiente,185.35
2026-06-01,México,Ciudad de México,18.9,Casa,6,13,Media,7,False,359.83,Moderado,269.87
2026-09-10,Colombia,Bogotá,13.9,Departamento,3,10,Media,4,False,155.17,Eficiente,116.38
2026-02-09,Colombia,Medellín,22.1,Casa,4,4,Alta,13,True,363.48,Moderado,272.61
2026-04-19,Perú,Piura,27.7,Departamento,1,6,Alta,15,False,166.84,Eficiente,125.13
2026-06-21,Colombia,Barranquilla,29.3,Local,10,20,Baja,1,True,781.85,Ineficiente,586.39
2026-10-17,Perú,Piura,24.3,Casa,7,8,Alta,15,True,360.26,Moderado,270.2
2026-09-27,Perú,Cusco,12.6,Local,15,27,Baja,1,True,684.46,Ineficiente,513.34
2026-08-30,México,Tijuana,24.8,Casa,6,21,Baja,5,True,373.96,Moderado,280.47
2026-09-09,Colombia,Medellín,21.1,Departamento,5,7,Baja,4,False,178.37,Eficiente,133.78
2026-11-19,Colombia,Barranquilla,28.9,Casa,2,12,Media,7,False,351.5,Moderado,263.62
2026-04-12,México,Ciudad de México,18.5,Departamento,4,13,Media,5,False,196.88,Eficiente,147.66
2026-11-09,Colombia,Medellín,21.8,Casa,5,16,Media,9,False,359.62,Moderado,269.72
2026-02-24,Perú,Piura,29.3,Casa,6,15,Media,9,True,498.61,Ineficiente,373.96
2026-10-03,Colombia,Bucaramanga,23.8,Casa,7,15,Alta,9,True,341.81,Moderado,256.36
2026-02-01,México,Guadalajara,19.8,Casa,2,8,Alta,12,False,421.86,Moderado,316.4
2026-10-05,México,Monterrey,24.7,Casa,6,11,Alta,13,True,488.1,Ineficiente,366.08
2026-07-08,Colombia,Cali,23.3,Casa,7,16,Media,7,False,242.44,Eficiente,181.83
2026-06-13,Colombia,Barranquilla,28.7,Local,3,16,Media,10,True,626.34,Ineficiente,469.76
2026-12-22,Colombia,Bogotá,13.8,Local,15,21,Media,8,True,1337.13,Ineficiente,1002.85
2026-03-02,Colombia,Medellín,21.2,Departamento,4,12,Media,5,False,196.8,Eficiente,147.6
2026-10-19,México,Monterrey,24.8,Casa,5,15,Alta,12,True,559.68,Ineficiente,419.76
2026-10-30,Colombia,Medellín,22.6,Casa,8,18,Alta,9,True,618.96,Ineficiente,464.22
2026-06-10,Colombia,Medellín,20.7,Departamento,2,9,Media,5,False,197.54,Eficiente,148.16
2026-11-28,Colombia,Bogotá,14.4,Departamento,1,6,Alta,11,True,245.15,Eficiente,183.86
2026-09-24,Perú,Piura,23.4,Casa,5,13,Baja,1,True,204.73,Eficiente,153.55
2026-01-22,México,Ciudad de México,12.5,Casa,4,6,Alta,15,True,314.22,Moderado,235.67
2026-06-13,Perú,Piura,24.6,Casa,4,21,Media,6,True,417.38,Moderado,313.03
2026-07-15,México,Tijuana,23.6,Casa,4,10,Media,6,True,216.47,Eficiente,162.35
2026-08-02,México,Tijuana,24.6,Casa,5,9,Media,8,True,340.83,Moderado,255.62
2026-07-13,Perú,Puno,8.9,Casa,3,8,Baja,2,True,216.09,Eficiente,162.07
2026-10-02,Perú,Piura,24.8,Departamento,2,7,Media,10,False,210.88,Eficiente,158.16
2026-01-21,Colombia,Barranquilla,28.9,Casa,10,9,Media,4,True,339.96,Moderado,254.97
2026-04-16,México,Tijuana,16.5,Local,8,22,Alta,14,True,1324.29,Ineficiente,993.22
2026-09-25,México,Mérida,29.4,Local,8,23,Baja,6,True,935.23,Ineficiente,701.42
2026-05-05,México,Tijuana,18.5,Casa,4,13,Media,6,False,300.3,Moderado,225.23
2026-09-13,Colombia,Barranquilla,30.0,Departamento,6,9,Baja,3,False,248.02,Eficiente,186.02
2026-05-01,México,Monterrey,28.0,Casa,6,9,Media,4,False,310.28,Moderado,232.71
2026-06-12,Colombia,Bucaramanga,22.6,Departamento,1,6,Alta,10,True,235.43,Eficiente,176.57
2026-03-18,México,Monterrey,21.1,Departamento,2,7,Media,8,False,145.06,Eficiente,108.8
2026-10-25,Colombia,Medellín,21.2,Departamento,2,6,Media,6,False,161.7,Eficiente,121.28
2026-07-26,Colombia,Bogotá,12.4,Casa,5,12,Baja,5,True,269.8,Moderado,202.35
2026-07-22,Colombia,Medellín,20.6,Departamento,2,12,Baja,6,False,198.7,Eficiente,149.02
2026-06-17,México,Mérida,31.8,Departamento,2,6,Baja,5,True,147.02,Eficiente,110.27
2026-10-17,México,Ciudad de México,16.8,Casa,6,10,Alta,10,True,439.99,Moderado,329.99
2026-02-17,Colombia,Medellín,21.5,Casa,7,7,Media,4,True,203.86,Eficiente,152.9
2026-08-06,México,Guadalajara,24.7,Casa,5,13,Baja,4,False,316.92,Moderado,237.69
2026-03-25,Perú,Piura,29.0,Casa,4,14,Alta,9,False,397.23,Moderado,297.92
2026-09-12,Perú,Cusco,11.2,Departamento,3,6,Alta,12,True,165.16,Eficiente,123.87
2026-07-20,México,Ciudad de México,17.9,Casa,7,12,Media,4,True,319.3,Moderado,239.48
2026-10-26,México,Monterrey,25.8,Local,10,10,Media,7,False,920.92,Ineficiente,690.69
2026-01-13,Colombia,Medellín,21.2,Local,8,13,Media,5,True,727.62,Ineficiente,545.72
2026-10-29,Colombia,Medellín,22.8,Departamento,4,8,Media,10,True,194.15,Eficiente,145.61
2026-04-09,Colombia,Barranquilla,29.0,Casa,4,20,Alta,15,True,851.1,Ineficiente,638.33
2026-02-21,Perú,Piura,29.7,Casa,3,7,Media,10,True,328.53,Moderado,246.4
2026-10-01,México,Ciudad de México,16.5,Departamento,3,10,Baja,1,False,125.53,Eficiente,94.15
2026-09-15,México,Mérida,30.9,Departamento,4,6,Media,6,True,326.13,Moderado,244.6
2026-08-29,México,Ciudad de México,18.2,Casa,6,9,Media,9,False,368.08,Moderado,276.06
2026-09-23,México,Mérida,30.6,Casa,7,12,Alta,9,False,458.85,Ineficiente,344.14
2026-02-27,Colombia,Bucaramanga,23.2,Casa,7,13,Baja,4,False,383.73,Moderado,287.8
2026-08-13,México,Guadalajara,23.7,Local,2,34,Media,5,True,835.63,Ineficiente,626.72
2026-04-08,Colombia,Bucaramanga,23.8,Casa,6,22,Alta,14,True,506.24,Ineficiente,379.68
2026-09-27,Colombia,Bogotá,13.4,Casa,4,10,Baja,6,False,214.76,Eficiente,161.07
2026-08-02,México,Mérida,30.4,Casa,6,10,Baja,5,False,388.6,Moderado,291.45
2026-03-22,Colombia,Bogotá,14.8,Casa,5,7,Media,7,True,328.58,Moderado,246.44
2026-09-04,México,Tijuana,23.3,Departamento,3,7,Media,5,False,283.38,Moderado,212.54
2026-11-01,Colombia,Barranquilla,29.7,Casa,10,18,Media,9,False,515.47,Ineficiente,386.6
2026-01-03,Colombia,Barranquilla,28.8,Local,15,32,Media,5,True,1818.17,Ineficiente,1363.63
2026-08-18,Perú,Piura,23.7,Departamento,3,10,Alta,15,False,276.72,Moderado,207.54
2026-11-10,Colombia,Cali,23.2,Departamento,3,4,Media,7,False,187.61,Eficiente,140.71
2026-08-26,Colombia,Bogotá,13.8,Local,10,12,Baja,5,True,653.18,Ineficiente,489.88
2026-12-10,Perú,Puno,11.3,Casa,6,16,Media,6,True,350.96,Moderado,263.22
2026-01-01,Perú,Piura,28.0,Departamento,3,7,Media,5,True,227.95,Eficiente,170.96
2026-09-12,Perú,Cusco,11.7,Casa,2,21,Media,10,False,320.12,Moderado,240.09
2026-08-27,Colombia,Barranquilla,28.4,Casa,6,9,Media,5,True,398.48,Moderado,298.86
2026-06-10,Perú,Cusco,11.2,Casa,1,15,Alta,10,True,303.21,Moderado,227.41
2026-11-17,Colombia,Medellín,22.1,Departamento,3,8,Media,4,True,200.25,Eficiente,150.19
2026-10-10,Colombia,Medellín,21.3,Casa,3,13,Alta,15,False,526.74,Ineficiente,395.06
2026-06-29,México,Ciudad de México,18.8,Local,10,23,Alta,10,False,1565.58,Ineficiente,1174.18
2026-11-24,Perú,Piura,27.4,Departamento,3,4,Media,10,True,131.53,Eficiente,98.65
2026-01-03,México,Monterrey,14.9,Casa,7,16,Baja,1,True,280.07,Moderado,210.05
2026-01-20,México,Ciudad de México,13.8,Casa,7,12,Baja,1,True,207.35,Eficiente,155.51
2026-05-04,Colombia,Medellín,22.9,Casa,7,17,Media,6,True,502.18,Ineficiente,376.64
2026-10-15,México,Ciudad de México,17.0,Departamento,2,10,Alta,9,True,210.63,Eficiente,157.97
2026-07-25,Perú,Lima,17.3,Departamento,2,4,Alta,13,True,216.0,Eficiente,162.0
2026-01-23,Perú,Lima,28.0,Departamento,2,8,Alta,11,True,291.61,Moderado,218.71
2026-05-13,México,Ciudad de México,19.0,Local,3,30,Alta,13,True,1502.8,Ineficiente,1127.1
2026-07-05,México,Tijuana,23.1,Casa,3,12,Baja,3,False,134.99,Eficiente,101.24
2026-09-17,Perú,Arequipa,14.6,Casa,6,11,Alta,12,True,503.13,Ineficiente,377.35
2026-05-11,México,Monterrey,28.3,Departamento,2,7,Alta,15,True,275.54,Moderado,206.66
2026-11-28,Colombia,Barranquilla,28.1,Casa,3,20,Media,7,False,390.75,Moderado,293.06
2026-07-17,Colombia,Bucaramanga,21.0,Departamento,3,11,Baja,4,True,186.22,Eficiente,139.66
2026-02-20,México,Guadalajara,19.7,Departamento,5,9,Media,10,False,262.12,Moderado,196.59
2026-10-29,Colombia,Medellín,22.3,Departamento,3,14,Media,6,True,148.98,Eficiente,111.73
2026-03-07,México,Ciudad de México,16.6,Departamento,4,11,Alta,11,False,257.35,Moderado,193.01
2026-07-21,Perú,Piura,23.4,Casa,4,15,Baja,2,True,252.28,Moderado,189.21
2026-08-31,México,Mérida,30.6,Casa,6,14,Media,4,True,479.11,Ineficiente,359.33
2026-11-20,Perú,Lima,22.9,Casa,5,13,Alta,10,True,277.78,Moderado,208.33
2026-01-10,México,Tijuana,14.9,Departamento,2,14,Baja,4,False,190.93,Eficiente,143.2
2026-08-13,México,Monterrey,30.7,Casa,2,11,Alta,11,True,451.44,Ineficiente,338.58
2026-05-04,México,Tijuana,19.7,Departamento,4,7,Media,7,True,288.11,Moderado,216.08
2026-06-01,Colombia,Bogotá,13.6,Departamento,1,10,Media,10,True,300.48,Moderado,225.36
2026-02-26,Colombia,Barranquilla,27.2,Casa,4,9,Alta,11,True,399.76,Moderado,299.82
2026-08-07,Perú,Puno,9.6,Casa,1,5,Alta,10,True,318.47,Moderado,238.85
2026-11-07,Perú,Lima,22.4,Casa,8,9,Alta,14,False,494.22,Ineficiente,370.66
2026-06-05,Perú,Piura,24.5,Casa,1,17,Baja,1,True,242.01,Eficiente,181.51
2026-10-31,Colombia,Cali,23.6,Casa,4,7,Media,10,True,346.98,Moderado,260.24
2026-01-27,México,Monterrey,14.7,Casa,4,13,Baja,1,True,180.22,Eficiente,135.16
2026-02-09,México,Guadalajara,19.3,Casa,5,10,Alta,10,False,430.27,Moderado,322.7
2026-07-23,México,Tijuana,22.5,Departamento,3,9,Media,9,True,221.37,Eficiente,166.03
2026-12-07,México,Guadalajara,19.2,Local,8,19,Media,4,True,966.48,Ineficiente,724.86
2026-11-24,Colombia,Bogotá,14.9,Casa,3,20,Media,7,True,306.41,Moderado,229.81
2026-11-08,Perú,Lima,23.6,Casa,7,18,Media,8,True,540.91,Ineficiente,405.68
2026-06-19,México,Guadalajara,24.1,Casa,4,15,Baja,5,True,284.2,Moderado,213.15
2026-07-05,Perú,Arequipa,13.8,Casa,1,19,Media,9,True,350.25,Moderado,262.69
2026-05-10,Colombia,Bogotá,14.4,Local,15,13,Alta,10,True,1014.06,Ineficiente,760.54
2026-07-06,México,Ciudad de México,18.5,Casa,3,8,Baja,1,False,200.13,Eficiente,150.1
2026-03-11,Perú,Cusco,13.1,Casa,3,18,Media,9,True,246.57,Eficiente,184.93
2026-07-07,México,Monterrey,31.4,Local,15,22,Baja,3,True,1257.52,Ineficiente,943.14
2026-08-26,Colombia,Barranquilla,29.6,Casa,6,7,Media,5,True,321.94,Moderado,241.46
2026-11-28,México,Mérida,27.6,Local,20,13,Alta,9,True,1232.78,Ineficiente,924.58
2026-01-20,México,Tijuana,14.4,Casa,2,6,Media,7,True,298.23,Moderado,223.67
2026-01-14,Perú,Lima,27.8,Departamento,3,7,Media,6,False,155.72,Eficiente,116.79
2026-10-21,México,Guadalajara,23.1,Casa,3,9,Alta,8,False,349.19,Moderado,261.89
2026-01-06,México,Mérida,24.5,Casa,8,6,Alta,12,True,583.46,Ineficiente,437.6
2026-12-04,Perú,Piura,28.0,Casa,3,18,Alta,8,True,554.4,Ineficiente,415.8
2026-10-25,México,Guadalajara,23.3,Casa,8,16,Alta,13,True,832.84,Ineficiente,624.63
2026-06-29,Perú,Piura,24.4,Casa,3,11,Media,4,False,176.36,Eficiente,132.27
2026-07-13,Colombia,Cali,22.2,Departamento,2,13,Alta,10,False,263.76,Moderado,197.82
2026-06-06,Perú,Piura,24.1,Casa,2,7,Media,6,True,260.05,Moderado,195.04
2026-07-05,México,Tijuana,23.5,Casa,3,17,Baja,4,True,219.59,Eficiente,164.69
2026-11-27,Colombia,Bucaramanga,23.6,Casa,6,17,Baja,6,True,361.24,Moderado,270.93
2026-06-23,Perú,Piura,24.1,Departamento,2,14,Alta,15,True,267.77,Moderado,200.83
2026-07-28,Perú,Piura,23.3,Casa,3,17,Alta,12,False,445.05,Moderado,333.79
2026-03-28,Colombia,Bucaramanga,23.8,Local,3,22,Media,8,True,799.72,Ineficiente,599.79
2026-02-03,México,Ciudad de México,13.5,Departamento,2,7,Media,5,False,163.31,Eficiente,122.48
2026-11-04,México,Tijuana,17.1,Casa,5,17,Baja,3,False,246.37,Eficiente,184.78
2026-06-14,Colombia,Barranquilla,28.6,Departamento,5,12,Alta,15,True,367.36,Moderado,275.52
2026-08-18,México,Ciudad de México,17.7,Casa,7,17,Media,4,True,313.94,Moderado,235.46
2026-02-28,Colombia,Medellín,21.9,Casa,6,10,Media,9,True,347.61,Moderado,260.71
2026-09-01,México,Mérida,30.9,Departamento,3,10,Alta,15,False,219.42,Eficiente,164.56
2026-11-12,Colombia,Medellín,21.2,Casa,3,16,Media,9,True,299.7,Moderado,224.77
2026-03-30,México,Tijuana,15.9,Casa,6,11,Media,7,True,444.18,Moderado,333.14
2026-10-25,México,Monterrey,25.2,Casa,2,7,Baja,1,True,208.48,Eficiente,156.36
2026-03-12,Colombia,Cali,23.5,Departamento,2,10,Media,9,True,231.21,Eficiente,173.41
2026-03-01,Perú,Arequipa,17.0,Casa,4,6,Baja,1,True,161.8,Eficiente,121.35
2026-08-26,Perú,Puno,8.4,Casa,4,8,Media,5,False,199.61,Eficiente,149.71
2026-08-10,México,Ciudad de México,17.7,Departamento,3,14,Baja,6,True,179.93,Eficiente,134.95
2026-01-14,México,Ciudad de México,13.4,Local,8,22,Media,9,True,844.79,Ineficiente,633.59
2026-01-08,Perú,Lima,27.5,Casa,7,17,Baja,5,False,339.61,Moderado,254.71
2026-09-09,México,Tijuana,22.3,Casa,8,14,Media,8,True,396.25,Moderado,297.19
2026-12-01,México,Ciudad de México,14.1,Casa,5,11,Alta,9,True,349.56,Moderado,262.17
2026-03-12,Perú,Arequipa,17.6,Casa,10,14,Baja,4,True,224.19,Eficiente,168.14
2026-01-25,Colombia,Bucaramanga,22.4,Casa,4,9,Baja,4,False,138.53,Eficiente,103.9
2026-07-02,Perú,Piura,22.5,Casa,5,19,Media,4,True,437.63,Moderado,328.22
2026-10-23,Colombia,Cali,23.7,Casa,5,12,Media,9,True,317.96,Moderado,238.47
2026-03-11,Perú,Piura,29.1,Departamento,1,4,Baja,3,False,176.67,Eficiente,132.5
2026-04-29,México,Guadalajara,24.9,Casa,5,21,Baja,2,True,323.65,Moderado,242.74
2026-03-27,Colombia,Bucaramanga,22.9,Casa,4,9,Alta,11,False,494.27,Ineficiente,370.7
2026-01-16,Colombia,Medellín,21.4,Departamento,5,4,Alta,11,True,283.34,Moderado,212.5
2026-02-09,Colombia,Cali,24.0,Departamento,2,6,Baja,6,True,191.55,Eficiente,143.66
2026-01-09,México,Guadalajara,19.3,Casa,4,17,Baja,4,True,183.22,Eficiente,137.42
2026-11-04,México,Mérida,26.7,Casa,7,11,Alta,13,False,684.88,Ineficiente,513.66
2026-08-08,México,Ciudad de México,18.6,Casa,5,10,Baja,3,False,216.56,Eficiente,162.42
2026-12-12,México,Mérida,25.0,Casa,3,12,Alta,13,False,614.42,Ineficiente,460.81
2026-10-01,México,Mérida,29.5,Casa,4,14,Media,5,False,371.73,Moderado,278.8
2026-05-27,México,Mérida,30.7,Local,1,16,Alta,15,True,976.74,Ineficiente,732.56
2026-01-02,Perú,Lima,27.7,Departamento,8,8,Media,5,False,257.14,Moderado,192.86
2026-11-13,México,Guadalajara,21.3,Casa,2,9,Media,6,True,229.3,Eficiente,171.98
2026-07-19,México,Tijuana,23.1,Casa,6,9,Alta,12,False,400.95,Moderado,300.71
2026-03-14,México,Mérida,27.8,Casa,4,10,Alta,14,True,519.92,Ineficiente,389.94
2026-03-09,México,Tijuana,15.0,Local,2,18,Media,4,False,456.32,Ineficiente,342.24
2026-04-17,Colombia,Bogotá,14.3,Casa,4,9,Baja,4,True,196.03,Eficiente,147.02
2026-05-26,México,Guadalajara,26.2,Casa,5,19,Media,8,True,444.01,Moderado,333.01
2026-12-18,México,Tijuana,14.4,Casa,5,14,Media,4,True,446.33,Moderado,334.75
2026-02-15,Perú,Arequipa,16.8,Casa,5,8,Media,9,True,396.42,Moderado,297.32
2026-06-17,México,Mérida,31.2,Casa,7,21,Media,9,False,641.71,Ineficiente,481.28
2026-06-17,Colombia,Barranquilla,28.2,Departamento,2,13,Media,6,True,352.57,Moderado,264.43
2026-02-17,Colombia,Bucaramanga,22.2,Casa,8,10,Baja,1,True,192.19,Eficiente,144.14
2026-07-28,Colombia,Bucaramanga,23.0,Departamento,1,8,Media,5,False,189.83,Eficiente,142.37
2026-08-09,Perú,Piura,22.5,Casa,4,16,Alta,10,True,362.64,Moderado,271.98
2026-01-22,México,Tijuana,14.5,Casa,1,19,Baja,3,True,235.8,Eficiente,176.85
2026-01-19,Colombia,Medellín,22.9,Departamento,3,9,Media,5,True,207.5,Eficiente,155.62
2026-04-20,Perú,Arequipa,15.5,Casa,5,9,Media,10,False,457.92,Ineficiente,343.44
2026-12-12,México,Mérida,24.6,Local,8,24,Baja,4,True,884.41,Ineficiente,663.31
2026-09-14,México,Monterrey,28.8,Casa,1,12,Baja,2,False,209.61,Eficiente,157.21
2026-04-24,Perú,Cusco,13.3,Casa,2,9,Media,6,True,263.07,Moderado,197.3
2026-06-20,México,Monterrey,30.4,Casa,4,22,Media,7,True,554.97,Ineficiente,416.23
2026-01-08,Colombia,Bucaramanga,23.7,Casa,4,9,Baja,3,True,252.19,Moderado,189.14
2026-04-30,México,Tijuana,16.0,Casa,3,10,Alta,14,True,463.77,Ineficiente,347.83
2026-05-10,Perú,Piura,26.8,Casa,7,16,Alta,14,True,560.89,Ineficiente,420.67
2026-09-28,México,Mérida,30.6,Casa,2,14,Alta,9,False,390.41,Moderado,292.81
2026-03-02,Perú,Puno,11.4,Departamento,1,13,Media,9,False,216.65,Eficiente,162.49
2026-01-29,Colombia,Bogotá,14.1,Departamento,2,9,Media,6,False,147.38,Eficiente,110.54
2026-03-28,Colombia,Medellín,22.8,Local,15,21,Media,6,True,1677.97,Ineficiente,1258.48
2026-03-16,Perú,Arequipa,17.4,Casa,4,21,Baja,4,True,211.6,Eficiente,158.7
2026-08-05,México,Mérida,31.0,Departamento,3,11,Alta,15,True,384.23,Moderado,288.17
2026-06-02,Colombia,Bogotá,13.3,Local,8,15,Baja,3,True,509.59,Ineficiente,382.19
2026-05-26,México,Ciudad de México,18.6,Departamento,3,10,Alta,14,True,489.0,Ineficiente,366.75
2026-11-29,México,Monterrey,20.0,Departamento,2,8,Baja,4,True,170.0,Eficiente,127.5
2026-02-06,México,Tijuana,14.5,Casa,6,12,Media,6,True,366.36,Moderado,274.77
2026-05-16,Perú,Piura,25.2,Casa,5,18,Alta,14,True,659.72,Ineficiente,494.79
2026-06-08,México,Monterrey,30.6,Casa,7,12,Alta,10,True,557.5,Ineficiente,418.12
2026-04-08,Colombia,Barranquilla,28.4,Casa,3,19,Media,10,False,323.81,Moderado,242.86
2026-10-29,Colombia,Medellín,22.9,Casa,2,8,Alta,13,True,392.74,Moderado,294.56
2026-11-23,Colombia,Medellín,22.9,Casa,5,13,Baja,5,False,339.65,Moderado,254.74
2026-07-20,México,Guadalajara,23.9,Departamento,2,7,Baja,1,False,148.63,Eficiente,111.47
2026-11-15,México,Tijuana,17.5,Departamento,2,6,Media,10,True,141.85,Eficiente,106.39
2026-07-21,Colombia,Cali,23.5,Casa,2,11,Media,4,True,163.01,Eficiente,122.26
2026-09-10,México,Tijuana,22.4,Casa,2,16,Baja,5,False,338.53,Moderado,253.9
2026-04-02,México,Mérida,28.4,Casa,7,8,Baja,3,True,382.69,Moderado,287.02
2026-06-28,México,Ciudad de México,18.4,Casa,7,13,Media,7,False,505.07,Ineficiente,378.8
2026-10-31,México,Monterrey,25.3,Casa,6,12,Alta,8,False,369.53,Moderado,277.15
2026-02-23,Colombia,Bogotá,13.4,Departamento,2,10,Media,9,False,163.41,Eficiente,122.56
2026-04-14,Perú,Piura,28.4,Local,8,15,Media,10,True,847.2,Ineficiente,635.4
2026-06-26,México,Mérida,30.6,Casa,3,13,Baja,3,True,219.3,Eficiente,164.48
2026-12-01,Colombia,Bogotá,13.8,Casa,3,21,Media,9,True,630.52,Ineficiente,472.89
2026-09-29,Colombia,Bogotá,12.2,Casa,6,21,Alta,9,False,522.95,Ineficiente,392.21
2026-12-03,Colombia,Cali,23.3,Casa,5,13,Alta,10,True,608.23,Ineficiente,456.17
2026-03-16,México,Monterrey,21.4,Local,20,12,Baja,4,True,640.65,Ineficiente,480.49
2026-06-15,México,Ciudad de México,19.8,Departamento,8,12,Alta,12,True,335.54,Moderado,251.66
2026-08-09,México,Monterrey,30.6,Casa,6,18,Media,7,True,392.1,Moderado,294.08
2026-03-29,Perú,Lima,27.2,Casa,3,13,Media,5,False,266.21,Moderado,199.66
2026-08-16,México,Mérida,30.2,Local,1,12,Alta,9,True,776.72,Ineficiente,582.54
2026-01-25,México,Ciudad de México,13.9,Casa,4,17,Alta,13,True,532.04,Ineficiente,399.03
2026-06-13,Colombia,Bucaramanga,21.7,Local,5,30,Media,9,True,1036.3,Ineficiente,777.22
2026-03-12,Colombia,Bucaramanga,22.4,Casa,3,16,Media,6,False,206.23,Eficiente,154.67
2026-06-27,México,Ciudad de México,19.3,Casa,3,14,Media,6,True,232.6,Eficiente,174.45
2026-05-16,México,Guadalajara,26.0,Departamento,4,9,Baja,3,True,135.63,Eficiente,101.72
2026-09-12,Perú,Puno,9.5,Casa,5,10,Alta,9,True,432.37,Moderado,324.28
2026-08-21,Perú,Piura,23.1,Casa,2,15,Media,9,True,276.01,Moderado,207.01
2026-10-21,México,Guadalajara,24.0,Casa,5,22,Media,7,True,569.86,Ineficiente,427.4
2026-08-28,Colombia,Cali,23.5,Casa,4,21,Alta,12,True,346.54,Moderado,259.91
2026-01-05,México,Guadalajara,19.6,Casa,3,10,Alta,14,True,378.26,Moderado,283.7
2026-10-16,Colombia,Bogotá,14.6,Casa,4,11,Baja,3,False,252.5,Moderado,189.38
2026-09-06,Colombia,Medellín,20.1,Local,5,17,Alta,12,True,1060.02,Ineficiente,795.02
2026-01-01,México,Ciudad de México,13.2,Casa,2,14,Media,10,False,328.95,Moderado,246.71
2026-10-01,Colombia,Bucaramanga,22.3,Casa,7,15,Alta,14,True,539.11,Ineficiente,404.33
2026-01-03,México,Guadalajara,19.9,Casa,6,14,Media,6,False,248.71,Eficiente,186.53
2026-12-27,México,Guadalajara,19.6,Departamento,1,5,Media,8,True,174.26,Eficiente,130.7
2026-07-16,México,Mérida,30.3,Departamento,2,6,Alta,13,True,185.53,Eficiente,139.15
2026-07-30,Perú,Arequipa,12.3,Departamento,1,13,Media,10,False,168.93,Eficiente,126.7
2026-01-08,Perú,Arequipa,16.7,Departamento,2,8,Media,6,False,92.35,Eficiente,69.26
2026-11-28,Colombia,Bucaramanga,23.7,Departamento,2,8,Alta,13,False,263.78,Moderado,197.83
2026-07-28,México,Monterrey,32.2,Departamento,3,8,Alta,15,False,460.06,Ineficiente,345.04
2026-02-27,Perú,Puno,11.6,Local,1,17,Baja,3,True,436.42,Moderado,327.32
2026-02-15,México,Tijuana,14.8,Casa,10,13,Baja,6,True,297.12,Moderado,222.84
2026-08-06,Colombia,Bogotá,13.4,Casa,4,11,Baja,5,True,316.87,Moderado,237.65
2026-01-03,México,Mérida,23.3,Departamento,4,6,Media,4,True,174.46,Eficiente,130.84
2026-08-02,México,Monterrey,31.5,Local,8,18,Media,7,True,1035.02,Ineficiente,776.26
2026-12-17,Colombia,Cali,24.9,Casa,3,19,Media,5,True,370.36,Moderado,277.77
2026-11-29,Perú,Arequipa,16.1,Local,20,17,Alta,10,True,1384.89,Ineficiente,1038.67
2026-11-26,Perú,Arequipa,17.4,Casa,2,13,Media,6,True,284.19,Moderado,213.14
2026-02-16,Colombia,Bucaramanga,22.3,Local,8,20,Media,10,True,1322.95,Ineficiente,992.21
2026-05-22,Perú,Piura,25.9,Local,8,19,Media,6,True,650.78,Ineficiente,488.08
2026-08-21,Perú,Arequipa,15.0,Local,10,19,Alta,11,True,1172.49,Ineficiente,879.37
2026-07-02,México,Mérida,31.1,Casa,6,22,Media,7,True,558.04,Ineficiente,418.53
2026-05-04,Colombia,Cali,23.1,Casa,3,7,Alta,12,True,327.43,Moderado,245.57
2026-08-03,Perú,Puno,9.0,Casa,8,13,Media,10,True,483.94,Ineficiente,362.96
2026-09-28,Colombia,Bucaramanga,22.5,Casa,2,6,Media,6,True,225.31,Eficiente,168.98
2026-03-18,Perú,Cusco,14.1,Casa,8,14,Media,8,True,300.19,Moderado,225.14
2026-03-02,Colombia,Bucaramanga,22.3,Local,10,25,Baja,5,True,708.89,Ineficiente,531.67
2026-11-23,Colombia,Bogotá,13.3,Casa,6,20,Media,4,True,536.56,Ineficiente,402.42
2026-04-23,México,Guadalajara,23.8,Casa,5,8,Media,8,True,390.13,Moderado,292.6
2026-05-02,Perú,Piura,25.7,Casa,8,11,Baja,5,True,221.88,Eficiente,166.41
2026-05-30,México,Mérida,30.2,Local,5,19,Media,5,True,807.52,Ineficiente,605.64
2026-04-14,Perú,Puno,11.9,Casa,6,8,Media,6,False,251.51,Moderado,188.63
2026-06-21,Colombia,Barranquilla,29.6,Departamento,3,5,Media,6,True,238.85,Eficiente,179.14
2026-02-14,Colombia,Cali,24.0,Casa,5,13,Media,4,True,394.99,Moderado,296.24
2026-08-31,Colombia,Bucaramanga,22.7,Departamento,3,11,Baja,3,True,129.47,Eficiente,97.1
2026-12-27,México,Guadalajara,19.0,Departamento,5,8,Media,10,True,356.86,Moderado,267.64
2026-06-07,México,Monterrey,31.0,Departamento,1,8,Baja,2,True,188.75,Eficiente,141.56
2026-01-18,México,Ciudad de México,13.8,Departamento,3,7,Media,4,False,124.19,Eficiente,93.14
2026-09-30,México,Monterrey,28.6,Local,1,25,Alta,13,True,1173.56,Ineficiente,880.17
2026-05-11,México,Tijuana,18.9,Casa,4,10,Baja,2,True,188.62,Eficiente,141.46
2026-01-12,México,Monterrey,14.6,Casa,7,15,Baja,4,True,387.23,Moderado,290.42
2026-03-14,Perú,Arequipa,17.6,Casa,10,11,Alta,15,False,472.26,Ineficiente,354.2
2026-09-01,Colombia,Barranquilla,29.0,Departamento,1,9,Alta,10,True,293.08,Moderado,219.81
2026-08-24,México,Mérida,31.4,Departamento,3,7,Media,9,True,345.29,Moderado,258.97
2026-12-23,México,Tijuana,14.3,Local,10,24,Alta,11,False,1195.38,Ineficiente,896.54
2026-10-05,Perú,Arequipa,16.6,Departamento,2,8,Media,9,False,253.91,Moderado,190.43
2026-03-11,México,Ciudad de México,15.5,Local,5,26,Alta,10,False,969.01,Ineficiente,726.76
2026-06-20,México,Guadalajara,24.5,Departamento,5,10,Baja,5,False,173.76,Eficiente,130.32
2026-11-08,México,Mérida,26.8,Casa,5,14,Media,8,True,336.31,Moderado,252.23
2026-03-25,Colombia,Medellín,22.5,Casa,4,6,Baja,4,True,251.25,Moderado,188.44
2026-09-10,México,Guadalajara,23.1,Casa,3,10,Alta,12,False,394.15,Moderado,295.61
2026-12-18,México,Ciudad de México,13.3,Departamento,2,7,Alta,8,True,121.86,Eficiente,91.4
2026-07-29,México,Mérida,31.3,Casa,3,24,Baja,4,True,314.72,Moderado,236.04
2026-04-23,México,Mérida,28.1,Casa,5,10,Baja,6,False,241.04,Eficiente,180.78
2026-05-17,México,Tijuana,19.0,Casa,3,11,Baja,5,False,233.04,Eficiente,174.78
2026-11-12,México,Mérida,26.5,Casa,4,10,Media,7,True,193.93,Eficiente,145.45
2026-02-22,Colombia,Barranquilla,28.0,Casa,3,12,Media,6,True,258.8,Moderado,194.1
2026-01-25,México,Ciudad de México,14.0,Casa,1,8,Alta,14,False,255.85,Moderado,191.89
2026-11-03,Colombia,Medellín,22.9,Casa,3,14,Baja,4,True,260.95,Moderado,195.71
2026-08-23,México,Ciudad de México,18.9,Departamento,2,10,Media,5,False,181.46,Eficiente,136.1
2026-05-09,México,Mérida,29.1,Casa,5,17,Alta,13,True,716.29,Ineficiente,537.22
2026-06-13,Colombia,Medellín,21.2,Local,5,23,Media,10,True,1049.77,Ineficiente,787.33
2026-05-21,Perú,Lima,22.9,Local,5,15,Media,5,False,565.7,Ineficiente,424.28
2026-03-30,México,Ciudad de México,16.3,Local,5,16,Alta,12,True,855.05,Ineficiente,641.29
2026-03-14,Colombia,Bucaramanga,22.6,Casa,5,15,Baja,6,True,339.66,Moderado,254.74
2026-04-04,Colombia,Medellín,22.8,Casa,5,8,Alta,10,True,234.54,Eficiente,175.9
2026-03-18,México,Monterrey,21.1,Local,20,12,Media,8,True,1026.53,Ineficiente,769.9
2026-07-06,Colombia,Bucaramanga,22.3,Casa,3,18,Media,9,True,293.33,Moderado,220.0
2026-06-06,Colombia,Bucaramanga,22.6,Casa,3,21,Baja,5,True,195.5,Eficiente,146.62
2026-01-13,México,Ciudad de México,12.5,Casa,5,11,Baja,3,False,199.89,Eficiente,149.92
2026-08-27,México,Tijuana,24.4,Casa,4,15,Media,4,False,299.9,Moderado,224.92
2026-05-25,Perú,Piura,25.5,Local,5,23,Alta,9,True,1277.95,Ineficiente,958.46
2026-01-09,México,Tijuana,13.9,Departamento,3,6,Media,7,True,192.29,Eficiente,144.22
2026-06-17,Colombia,Medellín,20.4,Departamento,3,8,Media,8,True,189.05,Eficiente,141.79
2026-03-07,México,Monterrey,22.4,Casa,2,17,Media,7,True,384.02,Moderado,288.02
2026-09-26,México,Ciudad de México,18.6,Casa,2,10,Alta,8,True,307.93,Moderado,230.95
2026-04-25,Perú,Arequipa,15.7,Casa,6,15,Baja,1,False,240.02,Eficiente,180.02
2026-02-22,Perú,Puno,12.3,Casa,4,21,Alta,8,True,579.94,Ineficiente,434.96
2026-01-09,Colombia,Bucaramanga,22.3,Departamento,1,6,Media,8,True,119.91,Eficiente,89.93
2026-01-08,Colombia,Bucaramanga,22.9,Casa,4,19,Baja,2,True,312.76,Moderado,234.57
2026-11-15,México,Monterrey,19.3,Casa,2,12,Baja,6,True,236.81,Eficiente,177.61
2026-01-29,Colombia,Bogotá,15.0,Local,5,14,Media,5,True,415.59,Moderado,311.69
2026-12-12,México,Ciudad de México,13.8,Casa,5,7,Alta,11,True,342.24,Moderado,256.68
2026-11-20,Perú,Cusco,13.9,Local,1,11,Alta,15,True,569.46,Ineficiente,427.1
2026-03-22,Colombia,Cali,24.9,Casa,2,10,Alta,12,True,281.97,Moderado,211.48
2026-08-02,México,Ciudad de México,17.1,Casa,7,13,Baja,4,False,388.56,Moderado,291.42
2026-06-15,México,Mérida,30.1,Casa,7,7,Media,8,True,314.75,Moderado,236.06
2026-12-15,México,Mérida,25.6,Casa,4,6,Alta,13,True,388.83,Moderado,291.62
2026-06-27,Perú,Cusco,11.0,Casa,6,8,Media,5,True,268.19,Moderado,201.14
2026-12-03,México,Tijuana,15.6,Departamento,4,12,Media,5,True,178.52,Eficiente,133.89
2026-06-29,México,Ciudad de México,18.2,Casa,4,8,Baja,5,False,164.92,Eficiente,123.69
2026-11-28,Perú,Cusco,13.6,Casa,6,12,Media,10,True,399.3,Moderado,299.48
2026-04-19,México,Tijuana,16.4,Casa,4,9,Alta,13,True,479.86,Ineficiente,359.9
2026-06-20,Colombia,Bogotá,12.6,Casa,3,15,Media,4,True,208.85,Eficiente,156.64
2026-11-08,México,Tijuana,17.0,Local,15,22,Media,8,True,986.08,Ineficiente,739.56
2026-10-08,México,Tijuana,21.5,Casa,6,10,Alta,14,False,450.85,Ineficiente,338.14
2026-04-22,Colombia,Cali,24.1,Local,5,19,Baja,6,True,432.09,Moderado,324.07
2026-12-28,México,Tijuana,15.5,Casa,4,7,Baja,1,True,216.54,Eficiente,162.4
2026-08-18,México,Tijuana,23.5,Casa,1,23,Baja,1,True,285.23,Moderado,213.92
2026-03-18,Perú,Cusco,13.2,Local,5,22,Media,9,False,644.37,Ineficiente,483.28
2026-08-27,Colombia,Cali,23.6,Casa,5,14,Alta,9,False,431.74,Moderado,323.8
2026-05-16,Perú,Puno,10.0,Local,2,18,Media,7,False,375.19,Moderado,281.39
2026-10-15,Colombia,Bucaramanga,23.2,Casa,8,18,Alta,9,True,436.49,Moderado,327.37
2026-04-08,Perú,Lima,25.5,Casa,6,7,Media,6,False,337.72,Moderado,253.29
2026-03-09,Colombia,Medellín,22.6,Local,2,23,Baja,4,True,482.75,Ineficiente,362.06
2026-04-09,Perú,Piura,28.8,Casa,7,15,Alta,10,False,674.74,Ineficiente,506.06
2026-11-02,Perú,Arequipa,16.4,Departamento,5,6,Baja,5,False,136.05,Eficiente,102.04
2026-02-25,Colombia,Barranquilla,27.3,Local,8,14,Media,10,True,756.17,Ineficiente,567.13
2026-11-04,Colombia,Bucaramanga,22.3,Casa,2,15,Alta,9,False,333.5,Moderado,250.12
2026-12-25,México,Ciudad de México,14.8,Casa,10,7,Media,8,True,350.04,Moderado,262.53
2026-06-16,Colombia,Medellín,21.7,Local,2,34,Baja,5,True,842.37,Ineficiente,631.78
2026-06-18,Colombia,Bucaramanga,21.4,Casa,2,9,Baja,2,False,223.22,Eficiente,167.42
2026-09-01,Colombia,Bogotá,14.0,Departamento,2,12,Alta,12,False,243.68,Eficiente,182.76
2026-04-25,Colombia,Medellín,22.8,Casa,5,19,Baja,5,True,243.1,Eficiente,182.32
2026-01-10,Perú,Puno,12.1,Local,10,29,Baja,3,True,896.41,Ineficiente,672.31
2026-02-02,Colombia,Bucaramanga,22.4,Departamento,2,8,Baja,5,False,118.49,Eficiente,88.87
2026-01-15,Perú,Cusco,13.1,Local,8,16,Media,4,False,922.29,Ineficiente,691.72
2026-06-08,México,Guadalajara,25.6,Departamento,2,8,Media,8,False,161.31,Eficiente,120.98
2026-08-16,Perú,Puno,9.6,Departamento,2,5,Alta,10,False,196.32,Eficiente,147.24
2026-01-05,Perú,Piura,27.7,Departamento,4,8,Media,4,False,180.82,Eficiente,135.62
2026-11-28,Perú,Puno,12.8,Casa,5,16,Alta,10,True,390.57,Moderado,292.93
2026-02-09,México,Ciudad de México,13.4,Departamento,3,11,Alta,13,False,347.33,Moderado,260.5
2026-12-14,México,Monterrey,16.4,Casa,8,19,Alta,13,True,599.36,Ineficiente,449.52
2026-08-14,México,Tijuana,24.2,Casa,5,17,Media,5,True,354.16,Moderado,265.62
2026-12-11,Colombia,Barranquilla,29.0,Casa,7,11,Baja,5,True,415.21,Moderado,311.41
2026-12-17,Colombia,Cali,24.9,Casa,5,12,Alta,9,True,429.81,Moderado,322.36
2026-07-01,México,Mérida,31.2,Departamento,2,7,Baja,6,True,122.0,Eficiente,91.5
2026-11-27,Colombia,Bucaramanga,23.5,Casa,5,10,Baja,6,True,209.29,Eficiente,156.97
2026-04-27,México,Tijuana,16.1,Departamento,2,11,Alta,15,True,285.52,Moderado,214.14
2026-05-12,Perú,Puno,9.8,Local,15,19,Media,4,True,1015.78,Ineficiente,761.84
2026-12-23,México,Ciudad de México,13.8,Casa,4,12,Media,6,True,315.13,Moderado,236.35
2026-06-22,Colombia,Bucaramanga,21.5,Departamento,2,6,Media,4,True,173.22,Eficiente,129.92
2026-05-14,México,Mérida,30.3,Casa,5,16,Media,5,False,519.74,Ineficiente,389.8
2026-04-10,México,Ciudad de México,17.5,Departamento,4,5,Media,10,False,206.05,Eficiente,154.54
2026-04-05,México,Mérida,28.1,Casa,4,9,Alta,14,True,600.46,Ineficiente,450.34
2026-05-22,México,Mérida,29.7,Casa,4,22,Baja,5,False,416.02,Moderado,312.02
2026-11-14,México,Tijuana,17.3,Departamento,5,12,Baja,4,True,271.57,Moderado,203.68
2026-09-11,México,Tijuana,22.2,Casa,4,14,Media,4,True,205.72,Eficiente,154.29
2026-09-02,México,Monterrey,29.9,Casa,7,18,Alta,10,True,879.38,Ineficiente,659.54
2026-08-14,México,Guadalajara,23.3,Departamento,2,14,Baja,3,True,136.09,Eficiente,102.07
2026-04-07,México,Tijuana,17.4,Departamento,2,6,Baja,6,True,197.69,Eficiente,148.27
2026-04-24,Colombia,Bogotá,14.8,Local,10,14,Alta,9,False,815.68,Ineficiente,611.76
2026-08-17,Perú,Puno,8.5,Casa,10,13,Alta,8,True,596.64,Ineficiente,447.48
2026-01-01,México,Guadalajara,19.9,Casa,4,23,Media,9,False,381.57,Moderado,286.18
2026-06-16,Colombia,Medellín,20.6,Local,2,17,Media,9,True,796.08,Ineficiente,597.06
2026-07-14,México,Monterrey,32.1,Local,8,23,Alta,14,True,1522.19,Ineficiente,1141.64
2026-05-04,Perú,Cusco,12.0,Departamento,2,8,Baja,5,False,109.3,Eficiente,81.98
2026-02-26,Colombia,Bucaramanga,22.6,Casa,6,20,Baja,5,True,192.05,Eficiente,144.04
2026-11-09,Colombia,Barranquilla,29.0,Departamento,4,7,Baja,2,True,248.13,Eficiente,186.1
2026-10-03,Perú,Arequipa,16.2,Casa,6,19,Media,7,True,423.85,Moderado,317.89
2026-10-14,México,Tijuana,21.0,Casa,5,18,Media,7,True,311.6,Moderado,233.7
2026-09-24,Colombia,Bogotá,13.4,Casa,3,12,Media,7,True,235.86,Eficiente,176.9
2026-12-18,México,Monterrey,17.0,Departamento,2,12,Baja,6,True,229.04,Eficiente,171.78
2026-05-26,Colombia,Medellín,22.9,Casa,8,14,Baja,2,False,282.3,Moderado,211.73
2026-12-18,Colombia,Medellín,21.3,Casa,5,11,Media,5,True,285.65,Moderado,214.24
2026-01-05,Colombia,Bucaramanga,23.7,Departamento,2,9,Baja,1,True,137.91,Eficiente,103.43
2026-11-07,México,Tijuana,18.8,Casa,5,11,Alta,10,True,375.18,Moderado,281.38
2026-05-21,Perú,Cusco,11.3,Departamento,4,13,Media,5,True,187.77,Eficiente,140.83
2026-09-25,México,Tijuana,23.0,Departamento,2,12,Media,6,True,199.59,Eficiente,149.69
2026-09-02,México,Ciudad de México,17.4,Departamento,3,7,Alta,12,True,293.65,Moderado,220.24
2026-08-24,Colombia,Bucaramanga,22.0,Departamento,3,5,Alta,8,True,228.65,Eficiente,171.49
2026-03-23,México,Tijuana,15.8,Casa,4,15,Alta,10,True,487.53,Ineficiente,365.65
2026-01-09,México,Ciudad de México,13.1,Casa,5,13,Alta,13,True,474.53,Ineficiente,355.9
2026-11-12,Perú,Arequipa,17.4,Casa,3,14,Media,6,True,220.35,Eficiente,165.26
2026-07-28,Perú,Piura,23.0,Casa,3,11,Media,7,True,275.0,Moderado,206.25
2026-07-03,Perú,Lima,17.5,Local,3,26,Media,8,True,974.66,Ineficiente,731.0
2026-09-05,Colombia,Barranquilla,29.6,Departamento,2,13,Media,8,True,254.0,Moderado,190.5
2026-09-27,México,Mérida,29.9,Departamento,2,12,Alta,13,False,459.66,Ineficiente,344.74
2026-07-02,México,Ciudad de México,18.0,Casa,7,8,Media,9,True,301.2,Moderado,225.9
2026-08-04,México,Mérida,31.4,Casa,5,10,Alta,12,False,429.74,Moderado,322.3
2026-12-21,Colombia,Bogotá,14.2,Departamento,5,5,Media,4,True,198.24,Eficiente,148.68
2026-09-18,México,Monterrey,29.8,Casa,6,5,Alta,14,True,460.66,Ineficiente,345.5
2026-04-04,Perú,Piura,27.2,Departamento,4,13,Media,9,True,268.32,Moderado,201.24
2026-12-04,Colombia,Barranquilla,28.4,Casa,6,13,Baja,5,True,292.59,Moderado,219.44
2026-06-07,Perú,Piura,23.9,Departamento,2,10,Alta,9,True,350.84,Moderado,263.13
2026-07-15,México,Guadalajara,24.2,Local,8,26,Media,5,True,804.48,Ineficiente,603.36
2026-12-08,México,Mérida,25.2,Departamento,3,7,Baja,2,False,98.02,Eficiente,73.52
2026-02-22,Perú,Arequipa,17.5,Casa,6,18,Media,6,False,370.98,Moderado,278.24
2026-06-05,Perú,Cusco,11.3,Departamento,3,12,Media,10,True,235.38,Eficiente,176.54
2026-05-23,Colombia,Cali,24.5,Casa,5,10,Media,5,True,354.05,Moderado,265.54
2026-09-21,Perú,Piura,24.2,Departamento,1,5,Baja,5,False,137.83,Eficiente,103.37
2026-06-19,Perú,Arequipa,14.9,Departamento,2,3,Media,8,False,135.2,Eficiente,101.4
2026-09-16,México,Mérida,30.5,Local,15,17,Media,5,True,788.61,Ineficiente,591.46
2026-07-25,México,Guadalajara,24.0,Departamento,1,11,Baja,3,True,164.93,Eficiente,123.7
2026-08-31,Colombia,Bogotá,12.4,Casa,3,12,Media,10,True,327.38,Moderado,245.54
2026-02-03,Colombia,Medellín,21.8,Local,8,24,Media,10,False,1102.41,Ineficiente,826.81
2026-07-09,Perú,Cusco,10.7,Casa,4,8,Media,9,False,250.47,Moderado,187.85
2026-11-13,México,Tijuana,18.7,Departamento,2,6,Alta,11,False,311.64,Moderado,233.73
2026-02-14,México,Mérida,25.2,Departamento,1,9,Media,10,False,255.53,Moderado,191.65
2026-09-11,Perú,Puno,9.3,Casa,6,9,Baja,4,False,222.9,Eficiente,167.18
2026-10-29,México,Ciudad de México,16.0,Casa,6,10,Media,8,False,408.73,Moderado,306.55
2026-10-26,Colombia,Bogotá,14.7,Casa,5,18,Baja,3,True,350.97,Moderado,263.23
2026-11-18,Colombia,Cali,23.1,Casa,4,15,Media,7,True,338.73,Moderado,254.05
2026-09-26,México,Monterrey,29.7,Casa,4,8,Alta,14,True,540.53,Ineficiente,405.4
2026-12-09,Colombia,Medellín,21.7,Casa,2,6,Media,6,True,163.71,Eficiente,122.78
2026-08-06,Colombia,Barranquilla,29.6,Casa,4,11,Media,7,True,316.7,Moderado,237.52
2026-05-09,Colombia,Medellín,21.6,Departamento,4,9,Media,5,False,249.16,Eficiente,186.87
2026-02-02,México,Ciudad de México,15.0,Casa,5,8,Alta,13,True,616.37,Ineficiente,462.28
2026-12-21,México,Ciudad de México,14.3,Casa,5,13,Alta,12,True,343.88,Moderado,257.91
2026-03-20,Colombia,Bucaramanga,23.3,Casa,5,12,Media,5,False,318.08,Moderado,238.56
2026-10-09,Colombia,Bucaramanga,23.3,Departamento,3,11,Media,6,True,294.24,Moderado,220.68
2026-05-12,Perú,Puno,10.2,Casa,3,9,Alta,15,True,372.83,Moderado,279.62
2026-11-06,Colombia,Bogotá,13.9,Departamento,3,7,Alta,10,True,215.77,Eficiente,161.83
2026-06-23,Perú,Piura,24.6,Casa,8,5,Baja,5,True,194.2,Eficiente,145.65
2026-06-25,Colombia,Medellín,21.8,Casa,3,13,Alta,13,True,452.54,Ineficiente,339.4
2026-04-03,Colombia,Medellín,21.2,Casa,2,15,Baja,3,False,268.98,Moderado,201.74
2026-06-24,Colombia,Bucaramanga,21.5,Departamento,4,7,Baja,4,True,144.75,Eficiente,108.56
2026-03-18,Colombia,Medellín,22.2,Casa,2,11,Alta,15,True,517.5,Ineficiente,388.12
2026-09-26,México,Tijuana,23.5,Casa,7,19,Media,6,False,439.18,Moderado,329.38
2026-11-12,México,Tijuana,18.1,Departamento,5,4,Media,4,False,167.2,Eficiente,125.4
2026-05-05,Perú,Piura,26.7,Casa,5,8,Media,8,True,287.43,Moderado,215.57
2026-01-04,México,Monterrey,14.4,Casa,3,9,Media,4,True,267.65,Moderado,200.74
2026-05-10,México,Mérida,30.8,Local,3,18,Media,4,True,748.55,Ineficiente,561.41
2026-11-21,México,Monterrey,19.6,Casa,6,11,Alta,9,True,388.99,Moderado,291.74
2026-11-29,México,Mérida,27.9,Casa,3,10,Media,9,True,275.54,Moderado,206.66
2026-04-26,Colombia,Bogotá,14.4,Casa,4,12,Baja,5,False,208.84,Eficiente,156.63
2026-07-16,México,Monterrey,32.4,Casa,4,10,Baja,2,True,239.2,Eficiente,179.4
2026-10-17,Colombia,Barranquilla,29.3,Casa,6,19,Media,6,True,427.9,Moderado,320.92
2026-05-05,Colombia,Bucaramanga,23.7,Departamento,3,8,Alta,15,False,470.16,Ineficiente,352.62
2026-08-06,Perú,Arequipa,13.6,Local,5,18,Alta,13,True,889.21,Ineficiente,666.91
2026-07-25,Perú,Lima,17.4,Departamento,3,9,Media,9,True,281.67,Moderado,211.25
2026-05-28,Perú,Lima,22.0,Casa,3,16,Media,7,True,365.33,Moderado,274.0
2026-06-21,Perú,Puno,7.2,Departamento,1,6,Media,9,False,163.24,Eficiente,122.43
2026-10-06,México,Guadalajara,22.4,Casa,3,17,Baja,6,False,236.19,Eficiente,177.14
2026-01-09,México,Ciudad de México,14.0,Casa,6,16,Media,5,False,268.01,Moderado,201.01
2026-02-09,México,Monterrey,18.5,Local,15,24,Media,8,True,841.37,Ineficiente,631.03
2026-11-21,Perú,Lima,23.5,Departamento,2,13,Media,8,True,294.74,Moderado,221.06
2026-03-28,Colombia,Cali,23.0,Casa,2,9,Media,6,True,236.3,Eficiente,177.23
2026-09-28,Colombia,Bogotá,12.0,Local,1,11,Media,7,True,524.87,Ineficiente,393.65
2026-05-08,México,Tijuana,18.7,Local,3,16,Baja,6,True,665.13,Ineficiente,498.85
2026-03-24,México,Tijuana,16.5,Local,3,13,Media,10,True,623.16,Ineficiente,467.37
2026-10-25,Perú,Lima,21.3,Casa,4,14,Media,9,False,324.62,Moderado,243.46
2026-01-03,Colombia,Bucaramanga,22.3,Departamento,3,7,Alta,9,True,243.64,Eficiente,182.73
2026-08-30,Colombia,Cali,22.0,Local,8,16,Media,8,True,693.84,Ineficiente,520.38
2026-11-03,Colombia,Bogotá,13.2,Casa,3,11,Alta,14,True,497.62,Ineficiente,373.22
2026-05-08,México,Guadalajara,26.6,Casa,3,13,Alta,10,False,359.16,Moderado,269.37
2026-09-01,Perú,Arequipa,14.1,Casa,1,18,Media,6,False,356.96,Moderado,267.72
2026-07-30,México,Guadalajara,24.4,Casa,3,9,Alta,10,False,297.92,Moderado,223.44
2026-02-05,México,Ciudad de México,13.2,Departamento,5,9,Media,4,True,140.91,Eficiente,105.68
2026-08-23,Perú,Arequipa,13.1,Departamento,6,10,Media,5,False,323.59,Moderado,242.69
2026-01-24,México,Mérida,24.2,Departamento,1,7,Baja,1,False,102.81,Eficiente,77.11
2026-07-23,Colombia,Barranquilla,29.4,Casa,3,20,Media,4,True,426.36,Moderado,319.77
2026-03-09,México,Tijuana,16.0,Casa,5,14,Baja,5,True,171.33,Eficiente,128.5
2026-07-25,Colombia,Medellín,20.6,Casa,4,11,Alta,11,True,554.91,Ineficiente,416.18
2026-09-27,Colombia,Bogotá,13.5,Casa,10,7,Alta,11,True,544.3,Ineficiente,408.22
2026-06-02,México,Mérida,30.7,Local,15,18,Media,9,False,1206.44,Ineficiente,904.83
2026-11-17,Colombia,Bogotá,13.2,Departamento,4,7,Media,4,False,212.01,Eficiente,159.01
2026-02-12,Colombia,Barranquilla,27.3,Departamento,2,6,Media,8,True,205.76,Eficiente,154.32
2026-03-21,México,Ciudad de México,16.4,Departamento,3,10,Media,6,True,151.02,Eficiente,113.27
2026-03-25,México,Mérida,27.5,Departamento,4,12,Media,8,True,226.52,Eficiente,169.89
2026-11-23,México,Ciudad de México,14.9,Casa,10,8,Media,6,True,400.3,Moderado,300.23
2026-10-24,Perú,Cusco,12.4,Departamento,1,12,Alta,11,False,260.98,Moderado,195.74
2026-06-17,Perú,Piura,23.0,Casa,3,7,Baja,3,True,188.78,Eficiente,141.58
2026-06-30,Colombia,Bucaramanga,22.0,Casa,3,9,Alta,12,True,460.25,Ineficiente,345.19
2026-05-23,México,Mérida,30.2,Casa,4,12,Media,10,True,439.51,Moderado,329.63
2026-07-16,México,Guadalajara,25.0,Departamento,2,12,Alta,11,False,291.66,Moderado,218.74
2026-04-28,México,Ciudad de México,17.7,Departamento,2,4,Alta,15,True,309.52,Moderado,232.14
2026-01-02,México,Tijuana,14.6,Local,2,17,Alta,11,True,649.32,Ineficiente,486.99
2026-10-16,México,Monterrey,24.5,Departamento,4,11,Baja,6,True,171.71,Eficiente,128.78
2026-04-01,Perú,Lima,25.9,Casa,4,10,Alta,12,True,364.22,Moderado,273.17
2026-09-22,México,Mérida,29.4,Casa,4,19,Media,4,True,336.49,Moderado,252.37
2026-10-10,Colombia,Bogotá,14.8,Casa,5,6,Media,6,True,266.27,Moderado,199.7
2026-08-08,Colombia,Barranquilla,29.6,Casa,2,6,Media,8,True,269.22,Moderado,201.92
2026-05-02,Colombia,Cali,25.0,Local,10,24,Media,7,True,1050.26,Ineficiente,787.7
2026-12-20,México,Mérida,25.2,Casa,2,13,Baja,1,True,186.31,Eficiente,139.73
2026-01-19,México,Monterrey,15.6,Departamento,8,6,Alta,12,False,361.97,Moderado,271.48
2026-01-13,Colombia,Bogotá,14.0,Casa,5,13,Baja,4,True,163.13,Eficiente,122.35
2026-06-29,México,Monterrey,30.2,Casa,8,8,Alta,15,True,437.13,Moderado,327.85
2026-04-09,Perú,Cusco,13.0,Local,8,25,Alta,8,True,1582.02,Ineficiente,1186.51
2026-12-29,México,Ciudad de México,14.5,Casa,3,17,Media,10,True,437.69,Moderado,328.27
2026-10-20,Colombia,Bogotá,13.1,Casa,3,12,Alta,10,True,527.81,Ineficiente,395.86
2026-09-29,Colombia,Bogotá,13.2,Casa,4,15,Baja,2,True,186.54,Eficiente,139.9
2026-07-27,Perú,Cusco,9.1,Departamento,4,8,Media,10,False,230.21,Eficiente,172.66
2026-05-07,México,Ciudad de México,18.3,Casa,4,13,Baja,6,True,141.24,Eficiente,105.93
2026-08-03,Perú,Puno,9.0,Local,10,14,Alta,9,True,1182.27,Ineficiente,886.7
2026-10-28,México,Monterrey,24.5,Departamento,1,8,Media,4,False,114.56,Eficiente,85.92
2026-10-23,México,Mérida,28.5,Casa,7,16,Alta,10,False,605.07,Ineficiente,453.8
2026-10-20,México,Ciudad de México,16.6,Departamento,3,10,Baja,6,True,120.96,Eficiente,90.72
2026-11-02,Perú,Lima,22.7,Casa,5,15,Alta,14,True,426.0,Moderado,319.5
2026-01-26,Colombia,Bogotá,13.6,Departamento,3,14,Media,5,True,188.77,Eficiente,141.58
2026-11-03,Colombia,Medellín,21.7,Casa,5,15,Alta,10,False,536.71,Ineficiente,402.53
2026-09-13,México,Ciudad de México,17.4,Local,5,22,Media,8,True,578.19,Ineficiente,433.64
2026-07-26,México,Tijuana,22.4,Casa,7,8,Baja,1,True,256.96,Moderado,192.72
2026-03-27,Colombia,Bucaramanga,23.9,Casa,2,11,Media,9,True,282.82,Moderado,212.12
2026-01-27,Colombia,Cali,23.8,Casa,2,19,Alta,9,False,366.2,Moderado,274.65
2026-08-20,Perú,Lima,17.5,Local,5,11,Media,4,True,405.92,Moderado,304.44
2026-08-27,México,Monterrey,30.2,Local,15,20,Baja,3,True,956.87,Ineficiente,717.65
2026-02-28,México,Ciudad de México,13.4,Casa,5,12,Baja,3,False,370.62,Moderado,277.97
2026-09-28,Colombia,Medellín,20.4,Departamento,4,9,Alta,13,True,378.98,Moderado,284.24
2026-12-14,Perú,Arequipa,17.8,Casa,7,6,Baja,1,True,182.39,Eficiente,136.79
2026-04-18,Colombia,Cali,23.7,Casa,5,20,Media,6,True,292.5,Moderado,219.38
2026-05-31,Colombia,Bogotá,13.3,Casa,5,13,Media,7,False,339.67,Moderado,254.75
2026-08-12,México,Tijuana,23.0,Casa,7,15,Alta,12,False,578.32,Ineficiente,433.74
2026-03-22,México,Guadalajara,21.0,Casa,4,8,Media,6,False,215.4,Eficiente,161.55
2026-02-21,México,Tijuana,15.0,Departamento,3,5,Alta,9,True,224.98,Eficiente,168.74
2026-11-01,Perú,Cusco,14.8,Casa,7,10,Alta,11,True,511.06,Ineficiente,383.3
2026-04-22,Colombia,Barranquilla,29.2,Casa,3,8,Media,9,True,250.12,Moderado,187.59
2026-09-04,Perú,Puno,10.6,Local,2,22,Alta,11,False,1186.19,Ineficiente,889.64
2026-06-03,México,Monterrey,31.2,Local,2,25,Media,6,True,692.88,Ineficiente,519.66
2026-04-06,Colombia,Bucaramanga,23.5,Casa,7,9,Media,10,True,365.64,Moderado,274.23
2026-11-02,Perú,Piura,27.2,Casa,5,7,Alta,10,True,490.64,Ineficiente,367.98
2026-07-20,Colombia,Bucaramanga,21.3,Casa,3,10,Alta,10,True,352.66,Moderado,264.5
2026-03-01,Colombia,Barranquilla,29.9,Casa,7,7,Baja,2,False,224.2,Eficiente,168.15
2026-02-21,México,Guadalajara,19.5,Casa,4,22,Media,7,True,352.35,Moderado,264.26
2026-01-02,México,Guadalajara,19.0,Departamento,2,10,Baja,1,False,144.67,Eficiente,108.5
2026-10-30,Perú,Piura,24.6,Casa,2,13,Media,9,False,223.74,Eficiente,167.8
2026-04-23,Colombia,Bucaramanga,22.7,Casa,4,12,Alta,14,True,476.41,Ineficiente,357.31
2026-08-13,Perú,Arequipa,13.7,Local,10,18,Alta,14,True,1930.63,Ineficiente,1447.97
2026-11-06,Perú,Piura,26.2,Casa,4,21,Baja,4,False,340.93,Moderado,255.7
2026-06-11,México,Mérida,30.7,Casa,6,13,Alta,14,True,522.75,Ineficiente,392.06
2026-05-16,México,Guadalajara,26.6,Departamento,3,7,Baja,3,False,160.54,Eficiente,120.4
2026-10-03,Perú,Arequipa,15.5,Casa,2,9,Media,8,True,215.45,Eficiente,161.59
2026-04-04,Colombia,Barranquilla,29.2,Local,10,15,Alta,15,True,1453.68,Ineficiente,1090.26
2026-05-09,Perú,Piura,26.7,Casa,4,18,Alta,11,True,466.47,Ineficiente,349.85
2026-02-20,Colombia,Barranquilla,28.1,Departamento,3,9,Media,7,False,231.88,Eficiente,173.91
2026-04-13,Colombia,Cali,24.9,Casa,5,22,Alta,12,True,738.07,Ineficiente,553.55
2026-09-22,México,Mérida,29.2,Casa,2,10,Baja,3,False,211.07,Eficiente,158.3
2026-01-12,México,Tijuana,14.6,Departamento,2,6,Alta,13,True,228.51,Eficiente,171.38
2026-09-09,Perú,Puno,10.2,Departamento,4,9,Media,5,True,152.9,Eficiente,114.68
2026-07-25,Colombia,Bogotá,12.6,Departamento,2,10,Baja,3,True,128.84,Eficiente,96.63
2026-12-04,México,Ciudad de México,14.4,Casa,7,16,Alta,13,True,544.79,Ineficiente,408.59
2026-05-22,México,Monterrey,29.6,Departamento,4,7,Alta,8,True,261.7,Moderado,196.27
2026-04-08,Colombia,Barranquilla,28.9,Local,3,32,Alta,10,True,1003.8,Ineficiente,752.85
2026-07-30,Colombia,Cali,23.9,Casa,5,7,Alta,9,True,323.55,Moderado,242.66
2026-02-28,Perú,Lima,28.9,Casa,8,19,Baja,6,False,329.74,Moderado,247.3
2026-04-11,México,Guadalajara,23.7,Casa,7,15,Media,6,True,215.43,Eficiente,161.57
2026-03-22,Colombia,Bucaramanga,22.4,Departamento,2,8,Baja,2,True,192.58,Eficiente,144.44
2026-02-22,México,Ciudad de México,14.0,Casa,4,17,Alta,15,True,585.28,Ineficiente,438.96
2026-04-19,Colombia,Bucaramanga,23.8,Casa,4,13,Alta,11,True,405.49,Moderado,304.12
2026-01-30,México,Guadalajara,19.7,Casa,6,20,Media,6,True,576.42,Ineficiente,432.31
2026-05-25,Perú,Arequipa,14.3,Local,10,12,Alta,8,True,882.83,Ineficiente,662.12
2026-10-06,Colombia,Barranquilla,28.6,Departamento,2,8,Media,9,True,212.04,Eficiente,159.03
2026-06-23,México,Guadalajara,24.4,Casa,7,13,Media,6,True,416.77,Moderado,312.58
2026-03-19,Perú,Arequipa,16.2,Casa,5,16,Baja,4,True,264.31,Moderado,198.23
2026-06-30,Perú,Puno,8.6,Casa,1,19,Alta,8,True,393.88,Moderado,295.41
2026-10-03,Colombia,Bogotá,13.6,Casa,2,11,Baja,1,True,309.96,Moderado,232.47
2026-04-09,Perú,Lima,25.6,Local,1,15,Baja,4,True,554.01,Ineficiente,415.51
2026-08-24,México,Mérida,32.0,Casa,6,14,Media,9,False,454.85,Ineficiente,341.14
2026-07-27,México,Tijuana,22.9,Casa,6,10,Media,8,False,348.13,Moderado,261.1
2026-07-08,México,Mérida,30.5,Departamento,3,9,Alta,12,False,270.83,Moderado,203.12
2026-11-12,Perú,Arequipa,16.9,Local,5,14,Alta,11,False,463.33,Ineficiente,347.5
2026-10-12,México,Guadalajara,23.9,Local,8,23,Alta,8,True,1312.61,Ineficiente,984.46
2026-11-18,Colombia,Bogotá,14.2,Local,8,21,Media,7,True,771.8,Ineficiente,578.85
2026-01-10,Colombia,Bogotá,14.6,Casa,1,11,Media,8,True,321.95,Moderado,241.46
2026-03-12,Colombia,Medellín,21.2,Casa,8,20,Baja,3,True,354.51,Moderado,265.88
2026-12-02,México,Monterrey,15.4,Casa,4,15,Baja,6,True,260.23,Moderado,195.17
2026-11-22,México,Guadalajara,21.4,Casa,7,10,Baja,6,True,292.3,Moderado,219.23
2026-09-24,México,Monterrey,29.3,Casa,5,13,Alta,10,True,504.89,Ineficiente,378.67
2026-04-23,México,Guadalajara,24.3,Local,15,12,Media,4,True,862.05,Ineficiente,646.54
2026-03-22,Perú,Lima,26.7,Local,3,23,Baja,3,True,334.81,Moderado,251.11
2026-10-14,Colombia,Cali,24.7,Casa,8,8,Alta,13,True,423.43,Moderado,317.57
2026-04-14,México,Guadalajara,24.8,Casa,10,17,Alta,13,True,600.07,Ineficiente,450.05
2026-06-15,Perú,Lima,21.0,Casa,7,19,Alta,8,False,528.36,Ineficiente,396.27
2026-11-03,Perú,Puno,12.7,Casa,4,9,Baja,5,True,231.52,Eficiente,173.64
2026-09-03,Perú,Puno,10.7,Casa,4,14,Baja,4,True,201.8,Eficiente,151.35
2026-04-22,Colombia,Bucaramanga,22.7,Local,15,19,Media,10,True,1170.78,Ineficiente,878.08
2026-09-26,México,Monterrey,29.0,Casa,5,19,Alta,8,True,569.47,Ineficiente,427.1
2026-11-20,Colombia,Medellín,22.2,Local,5,20,Alta,15,True,1022.57,Ineficiente,766.93
2026-05-29,Perú,Piura,26.7,Casa,4,13,Media,7,True,415.63,Moderado,311.72
2026-12-07,México,Tijuana,15.0,Departamento,2,8,Baja,5,True,129.7,Eficiente,97.28
2026-11-15,Colombia,Bogotá,13.6,Casa,8,14,Baja,3,True,317.14,Moderado,237.86
2026-08-02,Perú,Piura,23.6,Casa,2,13,Media,5,True,334.07,Moderado,250.55
2026-04-01,Perú,Piura,27.2,Casa,6,12,Media,10,False,370.24,Moderado,277.68
2026-04-19,Perú,Cusco,12.9,Casa,5,7,Media,4,True,175.8,Eficiente,131.85
2026-12-15,México,Monterrey,16.6,Departamento,2,7,Alta,8,True,152.68,Eficiente,114.51
2026-07-24,México,Mérida,31.7,Casa,6,8,Alta,8,True,414.99,Moderado,311.24
2026-11-17,México,Guadalajara,20.5,Departamento,3,8,Media,7,False,273.63,Moderado,205.22
2026-02-12,México,Mérida,24.7,Departamento,4,7,Alta,14,True,379.78,Moderado,284.83
2026-09-10,Colombia,Barranquilla,29.0,Casa,5,19,Media,4,True,371.72,Moderado,278.79
2026-07-23,Colombia,Cali,23.2,Local,15,17,Media,6,True,1094.94,Ineficiente,821.2
2026-08-10,Colombia,Barranquilla,28.9,Casa,6,19,Alta,14,False,961.12,Ineficiente,720.84
2026-03-06,México,Tijuana,15.8,Departamento,4,10,Media,4,False,141.44,Eficiente,106.08
2026-07-27,Colombia,Medellín,21.8,Departamento,2,13,Media,10,False,322.81,Moderado,242.11
2026-09-10,México,Mérida,29.0,Local,15,25,Media,6,True,1494.21,Ineficiente,1120.66
2026-06-17,Colombia,Medellín,21.5,Casa,2,9,Media,4,False,314.63,Moderado,235.97
2026-02-10,Colombia,Cali,24.3,Departamento,3,6,Alta,14,False,298.45,Moderado,223.84
2026-10-01,México,Monterrey,25.8,Casa,3,20,Alta,8,True,396.27,Moderado,297.2
2026-07-08,México,Tijuana,22.6,Local,15,15,Media,10,True,1312.54,Ineficiente,984.4
2026-10-09,Colombia,Cali,24.0,Casa,7,18,Media,4,True,440.03,Moderado,330.02
2026-07-15,Perú,Arequipa,13.6,Casa,3,7,Media,8,True,196.63,Eficiente,147.47
2026-12-19,Perú,Puno,12.9,Departamento,2,5,Alta,10,True,240.92,Eficiente,180.69
2026-04-15,México,Mérida,28.1,Departamento,3,10,Alta,14,False,462.8,Ineficiente,347.1
2026-01-04,México,Monterrey,15.2,Casa,5,13,Baja,6,True,248.79,Eficiente,186.59
2026-02-05,México,Tijuana,14.6,Departamento,1,8,Baja,4,True,107.93,Eficiente,80.95
2026-11-23,México,Mérida,27.0,Casa,2,18,Media,10,True,443.61,Moderado,332.71
2026-03-10,México,Ciudad de México,15.4,Casa,4,8,Media,5,False,210.54,Eficiente,157.9
2026-03-02,Colombia,Bucaramanga,22.8,Casa,8,19,Media,9,False,297.86,Moderado,223.4
2026-01-14,Perú,Arequipa,16.5,Departamento,2,11,Media,9,True,236.92,Eficiente,177.69
2026-07-23,México,Guadalajara,24.6,Casa,7,11,Media,5,True,301.1,Moderado,225.82
2026-09-20,México,Tijuana,22.0,Casa,6,15,Baja,3,True,324.81,Moderado,243.61
2026-05-25,México,Mérida,29.6,Casa,2,10,Media,9,True,261.28,Moderado,195.96
2026-10-31,Colombia,Barranquilla,29.4,Departamento,2,10,Baja,6,False,236.34,Eficiente,177.26
2026-04-04,México,Ciudad de México,17.6,Casa,5,13,Media,4,True,433.41,Moderado,325.06
2026-05-14,México,Tijuana,19.3,Local,8,27,Baja,2,False,942.36,Ineficiente,706.77
2026-10-18,Colombia,Medellín,22.0,Departamento,2,7,Baja,4,False,165.94,Eficiente,124.46
2026-10-14,México,Ciudad de México,17.3,Casa,5,16,Alta,14,True,731.11,Ineficiente,548.33
2026-09-12,México,Tijuana,22.4,Casa,4,17,Alta,11,False,448.75,Moderado,336.56
2026-09-30,Colombia,Barranquilla,28.7,Casa,7,23,Alta,15,True,926.02,Ineficiente,694.52
2026-04-23,Colombia,Cali,23.3,Local,15,19,Media,7,True,968.35,Ineficiente,726.26
2026-02-04,México,Guadalajara,19.8,Departamento,2,8,Media,7,True,140.59,Eficiente,105.44
2026-08-30,Colombia,Bucaramanga,23.0,Casa,2,17,Alta,10,False,449.56,Moderado,337.17
2026-08-20,Colombia,Cali,22.6,Departamento,1,5,Media,6,True,194.07,Eficiente,145.55
2026-05-26,Colombia,Barranquilla,28.3,Departamento,3,7,Alta,10,True,209.99,Eficiente,157.49
2026-12-26,México,Monterrey,15.2,Casa,3,13,Media,6,True,309.24,Moderado,231.93
2026-10-23,México,Tijuana,20.1,Local,3,22,Alta,11,True,765.68,Ineficiente,574.26
2026-07-15,Perú,Piura,22.3,Local,5,31,Alta,15,True,1338.8,Ineficiente,1004.1
2026-10-10,México,Tijuana,20.3,Casa,1,10,Media,9,True,283.47,Moderado,212.6
2026-10-01,Perú,Cusco,13.9,Casa,7,13,Alta,10,False,465.01,Ineficiente,348.76
2026-07-05,México,Ciudad de México,18.2,Local,3,19,Alta,13,True,623.21,Ineficiente,467.41
2026-08-14,México,Guadalajara,24.1,Casa,4,10,Media,10,True,326.64,Moderado,244.98
2026-10-19,México,Tijuana,21.9,Casa,4,16,Media,4,False,408.89,Moderado,306.67
2026-06-07,Perú,Puno,7.8,Local,15,25,Baja,2,True,628.01,Ineficiente,471.01
2026-02-09,México,Ciudad de México,13.2,Departamento,2,12,Alta,14,True,459.18,Ineficiente,344.38
2026-05-10,Perú,Piura,25.6,Casa,5,10,Baja,5,True,209.87,Eficiente,157.4
2026-08-14,Colombia,Cali,22.3,Casa,2,11,Media,5,False,219.4,Eficiente,164.55
2026-10-31,Perú,Cusco,13.5,Local,8,27,Alta,15,False,856.11,Ineficiente,642.08
2026-10-10,Perú,Lima,21.2,Departamento,3,8,Baja,5,True,79.71,Eficiente,59.78
2026-12-04,México,Monterrey,15.8,Casa,4,16,Baja,5,False,281.23,Moderado,210.92
2026-04-08,México,Mérida,28.6,Casa,2,22,Baja,6,True,405.42,Moderado,304.06
2026-05-31,Colombia,Medellín,22.3,Casa,5,10,Baja,2,True,229.3,Eficiente,171.98
2026-01-21,México,Tijuana,13.4,Departamento,3,12,Media,9,False,170.51,Eficiente,127.88
2026-01-28,México,Mérida,23.6,Casa,2,16,Baja,1,True,244.46,Eficiente,183.34
2026-06-07,Colombia,Medellín,21.9,Casa,2,9,Baja,6,True,275.78,Moderado,206.83
2026-02-05,Colombia,Bucaramanga,23.4,Local,20,20,Alta,11,True,1858.06,Ineficiente,1393.54
2026-05-23,Colombia,Medellín,22.4,Casa,6,20,Media,10,False,536.21,Ineficiente,402.16
2026-07-10,México,Ciudad de México,17.8,Casa,5,14,Alta,14,True,628.97,Ineficiente,471.73
2026-10-26,México,Monterrey,24.5,Casa,4,10,Baja,1,True,213.87,Eficiente,160.4
2026-05-26,Perú,Lima,21.8,Casa,5,10,Baja,2,False,206.31,Eficiente,154.73
2026-08-04,Perú,Piura,23.3,Departamento,1,6,Media,7,False,142.38,Eficiente,106.78
2026-04-11,México,Tijuana,17.5,Casa,4,11,Media,10,True,385.3,Moderado,288.98
2026-03-27,Colombia,Bogotá,13.2,Casa,4,17,Media,9,False,489.79,Ineficiente,367.34
2026-12-27,México,Guadalajara,19.4,Casa,7,11,Alta,10,False,544.14,Ineficiente,408.1
2026-08-12,Perú,Arequipa,14.8,Departamento,4,15,Baja,1,False,161.62,Eficiente,121.22
2026-05-21,Perú,Lima,22.3,Casa,2,14,Alta,11,False,431.35,Moderado,323.51
2026-06-20,Perú,Piura,23.2,Local,10,30,Media,4,True,1431.28,Ineficiente,1073.46
2026-04-16,México,Guadalajara,24.7,Casa,6,10,Baja,6,True,255.95,Moderado,191.96
2026-02-03,Colombia,Barranquilla,27.3,Casa,8,7,Media,8,True,339.2,Moderado,254.4
2026-06-20,México,Tijuana,20.7,Casa,6,20,Media,4,True,282.81,Moderado,212.11
2026-04-18,México,Monterrey,27.0,Casa,3,9,Media,7,False,263.88,Moderado,197.91
2026-02-11,México,Ciudad de México,14.4,Departamento,1,8,Baja,3,False,208.59,Eficiente,156.44
2026-04-06,Colombia,Medellín,22.2,Casa,4,16,Media,4,True,208.89,Eficiente,156.67
2026-08-19,México,Ciudad de México,17.5,Departamento,2,11,Media,5,True,173.78,Eficiente,130.34
2026-07-30,México,Mérida,31.8,Casa,5,17,Media,6,True,552.07,Ineficiente,414.05
2026-12-24,México,Tijuana,14.2,Casa,3,18,Alta,11,True,483.9,Ineficiente,362.92
2026-07-20,México,Mérida,30.1,Casa,2,11,Baja,2,False,282.87,Moderado,212.15
2026-12-25,México,Guadalajara,19.6,Local,8,13,Baja,5,True,555.22,Ineficiente,416.42
2026-03-16,Colombia,Bogotá,13.1,Departamento,1,11,Alta,11,True,352.48,Moderado,264.36
2026-06-08,Colombia,Barranquilla,29.0,Casa,4,13,Media,6,False,364.05,Moderado,273.04
2026-02-10,México,Mérida,25.7,Local,10,16,Media,7,True,438.69,Moderado,329.02
2026-07-23,Perú,Piura,22.7,Departamento,2,7,Media,7,True,233.24,Eficiente,174.93
2026-11-06,Perú,Lima,23.0,Casa,8,22,Baja,4,True,196.46,Eficiente,147.34
2026-09-16,Colombia,Barranquilla,29.4,Casa,6,16,Media,5,True,465.41,Ineficiente,349.06
2026-03-13,México,Tijuana,15.0,Casa,4,18,Baja,2,False,313.91,Moderado,235.43
2026-05-21,México,Monterrey,28.4,Local,10,20,Alta,12,True,1525.05,Ineficiente,1143.79
2026-03-17,México,Tijuana,15.2,Casa,2,18,Baja,6,True,367.16,Moderado,275.37
2026-03-25,Colombia,Barranquilla,29.2,Casa,3,11,Media,10,False,318.37,Moderado,238.78
2026-04-10,México,Monterrey,26.0,Casa,3,7,Alta,12,True,361.18,Moderado,270.88
2026-03-30,México,Ciudad de México,15.7,Departamento,3,7,Media,9,True,197.8,Eficiente,148.35
2026-05-22,México,Monterrey,28.6,Casa,8,12,Media,4,True,412.7,Moderado,309.52
2026-03-20,Colombia,Bogotá,13.9,Local,8,20,Alta,8,False,1095.16,Ineficiente,821.37
2026-10-14,Colombia,Bucaramanga,23.9,Departamento,1,8,Alta,12,True,294.8,Moderado,221.1
2026-05-22,Perú,Lima,22.3,Departamento,1,11,Alta,10,False,246.08,Eficiente,184.56
2026-11-12,México,Monterrey,19.6,Departamento,2,4,Media,8,False,97.37,Eficiente,73.03
2026-05-01,Colombia,Medellín,21.5,Departamento,2,9,Alta,11,True,236.86,Eficiente,177.64
2026-03-27,México,Monterrey,21.3,Casa,8,15,Baja,4,True,308.19,Moderado,231.14
2026-04-18,México,Guadalajara,23.2,Local,5,14,Alta,15,True,766.4,Ineficiente,574.8
2026-02-13,Colombia,Medellín,22.0,Casa,5,15,Media,8,False,368.93,Moderado,276.7
2026-01-24,México,Ciudad de México,12.7,Casa,4,6,Media,4,True,287.27,Moderado,215.45
2026-04-14,Perú,Lima,24.4,Casa,1,13,Media,4,False,305.1,Moderado,228.82
2026-01-20,México,Ciudad de México,12.0,Casa,7,11,Media,9,True,263.75,Moderado,197.81
2026-05-05,Colombia,Bogotá,13.3,Departamento,3,8,Baja,5,False,172.63,Eficiente,129.47
2026-05-05,México,Mérida,30.7,Casa,7,10,Alta,14,True,416.54,Moderado,312.41
2026-11-22,Perú,Puno,12.7,Casa,3,22,Media,7,True,303.4,Moderado,227.55
2026-12-25,México,Ciudad de México,13.7,Local,15,13,Baja,1,True,586.98,Ineficiente,440.24
2026-10-11,México,Guadalajara,23.9,Casa,2,13,Alta,13,True,361.1,Moderado,270.83
2026-05-28,Colombia,Cali,24.5,Casa,3,22,Alta,11,True,455.62,Ineficiente,341.72
2026-10-08,Perú,Arequipa,15.2,Departamento,5,10,Media,9,False,219.14,Eficiente,164.36
2026-03-12,Colombia,Barranquilla,28.7,Casa,7,16,Media,10,True,603.35,Ineficiente,452.51
2026-04-28,México,Mérida,29.6,Casa,7,22,Media,7,True,637.23,Ineficiente,477.92
2026-08-12,Perú,Lima,18.7,Casa,2,11,Media,8,True,311.54,Moderado,233.66
2026-03-08,México,Mérida,26.2,Casa,2,16,Alta,10,True,495.69,Ineficiente,371.77
2026-02-10,Perú,Arequipa,17.4,Casa,6,11,Alta,14,True,510.7,Ineficiente,383.02
2026-07-09,Perú,Piura,22.0,Departamento,2,6,Media,6,False,178.93,Eficiente,134.2
2026-12-25,México,Tijuana,14.3,Departamento,2,10,Media,8,False,232.78,Eficiente,174.58
2026-06-09,México,Tijuana,20.8,Local,8,18,Media,10,True,895.68,Ineficiente,671.76
2026-10-24,Colombia,Bogotá,13.4,Casa,5,18,Media,9,True,289.83,Moderado,217.37
2026-01-29,Perú,Puno,12.7,Casa,8,16,Alta,10,False,511.11,Ineficiente,383.33
2026-12-12,Colombia,Medellín,22.2,Casa,6,12,Media,10,True,281.28,Moderado,210.96
2026-09-22,Colombia,Bogotá,12.2,Local,2,16,Alta,11,True,1167.37,Ineficiente,875.53
2026-09-26,México,Mérida,30.3,Casa,7,10,Baja,6,True,277.31,Moderado,207.98
2026-06-21,Perú,Piura,24.7,Casa,4,18,Media,7,True,263.25,Moderado,197.44
2026-07-08,Colombia,Bogotá,13.7,Casa,3,15,Media,4,True,206.03,Eficiente,154.52
2026-04-24,Colombia,Bucaramanga,23.5,Casa,8,12,Alta,10,True,443.83,Moderado,332.87
2026-05-27,México,Mérida,29.4,Departamento,6,10,Baja,4,False,152.35,Eficiente,114.26
2026-11-03,Colombia,Bogotá,13.2,Casa,6,10,Baja,2,False,209.74,Eficiente,157.3
2026-06-01,Perú,Puno,7.4,Departamento,4,6,Baja,2,True,110.19,Eficiente,82.64
2026-12-25,México,Ciudad de México,14.7,Departamento,1,6,Baja,3,True,210.61,Eficiente,157.96
2026-09-27,Colombia,Bogotá,12.6,Casa,3,8,Baja,3,False,172.31,Eficiente,129.23
2026-09-17,Perú,Cusco,11.8,Departamento,1,8,Alta,14,True,213.84,Eficiente,160.38
2026-11-19,Perú,Cusco,13.1,Casa,4,11,Baja,3,True,243.16,Eficiente,182.37
2026-03-01,Colombia,Bucaramanga,23.7,Departamento,3,11,Media,8,True,272.6,Moderado,204.45
2026-11-10,México,Guadalajara,21.1,Casa,2,18,Media,6,True,297.63,Moderado,223.22
2026-08-14,Colombia,Bogotá,13.3,Casa,3,16,Media,6,True,273.43,Moderado,205.07
2026-06-24,México,Ciudad de México,19.0,Casa,8,19,Media,6,False,507.92,Ineficiente,380.94
2026-10-27,México,Monterrey,24.0,Casa,3,9,Baja,6,True,204.29,Eficiente,153.22
2026-09-01,Perú,Arequipa,14.4,Departamento,4,8,Media,6,False,111.34,Eficiente,83.5
2026-02-17,México,Ciudad de México,13.9,Casa,2,16,Media,5,False,403.37,Moderado,302.53
2026-09-08,México,Guadalajara,24.4,Casa,4,12,Baja,5,True,359.51,Moderado,269.63
2026-07-23,México,Guadalajara,23.3,Departamento,4,9,Media,9,True,238.19,Eficiente,178.64
2026-05-02,México,Mérida,30.8,Departamento,4,12,Media,6,False,265.54,Moderado,199.16
2026-02-17,México,Monterrey,17.6,Departamento,1,14,Media,6,True,241.09,Eficiente,180.82
2026-11-02,México,Ciudad de México,15.8,Casa,2,15,Media,7,True,327.49,Moderado,245.62
2026-01-26,Colombia,Barranquilla,28.7,Casa,5,11,Media,5,True,480.68,Ineficiente,360.51
2026-12-03,Colombia,Cali,24.3,Departamento,3,10,Media,6,True,213.48,Eficiente,160.11
2026-02-26,Perú,Puno,11.5,Casa,5,10,Alta,10,True,390.16,Moderado,292.62
2026-10-01,México,Ciudad de México,16.3,Casa,4,7,Baja,1,False,281.52,Moderado,211.14
2026-05-24,México,Tijuana,19.0,Local,15,15,Baja,3,False,812.48,Ineficiente,609.36
2026-04-12,México,Guadalajara,24.3,Casa,5,17,Alta,8,True,325.82,Moderado,244.36
2026-07-01,México,Ciudad de México,17.5,Casa,5,16,Baja,3,True,359.84,Moderado,269.88
2026-11-13,México,Tijuana,18.1,Departamento,2,7,Alta,13,False,238.33,Eficiente,178.75
2026-05-17,Colombia,Bogotá,14.1,Departamento,4,6,Baja,5,False,254.01,Moderado,190.51
2026-01-08,México,Guadalajara,19.8,Casa,5,10,Media,6,True,231.77,Eficiente,173.83
2026-06-15,México,Tijuana,21.8,Casa,4,15,Alta,10,True,445.15,Moderado,333.86
2026-08-04,Colombia,Medellín,20.3,Casa,6,12,Media,7,True,448.48,Moderado,336.36
2026-02-03,Perú,Lima,27.9,Casa,4,20,Baja,5,True,399.78,Moderado,299.83
2026-06-08,México,Mérida,30.8,Casa,6,17,Media,7,False,640.15,Ineficiente,480.11
2026-10-11,Colombia,Bucaramanga,22.7,Casa,2,6,Baja,4,False,130.25,Eficiente,97.69
2026-05-11,Colombia,Barranquilla,28.8,Casa,8,10,Baja,3,True,363.11,Moderado,272.33
2026-11-10,Colombia,Medellín,22.8,Casa,5,18,Alta,9,True,335.37,Moderado,251.53
2026-08-17,México,Guadalajara,24.7,Casa,6,13,Baja,4,True,292.57,Moderado,219.43
2026-01-25,México,Monterrey,15.9,Departamento,2,9,Media,9,True,256.07,Moderado,192.05
2026-06-12,México,Ciudad de México,19.3,Casa,7,21,Media,10,True,324.34,Moderado,243.26
2026-01-21,México,Tijuana,14.8,Casa,5,6,Media,9,False,413.33,Moderado,310.0
2026-08-04,Perú,Arequipa,13.1,Local,3,11,Alta,15,True,495.83,Ineficiente,371.87
2026-01-04,Colombia,Bucaramanga,23.9,Casa,4,15,Baja,1,False,277.41,Moderado,208.06
2026-12-17,México,Monterrey,15.3,Casa,7,7,Media,6,True,287.84,Moderado,215.88
2026-11-12,Colombia,Bucaramanga,22.7,Casa,8,10,Alta,12,True,471.16,Ineficiente,353.37
2026-01-27,Perú,Lima,26.1,Departamento,2,7,Alta,11,True,229.97,Eficiente,172.48
2026-09-20,México,Guadalajara,23.1,Departamento,1,11,Alta,15,True,242.89,Eficiente,182.17
2026-09-28,México,Monterrey,28.7,Local,2,11,Media,10,True,340.09,Moderado,255.07
2026-01-06,Colombia,Bucaramanga,23.1,Casa,4,21,Media,10,True,511.25,Ineficiente,383.44
2026-08-15,México,Guadalajara,23.7,Casa,7,9,Media,5,True,309.86,Moderado,232.4
2026-12-13,México,Ciudad de México,14.4,Casa,6,10,Baja,4,True,211.33,Eficiente,158.5
2026-11-30,México,Monterrey,20.8,Casa,6,10,Media,5,True,322.29,Moderado,241.72
2026-01-27,Perú,Arequipa,16.4,Casa,5,11,Media,4,True,205.86,Eficiente,154.4
2026-04-08,Colombia,Barranquilla,28.1,Departamento,3,9,Media,8,True,207.88,Eficiente,155.91
2026-08-21,Colombia,Bucaramanga,21.9,Departamento,2,12,Alta,13,True,212.53,Eficiente,159.4
2026-05-12,México,Monterrey,29.6,Casa,4,10,Baja,4,False,266.44,Moderado,199.83
2026-01-15,Perú,Puno,11.2,Local,5,25,Baja,6,True,565.14,Ineficiente,423.86
2026-12-02,Perú,Puno,11.3,Departamento,8,8,Alta,12,True,514.91,Ineficiente,386.18
2026-02-18,Perú,Arequipa,17.7,Casa,1,17,Baja,4,True,181.83,Eficiente,136.37
2026-07-08,Perú,Lima,18.1,Departamento,5,5,Media,5,False,197.79,Eficiente,148.34
2026-09-14,México,Tijuana,22.6,Local,8,14,Media,4,True,594.0,Ineficiente,445.5
2026-09-24,Perú,Puno,10.1,Casa,5,7,Alta,13,True,299.01,Moderado,224.26
2026-03-16,Perú,Arequipa,16.5,Departamento,2,8,Media,5,False,216.42,Eficiente,162.32
2026-09-26,Perú,Piura,24.9,Departamento,4,9,Alta,13,False,310.45,Moderado,232.84
2026-02-07,Perú,Lima,27.8,Casa,4,11,Alta,10,False,416.91,Moderado,312.68
2026-02-10,México,Monterrey,18.6,Casa,4,6,Alta,10,True,399.91,Moderado,299.93
2026-02-11,México,Ciudad de México,13.9,Departamento,2,12,Media,10,True,331.71,Moderado,248.78
2026-12-09,México,Ciudad de México,13.1,Departamento,3,9,Baja,5,True,205.34,Eficiente,154.0
2026-12-07,Perú,Lima,24.8,Casa,6,17,Baja,5,True,222.79,Eficiente,167.09
2026-06-22,México,Guadalajara,25.2,Departamento,2,12,Alta,10,True,273.4,Moderado,205.05
2026-09-24,Colombia,Barranquilla,28.4,Casa,5,8,Baja,3,False,268.62,Moderado,201.46
2026-05-14,México,Mérida,29.4,Casa,5,8,Alta,10,False,559.66,Ineficiente,419.74
2026-01-29,México,Ciudad de México,13.7,Casa,7,16,Media,6,True,549.03,Ineficiente,411.77
2026-04-12,Colombia,Medellín,22.3,Local,10,11,Alta,14,True,1342.32,Ineficiente,1006.74
2026-02-06,México,Monterrey,17.2,Casa,3,13,Media,9,True,357.33,Moderado,268.0
2026-05-09,Perú,Piura,25.0,Casa,4,9,Media,10,True,358.59,Moderado,268.94
2026-07-05,Colombia,Barranquilla,29.2,Casa,2,10,Alta,8,True,349.43,Moderado,262.07
2026-10-10,México,Guadalajara,23.0,Casa,10,11,Alta,9,True,622.85,Ineficiente,467.14
2026-02-05,México,Guadalajara,20.8,Departamento,2,9,Baja,6,True,238.1,Eficiente,178.58
2026-02-02,Perú,Arequipa,16.8,Casa,3,10,Media,9,True,239.64,Eficiente,179.73
2026-10-21,Perú,Arequipa,15.3,Casa,4,15,Baja,4,True,198.16,Eficiente,148.62
2026-03-10,Perú,Arequipa,17.4,Casa,4,10,Alta,11,False,297.04,Moderado,222.78
2026-01-28,México,Tijuana,13.7,Local,10,16,Media,9,True,976.82,Ineficiente,732.62
2026-10-24,México,Guadalajara,23.3,Departamento,2,7,Media,10,True,154.89,Eficiente,116.17
2026-11-23,Perú,Arequipa,17.7,Casa,6,10,Baja,3,True,273.08,Moderado,204.81
2026-10-16,Perú,Puno,11.0,Casa,4,23,Media,5,False,436.93,Moderado,327.7
2026-04-13,Colombia,Bogotá,13.1,Casa,4,17,Media,9,True,336.44,Moderado,252.33
2026-07-30,México,Monterrey,33.0,Local,10,22,Baja,5,True,1097.84,Ineficiente,823.38
2026-09-24,México,Tijuana,22.8,Departamento,3,8,Alta,9,True,209.77,Eficiente,157.33
2026-09-20,México,Monterrey,28.9,Departamento,1,8,Media,10,False,220.23,Eficiente,165.17
2026-07-15,Colombia,Bogotá,13.0,Casa,1,9,Alta,10,True,331.41,Moderado,248.56
2026-03-21,Perú,Arequipa,16.9,Departamento,2,10,Media,8,True,254.77,Moderado,191.08
2026-02-06,Colombia,Bucaramanga,23.8,Casa,4,18,Baja,3,True,345.16,Moderado,258.87
2026-01-12,Perú,Cusco,13.1,Casa,2,21,Media,5,True,392.61,Moderado,294.46
2026-12-06,México,Mérida,24.1,Local,2,25,Alta,13,True,986.92,Ineficiente,740.19
2026-09-22,Perú,Piura,23.1,Casa,4,24,Media,8,False,496.59,Ineficiente,372.44
2026-12-08,Colombia,Barranquilla,28.1,Casa,5,8,Alta,8,True,453.66,Ineficiente,340.24
2026-11-05,Perú,Lima,22.5,Departamento,2,9,Alta,9,True,182.35,Eficiente,136.76
2026-08-17,México,Tijuana,23.3,Casa,3,9,Media,5,True,229.03,Eficiente,171.77
2026-07-16,Perú,Piura,22.1,Departamento,1,7,Baja,5,False,148.4,Eficiente,111.3
2026-03-13,México,Tijuana,16.6,Casa,5,9,Media,9,True,223.81,Eficiente,167.86
2026-02-22,Colombia,Medellín,21.5,Casa,8,10,Baja,1,False,212.48,Eficiente,159.36
2026-01-22,Perú,Puno,11.5,Casa,5,10,Media,7,True,291.81,Moderado,218.86
2026-07-11,México,Monterrey,32.6,Casa,7,16,Alta,11,False,375.33,Moderado,281.5
2026-06-23,México,Tijuana,20.6,Departamento,2,5,Alta,14,True,300.32,Moderado,225.24
2026-08-30,Perú,Cusco,10.0,Casa,7,12,Media,8,True,338.33,Moderado,253.75
2026-05-07,México,Ciudad de México,19.3,Casa,6,21,Alta,13,True,542.65,Ineficiente,406.99
2026-10-07,Perú,Cusco,12.5,Casa,3,21,Media,6,False,281.7,Moderado,211.27
2026-02-15,México,Ciudad de México,13.3,Local,8,15,Media,8,False,803.76,Ineficiente,602.82
2026-07-31,México,Tijuana,22.4,Casa,5,12,Media,8,True,491.89,Ineficiente,368.92
2026-07-10,Colombia,Medellín,21.9,Casa,4,19,Alta,8,True,420.25,Moderado,315.19
2026-06-23,México,Guadalajara,24.3,Local,8,18,Baja,6,True,624.19,Ineficiente,468.14
2026-10-17,México,Tijuana,20.9,Casa,2,6,Media,5,True,192.78,Eficiente,144.58
2026-09-10,Colombia,Bogotá,13.1,Casa,3,10,Media,5,True,309.26,Moderado,231.94
2026-09-26,México,Ciudad de México,19.0,Casa,4,13,Alta,13,True,360.3,Moderado,270.23
2026-12-09,México,Guadalajara,19.3,Casa,4,17,Media,9,False,355.61,Moderado,266.71
2026-03-18,Perú,Arequipa,16.3,Departamento,6,6,Baja,3,True,121.54,Eficiente,91.16
2026-04-18,México,Monterrey,26.5,Casa,2,9,Baja,1,False,195.96,Eficiente,146.97
2026-01-21,Perú,Puno,12.3,Local,15,17,Media,7,True,1365.37,Ineficiente,1024.03
2026-12-22,Perú,Lima,25.7,Casa,5,17,Baja,6,False,300.72,Moderado,225.54
2026-05-20,México,Monterrey,29.7,Casa,4,7,Alta,11,True,461.22,Ineficiente,345.92
2026-07-01,Perú,Piura,23.3,Casa,5,10,Media,6,True,272.08,Moderado,204.06
2026-05-19,Colombia,Cali,23.2,Casa,4,9,Media,10,True,266.94,Moderado,200.2
2026-06-01,México,Guadalajara,25.0,Local,20,20,Baja,4,False,1325.23,Ineficiente,993.92
2026-12-31,Perú,Cusco,14.4,Departamento,4,6,Media,4,True,241.73,Eficiente,181.3
2026-12-19,Perú,Piura,28.2,Local,5,31,Alta,14,True,1924.7,Ineficiente,1443.52
2026-02-12,México,Tijuana,14.1,Casa,2,14,Media,9,True,314.96,Moderado,236.22
2026-10-16,México,Mérida,29.6,Casa,4,19,Media,5,False,360.96,Moderado,270.72
2026-10-24,Colombia,Bucaramanga,22.5,Casa,5,16,Alta,10,True,627.25,Ineficiente,470.44
2026-12-31,México,Tijuana,15.5,Casa,3,14,Baja,2,True,237.13,Eficiente,177.85
2026-01-30,Perú,Puno,11.2,Departamento,3,9,Alta,8,False,217.98,Eficiente,163.48
2026-03-31,Perú,Cusco,14.6,Departamento,3,5,Baja,3,True,97.41,Eficiente,73.06
2026-08-01,Perú,Arequipa,13.9,Casa,3,17,Media,10,False,346.31,Moderado,259.73
2026-06-14,Colombia,Medellín,20.6,Casa,5,13,Media,8,True,362.01,Moderado,271.51
2026-03-06,Perú,Lima,26.5,Departamento,4,10,Alta,10,True,359.23,Moderado,269.42
2026-08-25,Perú,Puno,8.3,Departamento,3,9,Alta,10,False,264.92,Moderado,198.69
2026-07-13,Perú,Piura,23.9,Local,3,19,Alta,11,True,903.0,Ineficiente,677.25
2026-03-25,México,Ciudad de México,16.5,Departamento,3,6,Baja,5,True,123.58,Eficiente,92.68
2026-08-25,Perú,Lima,17.9,Local,3,24,Alta,10,True,1076.3,Ineficiente,807.22
2026-07-27,Colombia,Cali,23.2,Departamento,3,11,Media,7,True,134.33,Eficiente,100.75
2026-04-15,México,Guadalajara,23.1,Local,8,24,Baja,6,True,580.64,Ineficiente,435.48
2026-01-04,Colombia,Cali,23.7,Departamento,1,6,Media,7,True,118.54,Eficiente,88.9
2026-01-13,México,Mérida,24.1,Departamento,2,8,Media,9,False,275.08,Moderado,206.31
2026-06-27,México,Guadalajara,24.5,Departamento,5,11,Media,7,True,301.14,Moderado,225.86
2026-07-19,Colombia,Bucaramanga,21.4,Departamento,2,9,Alta,11,False,180.16,Eficiente,135.12
2026-12-18,Perú,Piura,27.4,Departamento,2,9,Media,10,True,266.0,Moderado,199.5
2026-08-27,México,Monterrey,32.0,Casa,3,14,Media,5,False,283.57,Moderado,212.68
2026-05-21,Colombia,Medellín,23.0,Casa,6,7,Media,7,True,229.36,Eficiente,172.02
2026-08-18,México,Monterrey,30.5,Casa,6,9,Baja,3,False,344.54,Moderado,258.41
2026-06-08,México,Tijuana,21.3,Casa,6,21,Baja,1,True,303.27,Moderado,227.45
2026-01-23,México,Tijuana,13.4,Casa,4,5,Media,7,True,260.91,Moderado,195.68
2026-07-11,Perú,Cusco,9.3,Departamento,2,5,Media,8,False,166.19,Eficiente,124.64
2026-11-22,México,Tijuana,17.2,Departamento,4,11,Media,7,True,187.45,Eficiente,140.59
2026-12-01,Colombia,Cali,24.6,Casa,6,21,Media,10,True,489.89,Ineficiente,367.42
2026-10-04,México,Monterrey,25.7,Casa,4,6,Baja,2,False,183.24,Eficiente,137.43
2026-11-21,Perú,Arequipa,16.2,Casa,5,8,Baja,3,True,191.32,Eficiente,143.49
2026-05-10,México,Tijuana,19.4,Departamento,5,12,Media,8,True,192.29,Eficiente,144.22
2026-03-06,Perú,Lima,27.0,Casa,8,16,Media,6,True,353.91,Moderado,265.43
2026-09-04,México,Guadalajara,23.3,Casa,7,13,Media,8,True,352.17,Moderado,264.13
2026-10-23,Perú,Puno,10.3,Local,15,14,Media,9,True,1231.14,Ineficiente,923.36
2026-11-30,México,Guadalajara,21.1,Casa,4,14,Media,4,False,356.83,Moderado,267.62
2026-02-03,México,Ciudad de México,14.8,Casa,2,5,Baja,4,True,175.58,Eficiente,131.68
2026-06-27,México,Guadalajara,24.5,Casa,5,15,Media,8,True,264.99,Moderado,198.74
2026-01-16,Colombia,Barranquilla,29.0,Departamento,3,7,Baja,2,True,234.19,Eficiente,175.64
2026-05-19,México,Tijuana,18.3,Casa,3,7,Alta,10,True,401.15,Moderado,300.86
2026-01-19,México,Mérida,24.8,Casa,5,17,Media,10,True,347.8,Moderado,260.85
2026-05-08,Colombia,Medellín,22.8,Casa,5,10,Alta,12,False,502.99,Ineficiente,377.24
2026-02-01,Colombia,Medellín,22.8,Departamento,3,9,Alta,8,False,279.52,Moderado,209.64
2026-08-18,Perú,Cusco,11.4,Casa,5,7,Alta,10,True,487.99,Ineficiente,365.99
2026-07-23,México,Monterrey,32.9,Departamento,1,13,Media,6,True,285.72,Moderado,214.29
2026-03-02,Perú,Arequipa,17.5,Local,1,30,Alta,10,True,1066.93,Ineficiente,800.2
2026-02-26,México,Ciudad de México,14.8,Departamento,2,8,Media,5,True,90.68,Eficiente,68.01
2026-04-14,Perú,Cusco,13.4,Departamento,2,9,Media,5,False,231.38,Eficiente,173.54
2026-09-16,México,Tijuana,23.9,Departamento,3,8,Media,8,False,194.52,Eficiente,145.89
2026-04-05,México,Guadalajara,24.8,Casa,2,24,Alta,10,True,672.25,Ineficiente,504.19
2026-10-19,Colombia,Bucaramanga,23.2,Departamento,1,6,Alta,15,True,309.83,Moderado,232.37
2026-08-11,Perú,Cusco,11.6,Casa,6,11,Media,4,False,227.2,Eficiente,170.4
2026-08-17,Colombia,Cali,23.9,Local,5,14,Alta,13,True,695.25,Ineficiente,521.44
2026-08-24,México,Guadalajara,24.1,Casa,7,10,Media,7,True,386.24,Moderado,289.68
2026-03-23,México,Guadalajara,21.7,Departamento,3,8,Alta,10,True,178.93,Eficiente,134.2
2026-09-02,Colombia,Barranquilla,29.1,Departamento,3,6,Alta,14,True,483.16,Ineficiente,362.37
2026-02-05,México,Guadalajara,19.9,Casa,5,6,Media,10,True,379.59,Moderado,284.69
2026-04-03,Colombia,Cali,23.6,Local,15,18,Media,8,True,837.14,Ineficiente,627.86
2026-08-16,Colombia,Bogotá,12.7,Casa,2,8,Alta,10,False,286.93,Moderado,215.2
2026-06-28,Colombia,Barranquilla,28.9,Departamento,6,5,Baja,6,True,286.76,Moderado,215.07
2026-04-09,Perú,Cusco,12.4,Casa,4,21,Media,9,False,470.81,Ineficiente,353.11
2026-11-28,Perú,Lima,23.2,Local,5,27,Media,10,True,1152.3,Ineficiente,864.22
2026-07-06,México,Guadalajara,24.9,Casa,3,13,Baja,6,True,243.62,Eficiente,182.72
2026-12-08,Colombia,Bucaramanga,24.0,Departamento,2,6,Baja,3,False,190.2,Eficiente,142.65
2026-06-19,Colombia,Cali,23.8,Local,3,19,Baja,2,True,395.55,Moderado,296.66
2026-04-16,Perú,Cusco,13.9,Casa,6,7,Baja,2,True,271.25,Moderado,203.44
2026-04-28,Colombia,Bogotá,14.4,Departamento,5,10,Baja,5,False,230.3,Eficiente,172.73
2026-01-14,Perú,Puno,11.9,Casa,4,10,Alta,12,False,321.2,Moderado,240.9
2026-03-23,Perú,Lima,27.8,Casa,8,15,Alta,14,False,758.08,Ineficiente,568.56
2026-03-09,Perú,Piura,29.5,Casa,1,13,Media,10,True,396.3,Moderado,297.23
2026-03-08,México,Mérida,26.0,Casa,2,12,Media,8,True,330.8,Moderado,248.1
2026-02-03,Colombia,Medellín,22.2,Casa,6,13,Alta,15,True,569.14,Ineficiente,426.86
2026-03-22,México,Mérida,27.8,Casa,5,13,Alta,8,False,352.91,Moderado,264.68
2026-06-11,Perú,Arequipa,15.0,Casa,1,21,Alta,8,False,350.25,Moderado,262.69
2026-01-20,Colombia,Bogotá,13.2,Departamento,4,6,Alta,9,True,212.8,Eficiente,159.6
2026-02-14,México,Guadalajara,19.7,Casa,4,10,Media,6,True,236.15,Eficiente,177.11
2026-09-10,Perú,Piura,24.6,Casa,1,16,Alta,8,True,352.32,Moderado,264.24
2026-03-31,México,Tijuana,15.9,Casa,5,12,Baja,5,True,197.52,Eficiente,148.14
2026-09-07,Colombia,Barranquilla,28.9,Casa,5,9,Alta,9,True,330.78,Moderado,248.08
2026-10-21,México,Tijuana,20.5,Departamento,2,9,Baja,6,True,223.26,Eficiente,167.44
2026-10-03,México,Guadalajara,22.9,Casa,8,17,Media,8,True,241.83,Eficiente,181.37
2026-12-26,México,Ciudad de México,13.1,Local,15,20,Alta,13,True,2002.84,Ineficiente,1502.13
2026-08-04,México,Tijuana,25.0,Departamento,2,14,Alta,14,False,345.52,Moderado,259.14
2026-12-28,Perú,Piura,27.1,Departamento,4,6,Media,5,True,254.72,Moderado,191.04
2026-10-20,México,Monterrey,25.3,Departamento,3,10,Media,9,True,201.37,Eficiente,151.03
2026-08-20,México,Tijuana,24.4,Casa,5,16,Baja,6,True,307.01,Moderado,230.26
2026-11-11,México,Ciudad de México,14.9,Casa,4,10,Alta,12,False,400.49,Moderado,300.37
2026-03-14,Perú,Piura,30.0,Casa,1,12,Baja,4,True,233.4,Eficiente,175.05
2026-07-17,México,Guadalajara,24.9,Local,15,9,Media,4,True,892.82,Ineficiente,669.62
2026-03-23,México,Tijuana,16.5,Departamento,4,7,Baja,4,True,164.77,Eficiente,123.58
2026-07-03,Colombia,Barranquilla,28.9,Departamento,3,5,Media,5,True,146.95,Eficiente,110.21
2026-10-19,Colombia,Bogotá,13.1,Departamento,1,9,Media,8,True,129.91,Eficiente,97.43
2026-10-10,México,Tijuana,21.6,Local,2,20,Alta,9,True,645.62,Ineficiente,484.22
2026-02-06,México,Monterrey,18.2,Casa,3,15,Media,6,False,387.27,Moderado,290.45
2026-11-14,México,Ciudad de México,14.5,Departamento,3,4,Media,5,False,146.79,Eficiente,110.09
2026-07-18,Perú,Arequipa,13.6,Casa,4,17,Media,7,True,247.61,Eficiente,185.71
2026-09-14,Colombia,Bogotá,12.1,Departamento,4,9,Baja,3,False,157.2,Eficiente,117.9
2026-05-25,Perú,Piura,26.1,Casa,4,16,Alta,12,True,513.86,Ineficiente,385.4
2026-12-22,México,Guadalajara,18.3,Casa,4,6,Alta,14,True,339.01,Moderado,254.26
2026-12-16,Perú,Piura,27.2,Departamento,2,7,Media,7,False,100.07,Eficiente,75.05
2026-06-30,Perú,Piura,23.3,Casa,4,5,Alta,11,False,316.78,Moderado,237.58
2026-05-02,México,Monterrey,29.2,Casa,5,9,Media,9,True,287.11,Moderado,215.33
2026-06-07,México,Tijuana,21.6,Casa,4,18,Media,5,False,279.87,Moderado,209.9
2026-03-13,México,Tijuana,15.4,Casa,2,12,Alta,11,False,363.74,Moderado,272.8
2026-09-09,Colombia,Cali,23.0,Casa,5,11,Media,4,True,206.22,Eficiente,154.66
2026-06-07,Perú,Puno,7.1,Departamento,4,6,Media,10,False,205.12,Eficiente,153.84
2026-01-12,México,Guadalajara,19.7,Casa,4,14,Baja,2,False,282.58,Moderado,211.94
2026-01-30,Perú,Piura,28.7,Local,3,21,Media,8,True,900.92,Ineficiente,675.69
2026-07-30,México,Mérida,30.2,Casa,5,14,Baja,3,True,293.47,Moderado,220.1
2026-08-11,Perú,Piura,22.4,Casa,3,9,Media,5,True,209.95,Eficiente,157.46
2026-09-24,Colombia,Barranquilla,28.5,Casa,5,8,Media,4,True,379.72,Moderado,284.79
2026-10-12,Colombia,Barranquilla,29.5,Local,8,21,Alta,12,True,1730.55,Ineficiente,1297.91
2026-02-06,Colombia,Medellín,23.0,Departamento,2,10,Media,10,False,220.96,Eficiente,165.72
2026-04-20,Colombia,Bogotá,13.3,Casa,7,16,Baja,3,True,362.72,Moderado,272.04
2026-06-06,Perú,Puno,8.5,Casa,8,13,Media,9,True,329.58,Moderado,247.18
2026-07-26,Perú,Cusco,10.7,Local,10,9,Alta,9,True,1038.15,Ineficiente,778.61
2026-12-08,México,Tijuana,15.8,Casa,7,18,Baja,5,True,298.36,Moderado,223.77
2026-08-27,Colombia,Bogotá,12.1,Departamento,3,8,Alta,9,False,252.2,Moderado,189.15
2026-07-15,Colombia,Bucaramanga,22.2,Departamento,3,8,Media,6,False,170.65,Eficiente,127.99
2026-04-10,México,Mérida,28.1,Casa,3,11,Media,5,True,481.59,Ineficiente,361.19
2026-03-26,México,Ciudad de México,15.4,Casa,7,11,Media,8,True,519.14,Ineficiente,389.36
2026-09-09,México,Monterrey,29.4,Casa,6,10,Alta,9,True,489.47,Ineficiente,367.1
2026-07-19,Perú,Puno,7.4,Departamento,2,12,Media,7,True,232.7,Eficiente,174.52
2026-11-10,México,Monterrey,20.6,Casa,6,15,Alta,14,False,562.84,Ineficiente,422.13
2026-03-23,México,Guadalajara,22.4,Local,15,16,Baja,3,False,1109.51,Ineficiente,832.13
2026-08-06,México,Tijuana,24.5,Local,2,30,Media,5,False,609.66,Ineficiente,457.24
2026-04-01,Colombia,Cali,23.4,Departamento,2,11,Baja,2,True,135.85,Eficiente,101.89
2026-02-13,México,Mérida,24.5,Departamento,1,11,Media,7,False,183.21,Eficiente,137.41
2026-11-01,Colombia,Cali,23.3,Local,5,21,Media,7,True,672.45,Ineficiente,504.34
2026-11-13,México,Ciudad de México,14.2,Local,10,14,Media,5,True,457.05,Ineficiente,342.79
2026-01-21,Perú,Lima,26.3,Casa,5,10,Media,7,False,460.97,Ineficiente,345.73
2026-03-02,México,Ciudad de México,16.0,Casa,3,6,Alta,12,True,399.13,Moderado,299.35
2026-01-29,México,Guadalajara,18.9,Casa,3,6,Alta,15,True,313.42,Moderado,235.06
2026-01-14,Perú,Puno,12.3,Departamento,3,13,Media,9,False,280.45,Moderado,210.34
2026-12-16,Colombia,Barranquilla,28.3,Departamento,2,11,Media,10,True,236.63,Eficiente,177.47
2026-10-30,Colombia,Bogotá,14.6,Casa,4,6,Alta,12,True,384.25,Moderado,288.19
2026-06-21,México,Ciudad de México,20.0,Casa,4,14,Media,9,True,380.29,Moderado,285.22
2026-07-18,Colombia,Bogotá,12.6,Casa,4,10,Alta,10,True,410.24,Moderado,307.68
2026-10-06,México,Mérida,28.8,Departamento,1,6,Alta,9,True,239.68,Eficiente,179.76
2026-09-29,México,Monterrey,29.9,Departamento,1,7,Baja,3,True,141.94,Eficiente,106.46
2026-01-13,Perú,Piura,28.6,Departamento,2,9,Baja,5,False,115.63,Eficiente,86.72
2026-06-24,Colombia,Cali,23.3,Departamento,3,12,Alta,8,False,262.06,Moderado,196.54
2026-05-09,México,Mérida,29.5,Departamento,3,12,Alta,13,True,382.54,Moderado,286.91
2026-09-02,México,Mérida,30.5,Departamento,3,6,Alta,12,True,336.05,Moderado,252.04
2026-03-29,Perú,Piura,28.7,Casa,5,11,Media,10,False,371.76,Moderado,278.82
2026-01-10,Colombia,Cali,23.8,Casa,3,15,Media,7,True,311.4,Moderado,233.55
2026-10-10,Colombia,Bogotá,13.5,Local,3,16,Alta,13,False,1001.41,Ineficiente,751.06
2026-07-23,Colombia,Bogotá,13.7,Local,5,18,Media,6,True,495.05,Ineficiente,371.29
2026-08-30,Colombia,Bogotá,13.3,Local,8,22,Alta,13,True,1737.76,Ineficiente,1303.32
2026-05-27,Perú,Puno,9.8,Casa,1,9,Alta,8,True,274.57,Moderado,205.93
2026-10-07,México,Ciudad de México,16.5,Departamento,3,6,Media,9,False,172.82,Eficiente,129.62
2026-09-10,México,Mérida,31.0,Departamento,4,11,Media,7,False,359.59,Moderado,269.69
2026-10-19,Perú,Lima,21.9,Casa,1,8,Baja,3,False,208.75,Eficiente,156.56
2026-02-22,Perú,Arequipa,16.4,Local,3,15,Baja,2,True,350.06,Moderado,262.54
2026-04-01,México,Guadalajara,24.7,Casa,5,17,Media,10,True,374.04,Moderado,280.53
2026-05-03,México,Mérida,29.4,Local,8,25,Baja,3,True,841.54,Ineficiente,631.16
2026-12-26,México,Monterrey,16.0,Departamento,2,7,Media,9,True,250.35,Moderado,187.76
2026-08-06,Perú,Arequipa,13.6,Departamento,1,6,Baja,6,True,140.67,Eficiente,105.5
2026-02-11,México,Monterrey,17.5,Departamento,2,10,Media,5,True,162.01,Eficiente,121.51
2026-09-26,Colombia,Barranquilla,28.1,Casa,6,13,Alta,15,True,736.17,Ineficiente,552.13
2026-06-22,México,Tijuana,21.0,Departamento,3,11,Baja,1,False,110.7,Eficiente,83.02
2026-08-25,Perú,Puno,9.7,Casa,5,11,Alta,14,True,419.06,Moderado,314.3
2026-06-03,Colombia,Barranquilla,28.4,Casa,4,6,Alta,13,False,560.43,Ineficiente,420.32
2026-01-29,Colombia,Bucaramanga,22.5,Local,5,14,Media,7,True,753.39,Ineficiente,565.04
2026-12-31,Perú,Cusco,14.7,Casa,5,17,Media,9,True,420.34,Moderado,315.26
2026-11-20,México,Guadalajara,20.3,Casa,6,9,Baja,1,True,216.11,Eficiente,162.08
2026-04-25,México,Mérida,29.6,Casa,8,12,Media,6,True,500.39,Ineficiente,375.29
2026-12-12,Colombia,Barranquilla,27.6,Departamento,4,8,Alta,9,False,225.57,Eficiente,169.18
2026-10-09,Colombia,Bogotá,13.3,Casa,5,19,Baja,4,True,240.38,Eficiente,180.28
2026-09-15,Perú,Cusco,12.3,Local,8,18,Baja,3,True,863.7,Ineficiente,647.78
2026-08-16,Colombia,Barranquilla,28.0,Departamento,1,14,Media,9,False,233.0,Eficiente,174.75
2026-12-29,México,Mérida,24.6,Casa,3,14,Alta,14,True,454.15,Ineficiente,340.61
2026-11-21,Colombia,Barranquilla,29.1,Casa,2,7,Baja,2,False,196.5,Eficiente,147.38
2026-06-17,México,Mérida,30.9,Casa,4,8,Baja,6,False,356.55,Moderado,267.41
2026-09-25,Perú,Lima,18.6,Departamento,8,8,Media,7,False,357.87,Moderado,268.4
2026-08-13,México,Mérida,31.4,Local,8,27,Baja,1,True,577.34,Ineficiente,433.0
2026-04-26,Perú,Lima,24.3,Local,3,21,Baja,3,False,508.09,Ineficiente,381.07
2026-08-13,Perú,Arequipa,14.2,Casa,7,9,Media,9,True,392.5,Moderado,294.38
2026-03-02,México,Guadalajara,21.4,Casa,5,14,Alta,15,True,381.56,Moderado,286.17
2026-05-12,México,Mérida,29.4,Casa,6,21,Media,8,True,526.35,Ineficiente,394.76
2026-03-08,Perú,Lima,27.9,Casa,3,14,Baja,6,False,210.21,Eficiente,157.66
2026-05-28,México,Mérida,29.6,Casa,3,15,Media,7,True,499.57,Ineficiente,374.68
2026-10-04,México,Mérida,28.9,Casa,3,18,Alta,10,True,413.7,Moderado,310.27
2026-01-06,México,Guadalajara,19.1,Departamento,3,12,Baja,3,False,240.37,Eficiente,180.28
2026-05-13,Colombia,Medellín,22.6,Casa,4,8,Alta,11,False,403.38,Moderado,302.53
2026-02-12,Perú,Lima,28.9,Departamento,1,11,Baja,1,True,114.9,Eficiente,86.18
2026-03-18,Perú,Lima,26.4,Local,1,20,Media,4,True,594.37,Ineficiente,445.78
2026-06-22,Colombia,Bucaramanga,22.7,Casa,2,20,Alta,8,True,508.54,Ineficiente,381.4
2026-05-16,Colombia,Barranquilla,29.3,Casa,2,10,Alta,14,True,506.08,Ineficiente,379.56
2026-07-03,México,Ciudad de México,18.7,Departamento,4,4,Alta,9,False,150.66,Eficiente,113.0
2026-01-30,Perú,Arequipa,16.3,Casa,6,6,Media,5,False,232.5,Eficiente,174.38
2026-04-16,Colombia,Medellín,21.9,Departamento,1,4,Media,4,False,166.59,Eficiente,124.94
2026-10-26,México,Mérida,28.5,Casa,4,16,Media,10,True,394.32,Moderado,295.74
2026-07-27,México,Mérida,31.9,Casa,5,9,Alta,12,True,544.03,Ineficiente,408.02
2026-06-10,México,Guadalajara,24.4,Departamento,3,14,Media,8,True,254.28,Moderado,190.71
2026-03-24,México,Ciudad de México,15.7,Departamento,4,10,Media,9,True,229.46,Eficiente,172.1
2026-01-04,Perú,Lima,26.9,Departamento,4,5,Media,4,False,124.29,Eficiente,93.22
2026-09-10,México,Tijuana,22.0,Casa,7,14,Baja,3,True,295.81,Moderado,221.86
2026-10-05,Perú,Lima,21.5,Departamento,2,10,Alta,13,True,293.62,Moderado,220.22
2026-04-14,Colombia,Bogotá,13.7,Casa,4,8,Baja,1,True,232.27,Eficiente,174.2
2026-10-28,Colombia,Barranquilla,28.0,Casa,6,16,Media,8,False,512.81,Ineficiente,384.61
2026-09-08,México,Monterrey,29.7,Casa,4,10,Alta,9,False,542.61,Ineficiente,406.96
2026-10-14,Colombia,Bucaramanga,23.7,Casa,4,17,Alta,10,True,514.25,Ineficiente,385.69
2026-03-29,Colombia,Bucaramanga,23.1,Casa,6,11,Media,6,True,267.29,Moderado,200.47
2026-07-03,Colombia,Cali,23.9,Departamento,4,8,Media,4,False,184.53,Eficiente,138.4
2026-05-09,Colombia,Barranquilla,29.6,Departamento,4,10,Media,6,True,177.3,Eficiente,132.98
2026-07-25,Colombia,Barranquilla,28.8,Casa,1,15,Baja,4,True,226.46,Eficiente,169.84
2026-05-10,México,Monterrey,29.4,Casa,4,17,Media,9,True,500.79,Ineficiente,375.59
2026-04-08,Colombia,Barranquilla,29.9,Local,20,30,Alta,15,True,1945.9,Ineficiente,1459.43
2026-01-15,México,Tijuana,14.8,Local,5,20,Alta,12,True,1228.46,Ineficiente,921.34
2026-05-31,Colombia,Barranquilla,29.7,Casa,4,10,Media,4,True,359.59,Moderado,269.69
2026-04-09,Colombia,Barranquilla,30.0,Departamento,4,13,Media,6,False,262.63,Moderado,196.97
2026-04-06,México,Monterrey,26.6,Departamento,1,10,Baja,1,True,73.31,Eficiente,54.98
2026-05-16,Colombia,Bogotá,14.1,Casa,10,19,Media,4,True,341.54,Moderado,256.16
2026-11-30,México,Ciudad de México,14.9,Local,2,31,Baja,2,True,774.96,Ineficiente,581.22
2026-09-12,Perú,Lima,19.5,Departamento,4,5,Media,5,True,221.04,Eficiente,165.78
2026-05-23,México,Ciudad de México,18.8,Departamento,3,4,Media,5,True,122.32,Eficiente,91.74
2026-07-05,México,Monterrey,31.4,Casa,6,11,Media,5,True,242.47,Eficiente,181.85
2026-03-16,Colombia,Bogotá,14.8,Casa,6,14,Alta,11,True,605.75,Ineficiente,454.31
2026-10-25,México,Mérida,28.5,Departamento,4,11,Media,7,True,307.34,Moderado,230.5
2026-09-27,Colombia,Medellín,21.4,Casa,7,16,Alta,11,True,509.01,Ineficiente,381.76
2026-11-13,Colombia,Medellín,21.3,Departamento,1,11,Media,4,True,269.24,Moderado,201.93
2026-12-13,México,Tijuana,14.1,Casa,7,20,Media,5,True,501.66,Ineficiente,376.24
2026-09-02,Colombia,Medellín,21.2,Casa,5,22,Baja,6,True,297.17,Moderado,222.88
2026-04-02,México,Tijuana,17.1,Local,1,11,Baja,5,True,437.18,Moderado,327.88
2026-05-16,México,Mérida,30.6,Local,10,15,Alta,14,True,1431.85,Ineficiente,1073.89
2026-05-16,México,Guadalajara,26.5,Casa,5,17,Baja,5,True,265.9,Moderado,199.42
2026-02-10,Colombia,Barranquilla,27.4,Casa,3,18,Media,10,False,438.16,Moderado,328.62
2026-11-18,Colombia,Bogotá,14.3,Departamento,2,9,Media,6,True,128.72,Eficiente,96.54
2026-12-10,México,Ciudad de México,14.7,Casa,5,12,Media,4,True,281.82,Moderado,211.36
2026-04-27,México,Tijuana,16.0,Departamento,3,5,Alta,13,False,220.32,Eficiente,165.24
2026-01-29,México,Tijuana,14.0,Casa,5,14,Baja,3,False,224.06,Eficiente,168.04
2026-09-06,Perú,Lima,18.2,Casa,6,9,Media,4,True,314.87,Moderado,236.15
2026-08-24,Colombia,Bogotá,12.8,Casa,4,9,Baja,6,False,250.82,Moderado,188.12
2026-01-27,Colombia,Barranquilla,27.8,Departamento,5,14,Media,4,False,305.85,Moderado,229.39
2026-12-10,México,Mérida,24.8,Departamento,3,6,Alta,14,False,303.3,Moderado,227.48
2026-02-20,México,Guadalajara,19.1,Departamento,2,8,Alta,11,False,300.92,Moderado,225.69
2026-04-07,México,Monterrey,25.8,Departamento,1,6,Alta,11,False,272.53,Moderado,204.4
2026-09-02,Perú,Lima,18.1,Casa,2,17,Alta,9,True,482.41,Ineficiente,361.81
2026-01-25,Colombia,Barranquilla,27.1,Casa,3,13,Alta,10,False,546.58,Ineficiente,409.94
2026-09-10,Perú,Cusco,12.5,Departamento,3,13,Media,4,True,259.38,Moderado,194.54
2026-11-24,México,Monterrey,20.9,Casa,8,17,Baja,4,False,351.25,Moderado,263.44
2026-02-01,México,Ciudad de México,14.7,Departamento,3,6,Baja,6,True,176.44,Eficiente,132.33
2026-07-09,México,Tijuana,23.3,Local,8,22,Alta,12,True,1071.22,Ineficiente,803.42
2026-11-03,México,Guadalajara,21.9,Casa,6,13,Media,5,False,353.53,Moderado,265.15
2026-06-14,Colombia,Barranquilla,28.4,Local,8,15,Media,4,True,1143.49,Ineficiente,857.62
2026-02-18,Perú,Piura,28.4,Departamento,1,7,Baja,5,False,185.49,Eficiente,139.12
2026-03-21,Perú,Cusco,13.6,Casa,6,14,Media,4,False,333.96,Moderado,250.47
2026-05-12,Colombia,Cali,24.7,Local,15,26,Baja,3,True,973.2,Ineficiente,729.9
2026-10-29,Colombia,Cali,23.5,Departamento,3,8,Baja,3,True,163.38,Eficiente,122.54
2026-06-14,México,Tijuana,21.9,Casa,3,14,Alta,13,True,543.61,Ineficiente,407.71
2026-12-09,Colombia,Cali,24.0,Casa,2,19,Media,6,True,410.28,Moderado,307.71
2026-03-24,México,Mérida,27.3,Casa,1,11,Baja,5,True,167.77,Eficiente,125.83
2026-11-05,Colombia,Medellín,21.8,Casa,5,15,Media,5,True,353.94,Moderado,265.46
2026-07-30,México,Tijuana,22.4,Casa,5,23,Media,4,False,281.69,Moderado,211.27
2026-03-05,México,Ciudad de México,16.9,Casa,5,8,Baja,5,False,177.02,Eficiente,132.77
2026-10-03,México,Monterrey,24.0,Local,2,13,Media,5,True,501.12,Ineficiente,375.84
2026-04-29,México,Monterrey,26.7,Local,8,18,Alta,9,False,1008.06,Ineficiente,756.04
2026-10-19,México,Mérida,29.2,Departamento,4,11,Alta,12,True,306.14,Moderado,229.6
2026-01-25,México,Ciudad de México,13.6,Casa,7,16,Alta,12,True,573.53,Ineficiente,430.15
2026-02-07,México,Mérida,24.6,Departamento,2,6,Media,5,False,249.07,Eficiente,186.8
2026-10-15,Colombia,Barranquilla,28.4,Departamento,2,5,Baja,6,True,248.67,Eficiente,186.5
2026-07-04,Perú,Cusco,9.9,Casa,7,10,Media,5,True,375.08,Moderado,281.31
2026-03-18,México,Guadalajara,21.5,Casa,6,9,Media,8,True,347.75,Moderado,260.81
2026-09-02,México,Guadalajara,23.3,Casa,6,18,Alta,13,True,392.64,Moderado,294.48
2026-05-25,Colombia,Bogotá,14.3,Local,10,32,Alta,9,True,1504.91,Ineficiente,1128.68
2026-07-20,Perú,Puno,7.6,Casa,6,13,Media,4,False,293.36,Moderado,220.02
2026-03-20,Perú,Puno,11.4,Departamento,1,4,Media,6,False,173.4,Eficiente,130.05
2026-05-08,Perú,Lima,21.4,Departamento,3,5,Alta,15,False,247.08,Eficiente,185.31
2026-10-02,México,Monterrey,24.5,Casa,3,14,Baja,6,False,367.74,Moderado,275.8
2026-08-04,México,Mérida,31.1,Local,8,18,Media,6,True,691.84,Ineficiente,518.88
2026-04-18,México,Tijuana,16.7,Local,8,19,Alta,15,False,719.36,Ineficiente,539.52
2026-09-02,Perú,Puno,10.4,Local,10,21,Alta,13,True,1072.76,Ineficiente,804.57
2026-09-12,México,Tijuana,23.3,Casa,5,10,Alta,9,True,419.76,Moderado,314.82
2026-10-18,Colombia,Medellín,22.1,Local,8,20,Alta,9,True,1306.15,Ineficiente,979.61
2026-05-01,Perú,Arequipa,15.7,Casa,5,11,Alta,13,True,505.32,Ineficiente,378.99
2026-09-05,Colombia,Cali,23.1,Departamento,2,10,Alta,15,True,292.21,Moderado,219.16
2026-05-23,México,Monterrey,28.0,Casa,7,20,Media,5,True,395.04,Moderado,296.28
2026-02-20,México,Monterrey,18.0,Departamento,2,10,Baja,6,False,187.84,Eficiente,140.88
2026-03-18,México,Guadalajara,22.4,Departamento,3,10,Media,4,True,140.09,Eficiente,105.07
2026-03-17,Colombia,Bogotá,13.4,Casa,5,13,Baja,3,False,244.3,Eficiente,183.23
2026-01-18,Colombia,Barranquilla,27.9,Casa,4,10,Media,10,True,343.96,Moderado,257.97
2026-09-14,México,Monterrey,29.9,Casa,3,18,Media,8,False,388.7,Moderado,291.52
2026-07-31,Colombia,Medellín,21.4,Departamento,2,8,Baja,6,True,150.6,Eficiente,112.95
2026-04-19,Colombia,Bucaramanga,22.7,Casa,5,11,Baja,6,False,281.75,Moderado,211.31
2026-07-27,México,Monterrey,31.6,Casa,5,21,Media,6,True,301.32,Moderado,225.99
2026-08-28,México,Mérida,30.1,Casa,6,7,Media,4,True,323.83,Moderado,242.87
2026-02-20,Colombia,Medellín,21.1,Departamento,3,9,Media,10,True,297.6,Moderado,223.2
2026-02-17,México,Guadalajara,20.3,Casa,5,18,Media,10,True,456.82,Ineficiente,342.62
2026-01-25,Colombia,Cali,23.2,Casa,3,8,Alta,9,True,260.58,Moderado,195.44
2026-12-10,Perú,Arequipa,16.8,Departamento,5,6,Media,6,True,280.63,Moderado,210.47
2026-05-09,Perú,Cusco,11.2,Casa,6,10,Alta,13,True,442.19,Moderado,331.64
2026-11-16,México,Mérida,27.5,Casa,3,15,Alta,15,True,631.72,Ineficiente,473.79
2026-07-02,México,Tijuana,22.7,Casa,4,14,Baja,6,False,266.88,Moderado,200.16
2026-09-04,Colombia,Medellín,20.8,Departamento,2,9,Media,5,True,205.41,Eficiente,154.06
2026-12-06,Perú,Puno,11.2,Casa,4,6,Baja,2,True,159.15,Eficiente,119.36
2026-07-21,Colombia,Barranquilla,28.6,Departamento,5,10,Alta,9,True,426.74,Moderado,320.06
2026-12-23,Colombia,Bogotá,14.6,Casa,2,12,Alta,10,False,343.18,Moderado,257.38
2026-04-02,México,Guadalajara,23.3,Local,1,15,Media,4,False,320.31,Moderado,240.23
2026-05-27,Colombia,Barranquilla,28.4,Departamento,3,8,Media,6,True,246.89,Eficiente,185.17
2026-09-22,Perú,Puno,10.7,Casa,3,8,Alta,13,False,380.5,Moderado,285.38
2026-08-25,México,Ciudad de México,18.8,Departamento,4,10,Media,7,False,277.75,Moderado,208.31
2026-05-04,Colombia,Medellín,23.0,Departamento,3,7,Alta,10,False,218.35,Eficiente,163.76
2026-02-11,México,Ciudad de México,13.2,Departamento,2,5,Media,9,True,180.11,Eficiente,135.08
2026-10-27,México,Guadalajara,23.5,Departamento,8,13,Alta,8,False,364.95,Moderado,273.71
2026-04-27,Perú,Cusco,13.4,Casa,3,14,Baja,6,True,328.25,Moderado,246.19
2026-03-07,Perú,Lima,26.4,Casa,6,13,Alta,14,True,521.36,Ineficiente,391.02
2026-10-30,Colombia,Bogotá,13.4,Casa,4,10,Alta,10,True,357.64,Moderado,268.23
2026-01-28,Perú,Arequipa,17.0,Departamento,2,9,Media,7,True,250.74,Moderado,188.06
2026-03-26,México,Tijuana,16.8,Casa,6,14,Alta,10,True,521.14,Ineficiente,390.86
2026-03-14,México,Monterrey,22.5,Casa,3,6,Media,10,True,195.79,Eficiente,146.84
2026-01-10,México,Monterrey,15.3,Casa,5,21,Alta,10,False,641.15,Ineficiente,480.86
2026-12-26,México,Ciudad de México,13.1,Departamento,3,13,Media,5,True,241.65,Eficiente,181.24
2026-07-04,Perú,Puno,8.0,Departamento,4,10,Alta,14,True,221.14,Eficiente,165.86
2026-10-30,México,Tijuana,21.5,Casa,8,9,Media,7,True,185.61,Eficiente,139.21
2026-12-12,México,Tijuana,15.7,Casa,5,11,Baja,1,True,230.03,Eficiente,172.52
2026-08-20,Perú,Arequipa,14.1,Departamento,1,7,Alta,11,True,300.33,Moderado,225.25
2026-10-21,México,Tijuana,21.4,Casa,2,20,Alta,10,True,328.42,Moderado,246.32
2026-04-14,Colombia,Cali,23.9,Casa,6,13,Baja,1,False,198.52,Eficiente,148.89
2026-05-04,México,Mérida,30.3,Departamento,2,4,Alta,10,False,256.4,Moderado,192.3
2026-11-18,México,Monterrey,19.7,Departamento,1,9,Media,8,True,160.13,Eficiente,120.1
2026-01-17,México,Guadalajara,18.3,Local,3,17,Alta,14,True,1021.78,Ineficiente,766.34
2026-08-08,México,Monterrey,31.3,Casa,3,14,Media,6,True,417.79,Moderado,313.34
2026-06-03,México,Mérida,30.8,Casa,6,7,Baja,3,True,280.27,Moderado,210.2
2026-04-21,Colombia,Bogotá,13.4,Casa,5,7,Alta,14,True,418.57,Moderado,313.93
2026-01-17,Colombia,Barranquilla,27.9,Local,8,24,Media,4,True,811.06,Ineficiente,608.29
2026-06-22,México,Guadalajara,24.9,Departamento,4,6,Media,5,False,269.12,Moderado,201.84
2026-05-07,Perú,Arequipa,14.1,Casa,5,13,Alta,11,True,569.39,Ineficiente,427.04
2026-12-03,Perú,Cusco,14.3,Casa,5,17,Baja,3,False,223.91,Eficiente,167.93
2026-03-20,Perú,Puno,12.2,Departamento,1,11,Media,6,True,167.24,Eficiente,125.43
2026-05-13,México,Guadalajara,25.6,Local,5,16,Alta,14,True,627.71,Ineficiente,470.78
2026-09-29,México,Ciudad de México,17.3,Casa,6,17,Alta,15,True,462.45,Ineficiente,346.84
2026-05-08,Colombia,Barranquilla,28.2,Casa,6,10,Alta,9,True,590.69,Ineficiente,443.02
2026-06-17,Colombia,Bogotá,12.0,Casa,1,6,Baja,3,True,136.84,Eficiente,102.63
2026-07-19,Colombia,Barranquilla,29.8,Departamento,1,11,Media,4,True,175.04,Eficiente,131.28
2026-11-05,México,Tijuana,17.8,Departamento,8,6,Media,10,True,322.19,Moderado,241.64
2026-06-20,Colombia,Bogotá,13.4,Local,5,24,Media,10,True,914.76,Ineficiente,686.07
2026-11-01,México,Mérida,27.6,Departamento,1,11,Media,10,False,239.72,Eficiente,179.79
2026-04-12,Colombia,Medellín,21.2,Casa,10,15,Baja,4,False,394.58,Moderado,295.94
2026-12-05,Colombia,Cali,25.0,Departamento,3,7,Media,9,True,204.94,Eficiente,153.7
2026-02-16,Colombia,Barranquilla,28.3,Local,8,16,Media,4,True,913.79,Ineficiente,685.34
2026-02-12,Colombia,Bucaramanga,22.8,Casa,5,19,Media,8,False,539.58,Ineficiente,404.69
2026-01-15,México,Mérida,23.1,Departamento,2,7,Media,5,False,192.33,Eficiente,144.25
2026-11-29,México,Mérida,27.8,Departamento,1,11,Alta,9,True,141.01,Eficiente,105.76
2026-10-05,México,Guadalajara,23.2,Departamento,2,6,Baja,4,False,115.71,Eficiente,86.78
2026-12-28,México,Tijuana,15.2,Local,2,17,Media,6,True,458.1,Ineficiente,343.58
2026-11-23,Perú,Arequipa,16.9,Casa,5,10,Baja,3,True,237.04,Eficiente,177.78
2026-11-15,Perú,Arequipa,16.9,Casa,5,10,Media,7,False,354.97,Moderado,266.23
2026-10-12,México,Guadalajara,22.1,Casa,5,5,Media,7,True,281.21,Moderado,210.91
2026-11-07,Perú,Cusco,13.8,Casa,2,16,Alta,9,True,533.99,Ineficiente,400.49
2026-03-31,México,Guadalajara,21.9,Departamento,2,10,Media,8,True,225.72,Eficiente,169.29
2026-05-03,México,Monterrey,29.3,Casa,7,5,Baja,5,True,202.5,Eficiente,151.88
2026-12-27,Perú,Lima,25.4,Departamento,2,7,Baja,5,True,135.87,Eficiente,101.9
2026-02-06,México,Tijuana,15.2,Local,20,12,Baja,1,True,811.41,Ineficiente,608.56
2026-08-18,México,Tijuana,24.2,Local,3,13,Media,4,False,293.22,Moderado,219.92
2026-12-09,Colombia,Barranquilla,28.8,Departamento,1,6,Media,4,True,302.5,Moderado,226.88
2026-01-23,Perú,Cusco,14.7,Local,8,12,Media,10,True,644.19,Ineficiente,483.14
2026-01-02,México,Tijuana,13.6,Casa,2,14,Media,5,True,340.77,Moderado,255.58
2026-07-28,Perú,Cusco,10.9,Departamento,2,11,Alta,11,True,331.23,Moderado,248.42
2026-11-05,México,Tijuana,17.1,Casa,2,20,Alta,8,True,443.12,Moderado,332.34
2026-11-05,México,Monterrey,20.1,Casa,2,8,Media,8,True,288.71,Moderado,216.53
2026-09-22,México,Guadalajara,24.1,Casa,3,15,Baja,6,True,294.8,Moderado,221.1
2026-01-23,México,Tijuana,13.8,Casa,6,10,Media,9,True,476.58,Ineficiente,357.44
2026-11-04,México,Mérida,26.4,Local,8,13,Media,7,True,641.55,Ineficiente,481.16
2026-09-12,Colombia,Medellín,20.1,Departamento,3,13,Alta,10,False,297.16,Moderado,222.87
2026-04-08,Colombia,Bucaramanga,23.5,Casa,2,14,Alta,12,True,293.28,Moderado,219.96
2026-10-05,Perú,Cusco,13.2,Local,2,16,Baja,3,True,389.3,Moderado,291.98
2026-10-21,Perú,Lima,21.4,Casa,6,10,Media,8,False,397.07,Moderado,297.8
2026-06-25,Perú,Piura,23.1,Casa,4,8,Media,6,True,345.58,Moderado,259.18
2026-02-05,México,Tijuana,14.5,Departamento,3,6,Media,8,False,214.19,Eficiente,160.64
2026-06-12,Colombia,Cali,23.2,Casa,2,9,Media,6,False,314.02,Moderado,235.52
2026-03-02,México,Monterrey,22.6,Departamento,1,7,Baja,6,False,87.44,Eficiente,65.58
2026-12-16,Colombia,Cali,23.1,Casa,5,10,Media,9,True,376.32,Moderado,282.24
2026-02-25,México,Guadalajara,19.8,Casa,4,16,Alta,8,True,611.68,Ineficiente,458.76
2026-06-22,México,Guadalajara,25.7,Casa,6,9,Baja,1,True,301.52,Moderado,226.14
2026-12-11,México,Guadalajara,19.8,Departamento,2,9,Media,7,True,203.1,Eficiente,152.32
2026-10-24,México,Ciudad de México,17.2,Casa,4,12,Media,6,False,347.37,Moderado,260.53
2026-03-01,México,Mérida,27.6,Casa,5,10,Media,9,False,417.59,Moderado,313.19
2026-05-21,México,Monterrey,29.1,Departamento,3,6,Media,4,True,131.39,Eficiente,98.54
2026-03-30,Perú,Cusco,13.3,Casa,6,19,Media,8,True,577.41,Ineficiente,433.06
2026-09-17,México,Mérida,29.8,Casa,6,13,Baja,2,False,190.39,Eficiente,142.79
2026-11-25,Perú,Lima,22.4,Local,20,19,Baja,6,True,875.64,Ineficiente,656.73
2026-08-20,México,Tijuana,23.6,Departamento,4,13,Baja,6,True,135.35,Eficiente,101.51
2026-06-21,México,Mérida,31.8,Departamento,3,5,Alta,15,True,240.88,Eficiente,180.66
2026-02-22,México,Monterrey,17.9,Casa,6,15,Media,4,False,311.46,Moderado,233.59
2026-08-23,Colombia,Bogotá,12.0,Casa,3,17,Alta,15,True,675.38,Ineficiente,506.54
2026-12-14,México,Ciudad de México,14.1,Casa,5,12,Alta,14,True,566.72,Ineficiente,425.04
2026-08-11,Colombia,Medellín,21.6,Casa,8,9,Alta,9,True,538.73,Ineficiente,404.05
2026-02-26,México,Ciudad de México,15.0,Departamento,3,7,Media,6,True,207.77,Eficiente,155.83
2026-01-09,México,Monterrey,15.3,Departamento,2,13,Baja,2,True,147.79,Eficiente,110.84
2026-04-04,México,Monterrey,25.2,Local,8,29,Alta,12,True,852.71,Ineficiente,639.53
2026-09-04,México,Monterrey,28.4,Local,10,14,Alta,11,True,836.62,Ineficiente,627.46
2026-12-27,Colombia,Medellín,22.6,Casa,6,20,Media,6,True,289.62,Moderado,217.22
2026-03-02,México,Monterrey,21.0,Casa,3,10,Media,7,False,210.58,Eficiente,157.94
2026-05-15,Colombia,Cali,23.1,Casa,4,13,Alta,11,True,428.5,Moderado,321.38
2026-01-31,Colombia,Bogotá,13.0,Casa,3,8,Media,6,True,267.48,Moderado,200.61
2026-11-19,Perú,Arequipa,17.0,Casa,3,13,Alta,11,True,502.41,Ineficiente,376.81
2026-11-01,Colombia,Cali,24.5,Casa,6,11,Alta,12,True,532.34,Ineficiente,399.26
2026-03-03,Perú,Arequipa,17.9,Casa,5,15,Alta,9,True,427.45,Moderado,320.59
2026-03-17,México,Mérida,28.0,Departamento,2,9,Media,8,False,177.27,Eficiente,132.95
2026-07-31,México,Mérida,30.4,Departamento,3,11,Baja,6,True,244.67,Eficiente,183.5
2026-01-20,México,Monterrey,14.2,Local,10,20,Alta,15,True,1019.39,Ineficiente,764.54
2026-03-06,Colombia,Medellín,21.3,Casa,6,19,Alta,8,True,418.03,Moderado,313.52
2026-07-28,Colombia,Bucaramanga,21.2,Casa,5,9,Alta,11,True,332.55,Moderado,249.41
2026-08-03,México,Monterrey,31.5,Casa,4,9,Baja,4,True,165.47,Eficiente,124.1
2026-08-14,Perú,Piura,23.2,Departamento,1,8,Media,7,True,148.72,Eficiente,111.54
2026-09-12,Colombia,Medellín,20.5,Departamento,4,4,Baja,1,True,71.88,Eficiente,53.91
2026-06-28,México,Monterrey,32.0,Local,8,18,Media,6,True,751.17,Ineficiente,563.38
2026-11-14,México,Ciudad de México,14.3,Departamento,2,7,Alta,10,True,376.25,Moderado,282.19
2026-04-25,Perú,Cusco,13.6,Local,5,18,Alta,11,True,903.2,Ineficiente,677.4
2026-06-25,Perú,Cusco,11.4,Departamento,2,5,Media,9,True,131.31,Eficiente,98.48
2026-11-10,México,Mérida,27.2,Local,10,16,Media,4,True,822.2,Ineficiente,616.65
2026-05-13,Perú,Lima,21.6,Departamento,5,7,Media,5,False,285.99,Moderado,214.49
2026-05-11,Perú,Piura,25.8,Departamento,1,11,Media,4,True,183.7,Eficiente,137.77
2026-07-22,México,Monterrey,31.5,Casa,4,9,Media,9,False,321.55,Moderado,241.16
2026-07-12,Perú,Puno,7.6,Casa,8,13,Media,5,True,381.05,Moderado,285.79
2026-09-05,México,Mérida,30.7,Casa,7,20,Baja,3,True,393.93,Moderado,295.45
2026-12-25,Perú,Puno,12.9,Departamento,2,9,Media,8,True,175.09,Eficiente,131.32
2026-09-25,México,Mérida,29.3,Local,10,16,Media,6,True,1040.11,Ineficiente,780.08
2026-05-11,México,Ciudad de México,18.8,Casa,5,11,Baja,4,True,251.76,Moderado,188.82
2026-09-18,Perú,Cusco,12.2,Casa,10,14,Alta,8,True,400.0,Moderado,300.0
2026-05-22,Colombia,Bucaramanga,22.9,Departamento,6,12,Baja,2,True,182.8,Eficiente,137.1
2026-11-16,México,Mérida,27.4,Casa,4,13,Media,6,True,234.89,Eficiente,176.17
2026-08-12,México,Tijuana,24.1,Departamento,2,11,Alta,13,False,297.05,Moderado,222.79
2026-08-11,Perú,Puno,9.2,Departamento,3,8,Baja,1,True,179.51,Eficiente,134.63
2026-09-25,Colombia,Barranquilla,29.7,Departamento,3,5,Baja,2,False,151.05,Eficiente,113.29
2026-07-28,México,Guadalajara,23.5,Local,8,28,Media,10,True,1242.64,Ineficiente,931.98
2026-07-16,México,Tijuana,22.0,Departamento,2,7,Media,8,False,235.53,Eficiente,176.65
2026-09-12,Colombia,Cali,24.0,Departamento,2,7,Alta,11,False,228.07,Eficiente,171.05
2026-09-24,Perú,Arequipa,15.8,Departamento,1,7,Baja,2,False,194.25,Eficiente,145.69
2026-09-26,México,Ciudad de México,17.3,Casa,2,11,Alta,10,False,385.45,Moderado,289.09
2026-03-07,México,Tijuana,16.6,Casa,4,15,Alta,13,True,328.92,Moderado,246.69
2026-02-20,Perú,Arequipa,17.4,Casa,5,12,Media,10,False,378.69,Moderado,284.02
2026-02-21,Colombia,Bogotá,14.8,Departamento,4,7,Media,6,True,257.73,Moderado,193.3
2026-07-10,Colombia,Bogotá,12.5,Departamento,1,4,Media,6,False,107.73,Eficiente,80.8
2026-03-27,México,Tijuana,16.4,Casa,3,11,Media,7,True,249.54,Eficiente,187.16
2026-02-26,Colombia,Barranquilla,27.6,Departamento,4,10,Media,5,True,200.54,Eficiente,150.4
2026-07-09,Colombia,Cali,23.3,Casa,4,11,Media,8,False,298.37,Moderado,223.78
2026-11-18,México,Guadalajara,20.7,Casa,4,10,Media,7,False,426.85,Moderado,320.14
2026-09-07,México,Ciudad de México,18.6,Departamento,3,11,Media,5,True,210.46,Eficiente,157.84
2026-03-17,México,Guadalajara,22.4,Departamento,2,13,Media,5,False,197.31,Eficiente,147.98
2026-04-21,México,Monterrey,27.0,Departamento,4,9,Media,7,False,218.68,Eficiente,164.01
2026-11-12,México,Mérida,26.9,Casa,3,17,Baja,1,True,297.65,Moderado,223.24
2026-02-19,México,Tijuana,14.8,Local,5,23,Media,4,True,696.43,Ineficiente,522.32
2026-05-24,Perú,Cusco,12.5,Casa,2,10,Baja,6,False,260.23,Moderado,195.17
2026-05-10,Colombia,Bucaramanga,23.7,Local,2,23,Baja,2,True,510.22,Ineficiente,382.66
2026-07-15,Colombia,Barranquilla,29.6,Departamento,3,7,Baja,3,True,142.99,Eficiente,107.24
2026-03-23,Colombia,Bucaramanga,24.0,Casa,7,21,Media,8,True,391.3,Moderado,293.48
2026-05-29,Colombia,Bogotá,13.7,Casa,5,10,Media,9,True,336.96,Moderado,252.72
2026-03-30,México,Monterrey,21.3,Casa,2,8,Media,5,False,275.3,Moderado,206.48
2026-07-20,Colombia,Cali,23.9,Departamento,2,8,Media,8,True,211.56,Eficiente,158.67
2026-12-29,México,Tijuana,15.3,Departamento,3,9,Media,6,False,202.85,Eficiente,152.14
2026-11-09,Colombia,Medellín,22.2,Departamento,1,5,Baja,4,False,113.11,Eficiente,84.83
2026-05-10,Colombia,Bucaramanga,22.8,Casa,3,10,Alta,12,False,315.8,Moderado,236.85
2026-09-07,México,Mérida,30.6,Casa,3,18,Media,4,False,481.56,Ineficiente,361.17
2026-05-17,Colombia,Bogotá,13.1,Departamento,2,10,Media,8,True,192.05,Eficiente,144.04
2026-06-27,México,Tijuana,20.5,Departamento,3,7,Media,9,True,165.07,Eficiente,123.8
2026-04-01,Colombia,Cali,23.9,Casa,5,13,Media,4,True,227.22,Eficiente,170.42
2026-05-08,México,Guadalajara,25.4,Departamento,2,11,Media,8,True,187.25,Eficiente,140.44
2026-06-04,Colombia,Cali,22.4,Casa,6,14,Alta,13,True,722.55,Ineficiente,541.91
2026-01-31,Perú,Arequipa,17.0,Departamento,2,6,Media,4,False,204.56,Eficiente,153.42
2026-12-21,Perú,Lima,24.3,Casa,3,16,Media,9,True,423.23,Moderado,317.42
2026-07-31,Colombia,Barranquilla,29.4,Casa,4,9,Media,8,True,227.72,Eficiente,170.79
2026-01-01,Colombia,Barranquilla,28.9,Casa,6,14,Media,9,True,397.47,Moderado,298.1
2026-06-08,Perú,Piura,24.3,Casa,3,12,Baja,3,True,272.02,Moderado,204.02
2026-02-28,México,Ciudad de México,14.3,Casa,7,17,Media,8,True,473.56,Ineficiente,355.17
2026-04-12,México,Guadalajara,23.7,Departamento,4,8,Media,9,False,185.36,Eficiente,139.02
2026-12-13,México,Tijuana,14.2,Departamento,3,7,Media,5,True,198.02,Eficiente,148.52
2026-07-16,Perú,Piura,22.6,Casa,3,9,Media,6,True,229.54,Eficiente,172.16
2026-03-12,México,Ciudad de México,16.0,Casa,6,7,Media,8,True,349.67,Moderado,262.25
2026-09-24,Perú,Arequipa,14.3,Casa,4,15,Baja,3,True,233.67,Eficiente,175.25
2026-01-28,México,Ciudad de México,12.9,Local,3,17,Media,4,False,578.45,Ineficiente,433.84
2026-05-08,Perú,Lima,21.8,Departamento,3,9,Alta,9,False,225.99,Eficiente,169.49
2026-09-14,México,Monterrey,28.8,Departamento,5,14,Media,9,True,281.97,Moderado,211.48
2026-01-15,Colombia,Medellín,22.2,Casa,4,11,Baja,3,True,276.68,Moderado,207.51
2026-10-15,Perú,Cusco,13.0,Casa,6,14,Media,9,False,468.27,Ineficiente,351.2
2026-07-14,México,Tijuana,23.7,Casa,5,10,Media,8,True,348.49,Moderado,261.37
2026-09-13,Perú,Puno,10.3,Local,2,18,Alta,15,True,858.02,Ineficiente,643.52
2026-05-07,México,Ciudad de México,19.0,Casa,2,22,Alta,10,True,602.87,Ineficiente,452.15
2026-06-04,Perú,Piura,23.8,Departamento,1,4,Baja,2,False,97.85,Eficiente,73.39
2026-02-09,México,Ciudad de México,13.1,Local,3,28,Media,4,False,563.21,Ineficiente,422.41
2026-01-19,Perú,Puno,12.5,Local,3,21,Alta,15,True,1230.18,Ineficiente,922.64
2026-04-09,México,Ciudad de México,18.2,Departamento,4,5,Media,6,True,214.49,Eficiente,160.87
2026-05-25,Perú,Lima,22.5,Departamento,2,9,Media,8,True,271.05,Moderado,203.29
2026-04-27,Colombia,Medellín,21.1,Local,15,13,Alta,9,False,1317.08,Ineficiente,987.81
2026-02-23,Perú,Puno,11.7,Local,5,25,Baja,5,True,541.35,Ineficiente,406.01
2026-03-02,Colombia,Cali,24.5,Casa,5,14,Alta,12,True,626.77,Ineficiente,470.08
2026-04-10,México,Monterrey,25.5,Casa,6,15,Alta,8,True,627.51,Ineficiente,470.63
2026-06-05,Perú,Lima,20.1,Casa,4,13,Media,8,True,331.9,Moderado,248.92
2026-07-21,México,Mérida,31.1,Casa,4,5,Media,8,True,312.16,Moderado,234.12
2026-10-18,México,Tijuana,21.2,Casa,5,12,Baja,3,True,302.79,Moderado,227.09
2026-11-01,Colombia,Bucaramanga,23.4,Departamento,3,6,Alta,11,True,193.74,Eficiente,145.3
2026-10-26,Colombia,Cali,24.9,Departamento,2,6,Media,4,True,96.87,Eficiente,72.65
2026-08-16,Perú,Lima,17.0,Local,8,18,Alta,8,True,1447.87,Ineficiente,1085.9
2026-10-25,Colombia,Medellín,22.7,Casa,4,15,Media,5,True,350.2,Moderado,262.65
2026-02-06,Perú,Lima,27.5,Casa,3,12,Media,5,True,209.89,Eficiente,157.42
2026-09-04,México,Tijuana,23.4,Local,15,15,Alta,15,True,1302.74,Ineficiente,977.06
2026-06-04,México,Tijuana,21.9,Local,10,12,Media,9,True,717.41,Ineficiente,538.06
2026-03-23,México,Guadalajara,21.6,Casa,6,9,Baja,6,True,204.11,Eficiente,153.08
2026-08-18,México,Tijuana,23.5,Local,3,24,Media,10,True,739.86,Ineficiente,554.9
2026-11-12,México,Mérida,27.5,Departamento,3,5,Alta,8,False,270.15,Moderado,202.61
2026-05-15,Colombia,Bucaramanga,22.6,Casa,2,13,Alta,9,True,467.58,Ineficiente,350.68
2026-06-28,Colombia,Medellín,20.9,Casa,4,16,Media,10,False,463.66,Ineficiente,347.74
2026-01-30,Perú,Arequipa,17.5,Casa,5,12,Media,5,True,310.92,Moderado,233.19
2026-05-11,México,Monterrey,29.2,Departamento,2,8,Media,9,False,259.41,Moderado,194.56
2026-01-16,Perú,Cusco,13.8,Casa,3,12,Alta,13,True,370.05,Moderado,277.54
2026-03-15,Colombia,Barranquilla,29.5,Local,3,9,Baja,4,True,771.45,Ineficiente,578.59
2026-03-19,México,Ciudad de México,15.6,Departamento,3,6,Alta,12,False,227.93,Eficiente,170.95
2026-04-30,Colombia,Bucaramanga,23.1,Casa,2,7,Media,5,True,124.78,Eficiente,93.58
2026-06-07,Perú,Cusco,11.0,Casa,4,18,Media,7,True,362.18,Moderado,271.64
2026-12-12,Colombia,Barranquilla,27.2,Casa,1,14,Alta,9,False,233.06,Eficiente,174.8
2026-05-15,Colombia,Bogotá,13.6,Casa,6,13,Media,6,False,303.54,Moderado,227.66
2026-10-09,Perú,Lima,20.7,Casa,5,12,Baja,4,False,308.35,Moderado,231.26
2026-10-23,México,Mérida,29.6,Casa,3,11,Baja,2,False,196.8,Eficiente,147.6
2026-03-26,Perú,Puno,11.8,Departamento,2,6,Media,8,True,158.21,Eficiente,118.66
2026-10-23,México,Mérida,29.5,Casa,7,11,Baja,4,False,329.61,Moderado,247.21
2026-05-19,Perú,Puno,9.7,Local,10,23,Baja,5,True,540.67,Ineficiente,405.5
2026-01-14,México,Ciudad de México,12.8,Local,10,29,Baja,5,False,905.5,Ineficiente,679.12
2026-11-05,Colombia,Bogotá,14.1,Departamento,2,10,Alta,15,False,174.82,Eficiente,131.12
2026-06-12,México,Guadalajara,25.9,Casa,3,21,Media,5,False,469.19,Ineficiente,351.89
2026-05-27,México,Tijuana,19.0,Casa,1,5,Media,10,False,246.75,Eficiente,185.06
2026-09-13,Colombia,Barranquilla,28.7,Departamento,3,7,Baja,6,False,165.77,Eficiente,124.33
2026-09-21,México,Guadalajara,24.8,Departamento,2,12,Baja,2,False,127.69,Eficiente,95.77
2026-03-28,México,Mérida,26.9,Local,2,12,Baja,2,True,276.89,Moderado,207.67
2026-05-25,México,Mérida,29.8,Departamento,4,13,Alta,12,False,322.21,Moderado,241.66
2026-12-06,México,Guadalajara,19.3,Casa,5,10,Media,4,True,295.09,Moderado,221.32
2026-05-17,México,Ciudad de México,19.2,Casa,7,19,Media,7,True,461.53,Ineficiente,346.15
2026-03-09,Perú,Puno,11.8,Departamento,4,8,Baja,4,False,234.11,Eficiente,175.58
2026-11-11,México,Tijuana,18.7,Departamento,3,7,Baja,5,True,129.84,Eficiente,97.38
2026-04-22,Colombia,Medellín,22.1,Departamento,2,9,Baja,2,True,87.57,Eficiente,65.68
2026-09-15,Perú,Lima,18.4,Local,8,16,Media,6,True,907.6,Ineficiente,680.7
2026-11-14,Colombia,Cali,24.1,Casa,4,8,Alta,12,True,261.67,Moderado,196.25
2026-09-03,Perú,Puno,10.4,Departamento,3,7,Baja,1,False,180.66,Eficiente,135.5
2026-09-27,Perú,Piura,23.6,Departamento,3,9,Baja,1,False,102.88,Eficiente,77.16
2026-04-20,Perú,Puno,11.6,Departamento,3,6,Baja,1,True,140.15,Eficiente,105.11
2026-09-09,Colombia,Bogotá,12.0,Departamento,4,7,Media,5,True,202.75,Eficiente,152.06
2026-09-11,México,Mérida,29.1,Local,10,20,Baja,1,True,664.02,Ineficiente,498.02
2026-11-01,Colombia,Cali,25.0,Casa,8,9,Baja,2,True,218.27,Eficiente,163.7
2026-02-23,México,Monterrey,18.3,Local,3,31,Alta,15,True,1233.65,Ineficiente,925.24
2026-07-28,Colombia,Cali,22.4,Casa,10,19,Media,7,False,311.47,Moderado,233.6
2026-07-05,Perú,Piura,23.4,Casa,2,13,Alta,11,True,465.97,Ineficiente,349.48
2026-08-31,México,Mérida,30.6,Departamento,3,10,Alta,10,True,348.89,Moderado,261.67
2026-04-24,México,Mérida,29.4,Casa,6,17,Alta,13,False,595.18,Ineficiente,446.38
2026-12-05,México,Tijuana,15.3,Casa,6,17,Baja,6,False,283.67,Moderado,212.75
2026-08-18,Perú,Arequipa,14.0,Local,2,11,Baja,1,True,343.54,Moderado,257.66
2026-03-21,Perú,Cusco,14.6,Local,15,16,Baja,1,True,842.67,Ineficiente,632.0
2026-11-18,México,Mérida,26.2,Departamento,3,8,Alta,8,False,226.25,Eficiente,169.69
2026-09-24,México,Guadalajara,23.7,Casa,3,7,Media,10,False,419.83,Moderado,314.87
2026-07-05,Colombia,Bucaramanga,22.7,Casa,10,14,Alta,9,True,715.51,Ineficiente,536.63
2026-02-01,México,Mérida,25.6,Casa,4,11,Media,10,True,308.17,Moderado,231.13
2026-08-20,Colombia,Cali,22.5,Departamento,3,7,Baja,4,True,216.77,Eficiente,162.58
2026-10-03,Colombia,Medellín,22.5,Departamento,1,13,Alta,8,False,163.6,Eficiente,122.7
2026-10-08,Perú,Arequipa,16.8,Departamento,2,10,Media,6,False,269.79,Moderado,202.34
2026-03-06,México,Monterrey,22.8,Departamento,2,11,Alta,15,True,325.6,Moderado,244.2
2026-10-31,Perú,Puno,10.6,Departamento,3,7,Alta,11,True,250.84,Moderado,188.13
2026-08-01,Perú,Cusco,11.2,Casa,4,10,Alta,14,True,399.78,Moderado,299.83
2026-03-25,Perú,Arequipa,18.0,Departamento,3,12,Baja,4,True,170.96,Eficiente,128.22
2026-08-07,Colombia,Cali,23.1,Casa,4,11,Alta,11,True,246.16,Eficiente,184.62
2026-04-26,Perú,Arequipa,17.0,Departamento,2,11,Media,5,False,110.92,Eficiente,83.19
2026-10-17,México,Mérida,29.3,Departamento,1,6,Baja,2,True,139.3,Eficiente,104.48
2026-11-30,México,Ciudad de México,15.6,Local,20,26,Baja,6,True,906.06,Ineficiente,679.54
2026-09-13,Colombia,Cali,23.0,Local,10,14,Media,5,True,945.49,Ineficiente,709.12
2026-11-17,Colombia,Cali,23.2,Departamento,3,7,Baja,2,True,201.61,Eficiente,151.21
2026-09-01,México,Tijuana,22.2,Casa,4,6,Media,9,True,367.65,Moderado,275.74
2026-02-26,México,Mérida,24.2,Casa,1,16,Alta,12,True,382.55,Moderado,286.91
2026-06-18,Perú,Arequipa,14.8,Local,8,16,Media,4,True,672.13,Ineficiente,504.1
2026-11-22,México,Tijuana,18.5,Casa,3,9,Media,9,True,270.75,Moderado,203.06
2026-12-16,México,Guadalajara,18.2,Departamento,3,11,Media,10,False,166.14,Eficiente,124.6
2026-06-29,Perú,Cusco,11.3,Local,10,16,Media,8,True,904.7,Ineficiente,678.53
2026-08-10,Colombia,Bucaramanga,22.6,Casa,4,17,Alta,8,True,267.52,Moderado,200.64
2026-03-27,Colombia,Bucaramanga,22.4,Local,3,24,Media,7,True,746.99,Ineficiente,560.24
2026-01-07,Perú,Arequipa,17.2,Local,5,14,Media,4,False,330.91,Moderado,248.18
2026-03-14,Colombia,Barranquilla,28.8,Departamento,2,5,Baja,4,True,183.93,Eficiente,137.95
2026-02-05,Perú,Cusco,14.3,Casa,2,13,Media,7,True,290.38,Moderado,217.78
2026-09-02,Colombia,Barranquilla,30.0,Local,3,25,Alta,12,True,1611.9,Ineficiente,1208.93
2026-01-11,México,Monterrey,15.5,Casa,6,11,Media,8,True,441.08,Moderado,330.81
2026-06-23,Perú,Puno,8.3,Casa,5,9,Alta,8,True,360.26,Moderado,270.2
2026-03-16,Colombia,Bucaramanga,22.8,Local,5,17,Alta,11,True,995.35,Ineficiente,746.51
2026-12-23,México,Tijuana,15.1,Casa,5,16,Media,7,True,490.32,Ineficiente,367.74
2026-07-08,Colombia,Cali,23.2,Casa,5,19,Baja,4,True,341.98,Moderado,256.48
2026-12-18,México,Tijuana,15.2,Departamento,2,6,Baja,5,True,177.3,Eficiente,132.98
2026-06-24,México,Guadalajara,25.4,Departamento,4,8,Baja,2,False,84.27,Eficiente,63.2
2026-06-13,Colombia,Cali,22.7,Casa,1,11,Media,9,True,250.24,Moderado,187.68
2026-09-27,México,Mérida,30.0,Casa,5,4,Baja,6,True,177.87,Eficiente,133.4
2026-06-07,México,Monterrey,30.6,Departamento,2,7,Baja,5,True,169.56,Eficiente,127.17
2026-04-19,Perú,Lima,24.9,Departamento,4,9,Alta,14,False,289.73,Moderado,217.3
2026-08-30,Perú,Arequipa,13.4,Casa,4,14,Baja,1,True,270.41,Moderado,202.81
2026-09-02,Colombia,Medellín,20.7,Departamento,8,11,Baja,5,False,130.4,Eficiente,97.8
2026-11-23,México,Tijuana,18.8,Local,5,13,Baja,3,True,485.88,Ineficiente,364.41
2026-01-06,Colombia,Barranquilla,27.7,Casa,4,16,Media,5,False,373.53,Moderado,280.15
2026-05-29,México,Mérida,29.2,Local,2,34,Media,8,True,737.52,Ineficiente,553.14
2026-10-12,Perú,Puno,10.7,Casa,8,20,Baja,2,False,410.25,Moderado,307.69
2026-05-09,Perú,Cusco,11.3,Departamento,1,3,Alta,14,True,173.65,Eficiente,130.24
2026-05-20,Perú,Lima,22.8,Departamento,2,9,Baja,6,True,221.9,Eficiente,166.42
2026-11-23,Colombia,Cali,24.8,Departamento,4,8,Media,9,True,195.08,Eficiente,146.31
2026-02-12,Perú,Puno,12.1,Departamento,3,9,Alta,12,False,357.76,Moderado,268.32
2026-12-28,México,Monterrey,16.8,Casa,5,21,Alta,13,True,673.66,Ineficiente,505.24
2026-08-26,México,Monterrey,30.6,Casa,4,5,Alta,14,False,426.59,Moderado,319.94
2026-10-18,Colombia,Medellín,22.0,Departamento,3,8,Media,4,False,198.95,Eficiente,149.21
2026-02-22,Perú,Lima,28.1,Casa,2,24,Media,9,False,491.96,Ineficiente,368.97
2026-02-14,México,Ciudad de México,14.9,Departamento,1,5,Baja,5,False,90.64,Eficiente,67.98
2026-10-16,Perú,Piura,25.3,Departamento,2,6,Alta,13,False,370.36,Moderado,277.77
2026-05-04,Colombia,Cali,23.8,Casa,4,16,Media,10,True,344.57,Moderado,258.43
2026-12-23,Perú,Piura,28.6,Casa,5,18,Baja,3,True,287.37,Moderado,215.53
2026-04-04,México,Mérida,28.9,Departamento,2,9,Media,10,True,197.16,Eficiente,147.87
2026-06-26,Perú,Lima,20.5,Local,3,20,Alta,11,True,1030.18,Ineficiente,772.64
2026-08-29,Perú,Arequipa,13.7,Casa,3,10,Media,6,True,299.46,Moderado,224.59
2026-12-26,México,Guadalajara,18.5,Casa,7,10,Baja,2,True,314.33,Moderado,235.75
2026-05-11,México,Guadalajara,26.7,Local,8,23,Alta,10,True,1046.92,Ineficiente,785.19
2026-04-18,Colombia,Bogotá,14.3,Casa,1,8,Alta,15,False,282.17,Moderado,211.63
2026-03-18,Perú,Piura,28.4,Casa,2,17,Baja,4,False,292.12,Moderado,219.09
2026-03-31,México,Mérida,27.0,Casa,3,10,Media,7,True,299.21,Moderado,224.41
2026-02-13,Perú,Arequipa,17.2,Local,1,14,Media,4,True,575.0,Ineficiente,431.25
2026-11-06,Perú,Arequipa,17.4,Departamento,3,8,Media,7,True,153.52,Eficiente,115.14
2026-07-06,México,Guadalajara,24.7,Local,5,19,Media,6,True,882.72,Ineficiente,662.04
2026-06-30,Colombia,Cali,22.4,Casa,4,16,Media,8,False,263.79,Moderado,197.84
2026-08-24,México,Ciudad de México,18.7,Departamento,2,11,Baja,3,False,239.56,Eficiente,179.67
2026-05-23,México,Guadalajara,26.1,Casa,7,12,Media,7,True,531.04,Ineficiente,398.28
2026-06-21,Colombia,Barranquilla,29.2,Local,8,18,Alta,9,True,1375.81,Ineficiente,1031.86
2026-03-23,Perú,Lima,27.8,Local,20,26,Media,10,True,1951.0,Ineficiente,1463.25
2026-12-30,Perú,Cusco,14.9,Departamento,4,8,Media,10,True,261.12,Moderado,195.84
2026-01-26,Colombia,Medellín,21.4,Local,8,21,Baja,4,True,828.68,Ineficiente,621.51
2026-09-27,México,Monterrey,28.4,Departamento,1,7,Media,8,False,122.17,Eficiente,91.63
2026-09-16,México,Ciudad de México,18.4,Casa,4,22,Media,5,False,397.4,Moderado,298.05
2026-06-09,México,Guadalajara,25.4,Local,2,21,Baja,2,True,625.75,Ineficiente,469.31
2026-10-25,Colombia,Bogotá,13.4,Casa,6,13,Media,5,True,330.12,Moderado,247.59
2026-08-12,México,Tijuana,24.7,Departamento,1,6,Media,9,False,111.17,Eficiente,83.38
2026-09-14,México,Ciudad de México,18.9,Departamento,3,13,Baja,2,True,276.61,Moderado,207.46
2026-07-29,México,Mérida,31.3,Casa,6,18,Baja,6,True,330.28,Moderado,247.71
2026-09-17,Colombia,Bucaramanga,22.6,Casa,5,6,Alta,14,True,472.62,Ineficiente,354.46
2026-06-03,México,Mérida,31.5,Casa,3,15,Alta,12,True,360.24,Moderado,270.18
2026-10-27,México,Mérida,29.9,Local,5,26,Media,7,True,908.79,Ineficiente,681.59
2026-07-21,Perú,Cusco,10.7,Casa,7,16,Media,10,True,302.39,Moderado,226.79
2026-05-03,Perú,Puno,10.6,Casa,4,14,Baja,6,True,275.65,Moderado,206.74
2026-08-17,Perú,Arequipa,13.8,Casa,5,19,Media,5,True,397.19,Moderado,297.89
2026-10-14,México,Monterrey,25.2,Local,15,16,Alta,11,True,1395.0,Ineficiente,1046.25
2026-05-07,Colombia,Bogotá,14.5,Casa,4,19,Alta,12,True,562.86,Ineficiente,422.14
2026-01-28,México,Tijuana,13.4,Casa,4,13,Alta,15,True,471.84,Ineficiente,353.88
2026-08-13,Colombia,Cali,23.5,Departamento,3,5,Media,9,False,133.06,Eficiente,99.8
2026-03-25,Perú,Piura,29.0,Departamento,4,9,Alta,12,True,319.01,Moderado,239.26
2026-10-12,México,Mérida,29.4,Casa,2,16,Media,6,False,249.22,Eficiente,186.92
2026-12-29,México,Mérida,26.0,Casa,5,10,Alta,10,True,534.19,Ineficiente,400.64
2026-02-26,Colombia,Barranquilla,28.8,Casa,3,19,Media,5,True,452.87,Ineficiente,339.65
2026-10-22,Perú,Piura,24.2,Local,8,20,Baja,3,False,714.03,Ineficiente,535.52
2026-10-09,Colombia,Bogotá,13.2,Casa,6,17,Baja,5,False,261.54,Moderado,196.16
2026-11-13,Colombia,Bucaramanga,23.8,Departamento,3,5,Baja,5,True,234.86,Eficiente,176.14
2026-10-06,Colombia,Bucaramanga,23.0,Casa,4,12,Alta,11,True,432.09,Moderado,324.07
2026-12-19,México,Guadalajara,19.7,Departamento,2,10,Baja,2,False,172.04,Eficiente,129.03
2026-06-13,México,Tijuana,20.9,Casa,7,22,Alta,11,True,581.9,Ineficiente,436.42
2026-01-07,Perú,Piura,27.6,Casa,3,11,Alta,9,False,337.38,Moderado,253.04
2026-08-07,Perú,Piura,23.7,Local,5,21,Media,8,True,660.7,Ineficiente,495.52
2026-07-06,México,Tijuana,23.2,Casa,4,8,Media,7,False,230.57,Eficiente,172.93
2026-12-04,México,Mérida,25.0,Departamento,2,9,Media,7,True,177.23,Eficiente,132.92
2026-04-03,México,Tijuana,16.7,Casa,5,18,Baja,2,False,304.46,Moderado,228.34
2026-09-11,México,Monterrey,28.9,Departamento,3,7,Media,6,False,266.57,Moderado,199.93
2026-09-17,México,Ciudad de México,18.7,Casa,6,10,Baja,6,True,263.77,Moderado,197.83
2026-02-19,México,Tijuana,14.5,Departamento,2,9,Baja,5,True,167.2,Eficiente,125.4
2026-03-27,Colombia,Bucaramanga,22.6,Departamento,3,10,Media,6,True,258.96,Moderado,194.22
2026-02-03,Colombia,Bucaramanga,22.5,Casa,4,11,Media,4,True,253.33,Moderado,190.0
2026-09-15,Perú,Arequipa,15.0,Local,8,25,Alta,9,True,1554.75,Ineficiente,1166.06
2026-05-26,Perú,Piura,26.9,Departamento,2,6,Media,9,True,178.16,Eficiente,133.62
2026-08-12,México,Ciudad de México,18.2,Casa,8,11,Media,5,True,321.54,Moderado,241.16
2026-07-02,Perú,Cusco,11.0,Casa,4,12,Baja,2,False,258.01,Moderado,193.51
2026-11-30,México,Monterrey,19.1,Departamento,6,10,Media,10,True,226.81,Eficiente,170.11
2026-04-22,Perú,Arequipa,16.2,Departamento,4,8,Alta,12,False,258.47,Moderado,193.85
2026-10-27,Perú,Lima,20.3,Casa,4,8,Media,6,False,369.41,Moderado,277.06
2026-01-12,Colombia,Cali,23.5,Departamento,4,5,Baja,6,False,194.78,Eficiente,146.08
2026-02-14,México,Monterrey,18.1,Departamento,3,9,Alta,13,True,208.04,Eficiente,156.03
2026-04-16,Colombia,Bogotá,13.4,Casa,4,13,Media,5,True,255.49,Moderado,191.62
2026-03-12,México,Guadalajara,22.5,Departamento,2,8,Media,9,False,195.84,Eficiente,146.88
2026-05-13,México,Tijuana,19.4,Departamento,2,13,Media,7,False,220.82,Eficiente,165.62
2026-04-28,México,Tijuana,16.7,Casa,6,10,Media,8,True,371.37,Moderado,278.53
2026-10-27,Colombia,Bogotá,14.4,Departamento,3,6,Media,6,False,124.26,Eficiente,93.2
2026-09-04,México,Monterrey,29.8,Local,1,14,Media,10,True,546.81,Ineficiente,410.11
2026-01-17,México,Tijuana,13.9,Casa,4,14,Media,8,False,411.81,Moderado,308.86
2026-11-08,México,Monterrey,19.1,Departamento,4,7,Alta,11,False,309.45,Moderado,232.09
2026-12-19,Colombia,Bogotá,13.6,Casa,5,8,Media,10,False,347.04,Moderado,260.28
2026-05-19,México,Ciudad de México,18.7,Departamento,3,12,Baja,2,True,114.38,Eficiente,85.78
2026-12-20,Perú,Lima,24.2,Casa,2,23,Alta,14,True,564.21,Ineficiente,423.16
2026-11-28,Perú,Lima,23.6,Casa,1,6,Media,8,True,226.56,Eficiente,169.92
2026-04-18,México,Monterrey,26.3,Casa,5,17,Media,7,True,435.63,Moderado,326.72
2026-08-19,Colombia,Cali,23.5,Casa,4,15,Alta,11,True,369.99,Moderado,277.49
2026-10-01,Perú,Piura,25.1,Casa,8,16,Alta,8,False,504.64,Ineficiente,378.48
2026-01-22,Colombia,Cali,23.2,Casa,2,11,Media,9,True,327.4,Moderado,245.55
2026-03-22,Colombia,Bogotá,14.5,Departamento,3,7,Baja,2,True,120.77,Eficiente,90.58
2026-10-30,México,Tijuana,21.5,Local,8,16,Baja,4,True,520.35,Ineficiente,390.26
2026-10-20,Perú,Piura,25.7,Departamento,3,7,Alta,11,False,226.12,Eficiente,169.59
2026-07-30,México,Tijuana,23.6,Departamento,3,8,Media,4,True,248.72,Eficiente,186.54
2026-05-15,México,Guadalajara,26.6,Casa,6,15,Media,9,True,270.81,Moderado,203.11
2026-11-10,Colombia,Bogotá,15.0,Local,10,11,Baja,5,True,885.02,Ineficiente,663.76
2026-01-27,Perú,Arequipa,16.1,Local,3,13,Alta,11,True,945.69,Ineficiente,709.27
2026-01-17,Perú,Arequipa,17.7,Departamento,3,6,Baja,3,True,146.29,Eficiente,109.72
2026-05-19,México,Monterrey,29.8,Departamento,3,6,Baja,1,True,252.08,Moderado,189.06
2026-05-07,México,Mérida,30.5,Departamento,5,9,Media,8,False,272.31,Moderado,204.23
2026-11-13,Colombia,Bogotá,15.0,Casa,4,16,Media,5,True,386.8,Moderado,290.1
2026-03-07,México,Monterrey,22.9,Local,5,19,Media,7,True,620.83,Ineficiente,465.62
2026-05-22,Perú,Arequipa,14.9,Casa,5,19,Media,10,True,525.41,Ineficiente,394.06
2026-08-08,Perú,Puno,9.3,Departamento,3,9,Media,10,False,149.76,Eficiente,112.32
2026-10-09,México,Ciudad de México,16.1,Casa,2,24,Media,4,False,403.59,Moderado,302.69
2026-09-03,Colombia,Medellín,20.4,Casa,4,15,Media,5,False,216.77,Eficiente,162.58
2026-12-22,Perú,Cusco,14.1,Casa,5,19,Media,7,False,398.82,Moderado,299.12
2026-01-28,Colombia,Medellín,21.2,Casa,4,19,Baja,4,True,296.93,Moderado,222.7
2026-02-11,Perú,Arequipa,16.8,Casa,2,10,Media,4,False,284.08,Moderado,213.06
2026-06-29,México,Tijuana,20.1,Casa,3,17,Baja,6,True,315.2,Moderado,236.4
2026-02-14,México,Tijuana,15.5,Local,20,14,Media,10,True,1070.24,Ineficiente,802.68
2026-07-11,Perú,Arequipa,13.2,Local,20,16,Alta,10,True,1064.53,Ineficiente,798.4
2026-10-04,México,Ciudad de México,17.5,Local,15,20,Baja,6,True,782.78,Ineficiente,587.08
2026-12-14,México,Monterrey,16.6,Departamento,1,6,Media,9,True,178.35,Eficiente,133.76
2026-08-27,Colombia,Bogotá,13.8,Casa,5,21,Media,6,True,434.03,Moderado,325.52
2026-06-14,Perú,Arequipa,14.1,Casa,3,16,Media,6,True,266.0,Moderado,199.5
2026-01-24,Perú,Cusco,13.6,Casa,3,12,Media,8,False,358.37,Moderado,268.78
2026-08-14,México,Guadalajara,23.4,Casa,5,16,Media,9,True,361.53,Moderado,271.15
2026-03-12,Perú,Cusco,14.8,Casa,1,12,Baja,4,False,247.57,Eficiente,185.68
2026-11-20,Perú,Piura,26.4,Casa,5,15,Alta,15,True,414.55,Moderado,310.91
2026-04-04,Colombia,Bucaramanga,22.0,Casa,7,12,Media,7,False,273.32,Moderado,204.99
2026-03-23,Perú,Cusco,14.4,Casa,2,13,Alta,15,True,399.88,Moderado,299.91
2026-11-25,Perú,Arequipa,16.2,Casa,7,9,Media,9,True,327.87,Moderado,245.9
2026-07-14,Perú,Arequipa,12.8,Departamento,5,8,Media,10,False,187.51,Eficiente,140.63
2026-03-04,Colombia,Cali,24.3,Departamento,1,4,Media,6,True,219.37,Eficiente,164.53
2026-03-19,Colombia,Bucaramanga,22.9,Departamento,5,9,Alta,14,True,350.64,Moderado,262.98
2026-02-21,México,Mérida,24.3,Casa,5,14,Baja,2,True,230.43,Eficiente,172.82
2026-09-09,México,Ciudad de México,18.6,Casa,6,5,Alta,9,True,277.52,Moderado,208.14
2026-12-14,Colombia,Barranquilla,27.6,Departamento,3,7,Media,7,True,196.26,Eficiente,147.2
2026-04-30,México,Mérida,28.8,Casa,5,14,Media,8,True,419.31,Moderado,314.48
2026-08-16,Colombia,Barranquilla,29.2,Departamento,3,8,Media,5,False,299.77,Moderado,224.83
2026-03-28,México,Tijuana,16.8,Departamento,4,9,Baja,6,False,163.78,Eficiente,122.84
2026-11-13,México,Monterrey,19.3,Casa,8,9,Media,10,True,277.91,Moderado,208.43
2026-08-21,Colombia,Medellín,21.3,Local,3,21,Baja,3,True,587.81,Ineficiente,440.86
2026-11-06,Colombia,Medellín,22.1,Casa,4,16,Media,9,True,356.5,Moderado,267.38
2026-04-12,México,Tijuana,17.0,Departamento,2,13,Media,8,True,326.81,Moderado,245.11
2026-05-06,Perú,Cusco,11.9,Local,1,19,Media,10,False,518.19,Ineficiente,388.64
2026-08-17,México,Guadalajara,23.2,Departamento,1,10,Alta,9,False,240.86,Eficiente,180.64
2026-07-14,Perú,Cusco,10.5,Casa,1,17,Baja,5,True,138.41,Eficiente,103.81
2026-04-23,México,Mérida,28.0,Local,5,20,Alta,14,True,1169.84,Ineficiente,877.38
2026-07-14,México,Guadalajara,24.1,Casa,3,8,Alta,12,False,464.36,Ineficiente,348.27
2026-11-23,México,Ciudad de México,14.8,Local,2,19,Alta,10,True,643.86,Ineficiente,482.9
2026-06-28,Colombia,Medellín,20.9,Casa,4,10,Baja,3,False,283.8,Moderado,212.85
2026-01-22,México,Ciudad de México,13.1,Departamento,2,8,Media,6,True,189.49,Eficiente,142.12
2026-11-04,México,Ciudad de México,14.8,Departamento,2,8,Alta,12,True,350.29,Moderado,262.72
2026-05-02,México,Ciudad de México,18.2,Departamento,4,8,Alta,15,False,330.28,Moderado,247.71
2026-01-23,México,Monterrey,14.7,Casa,4,20,Media,8,True,438.4,Moderado,328.8
2026-02-10,México,Guadalajara,20.8,Casa,5,10,Alta,14,False,644.59,Ineficiente,483.44
2026-10-28,México,Monterrey,25.0,Casa,7,10,Baja,3,True,278.71,Moderado,209.03
2026-01-30,México,Tijuana,13.6,Casa,5,12,Alta,15,False,698.76,Ineficiente,524.07
2026-09-14,Perú,Lima,19.9,Departamento,3,12,Media,8,True,228.63,Eficiente,171.47
2026-12-26,Colombia,Bogotá,14.7,Casa,5,12,Baja,5,True,265.29,Moderado,198.97
2026-07-20,Colombia,Medellín,20.2,Casa,4,12,Media,9,False,227.24,Eficiente,170.43
2026-06-25,México,Monterrey,31.6,Casa,4,9,Alta,8,False,368.69,Moderado,276.52
2026-12-13,Perú,Puno,13.0,Casa,4,11,Baja,1,True,236.93,Eficiente,177.7
2026-06-17,México,Guadalajara,25.2,Casa,3,10,Media,8,False,346.27,Moderado,259.7
2026-10-11,México,Ciudad de México,17.0,Local,5,25,Media,10,False,686.78,Ineficiente,515.08
2026-01-20,México,Monterrey,15.7,Casa,5,12,Alta,10,True,391.15,Moderado,293.36
2026-06-28,Perú,Lima,19.6,Departamento,2,10,Media,4,False,180.0,Eficiente,135.0
2026-08-28,México,Guadalajara,23.1,Local,3,11,Media,9,True,562.32,Ineficiente,421.74
2026-05-02,Colombia,Bucaramanga,22.3,Local,5,15,Media,6,True,646.6,Ineficiente,484.95
2026-12-20,México,Ciudad de México,13.8,Departamento,3,10,Media,10,False,278.9,Moderado,209.18
2026-06-26,Colombia,Barranquilla,29.3,Casa,2,10,Alta,9,True,352.2,Moderado,264.15
2026-06-17,México,Tijuana,20.5,Casa,1,15,Alta,11,True,290.4,Moderado,217.8
2026-06-03,Perú,Lima,20.0,Casa,3,5,Media,4,True,278.38,Moderado,208.78
2026-05-16,Perú,Lima,22.2,Departamento,4,5,Baja,3,True,180.22,Eficiente,135.16
2026-09-11,Colombia,Bucaramanga,21.5,Casa,7,12,Baja,1,False,154.05,Eficiente,115.54
2026-12-06,Colombia,Medellín,22.0,Local,10,24,Media,6,True,599.78,Ineficiente,449.84
2026-06-19,Colombia,Bogotá,14.0,Local,8,18,Baja,4,False,734.06,Ineficiente,550.54
2026-08-03,Perú,Cusco,11.7,Departamento,5,6,Alta,12,True,309.64,Moderado,232.23
2026-11-17,México,Mérida,27.0,Local,2,10,Baja,6,True,293.32,Moderado,219.99
2026-03-15,Colombia,Cali,24.8,Casa,1,14,Media,8,False,289.63,Moderado,217.22
2026-08-25,México,Monterrey,30.9,Departamento,3,13,Media,10,True,395.26,Moderado,296.44
2026-03-27,Colombia,Bogotá,14.3,Casa,4,20,Alta,13,True,493.75,Ineficiente,370.31
2026-02-07,México,Ciudad de México,14.3,Departamento,4,12,Alta,9,False,337.95,Moderado,253.46
2026-11-24,Perú,Cusco,14.0,Casa,7,13,Media,8,False,366.06,Moderado,274.54
2026-03-08,México,Ciudad de México,15.6,Departamento,1,9,Media,4,True,141.1,Eficiente,105.82
2026-03-07,Colombia,Medellín,21.1,Casa,5,14,Alta,10,True,310.93,Moderado,233.2
2026-11-25,Perú,Arequipa,16.0,Casa,6,15,Baja,6,True,267.44,Moderado,200.58
2026-11-01,México,Mérida,26.1,Casa,3,16,Baja,4,False,201.82,Eficiente,151.36
2026-04-01,Perú,Arequipa,15.6,Casa,6,18,Media,8,True,287.43,Moderado,215.57
2026-03-02,México,Mérida,27.9,Casa,2,10,Baja,6,True,226.79,Eficiente,170.09
2026-12-04,Perú,Cusco,14.9,Casa,4,12,Baja,6,True,246.27,Eficiente,184.7
2026-12-11,Colombia,Barranquilla,27.8,Casa,7,14,Media,10,True,434.24,Moderado,325.68
2026-07-04,Colombia,Bucaramanga,21.8,Casa,3,22,Alta,13,False,381.1,Moderado,285.83
2026-11-03,Colombia,Medellín,22.2,Casa,4,12,Media,7,True,354.64,Moderado,265.98
2026-10-31,Perú,Cusco,13.4,Casa,5,6,Baja,5,True,198.57,Eficiente,148.93
2026-05-10,Colombia,Bucaramanga,23.9,Departamento,3,8,Media,7,True,180.15,Eficiente,135.11
2026-07-05,México,Ciudad de México,18.0,Casa,1,17,Media,5,False,208.8,Eficiente,156.6
2026-07-23,Colombia,Bogotá,13.3,Casa,4,13,Media,4,True,452.33,Ineficiente,339.25
2026-07-09,México,Monterrey,32.2,Casa,6,14,Alta,14,True,635.92,Ineficiente,476.94
2026-09-22,México,Guadalajara,24.9,Casa,5,8,Baja,4,True,315.76,Moderado,236.82
2026-01-12,Perú,Puno,12.8,Casa,7,12,Baja,4,True,368.75,Moderado,276.56
2026-10-21,Perú,Arequipa,17.0,Departamento,2,8,Alta,8,False,227.06,Eficiente,170.3
2026-02-04,México,Tijuana,14.9,Casa,3,15,Alta,10,True,283.1,Moderado,212.32
2026-06-04,México,Mérida,30.9,Local,8,23,Alta,14,True,1382.78,Ineficiente,1037.08
2026-07-02,México,Mérida,31.8,Departamento,2,7,Media,4,True,301.41,Moderado,226.06
2026-06-19,México,Mérida,31.6,Casa,4,16,Alta,14,True,397.14,Moderado,297.86
2026-10-17,Colombia,Bogotá,13.8,Departamento,2,8,Media,5,True,179.9,Eficiente,134.93
2026-08-20,México,Monterrey,30.2,Local,15,21,Media,6,True,1423.45,Ineficiente,1067.59
2026-02-16,Colombia,Bogotá,14.4,Departamento,3,6,Alta,15,True,373.47,Moderado,280.1
2026-08-18,Colombia,Cali,22.8,Casa,4,18,Media,10,True,460.62,Ineficiente,345.46
2026-12-27,Colombia,Cali,23.1,Casa,5,11,Media,8,True,425.46,Moderado,319.09
2026-04-29,México,Guadalajara,24.5,Casa,2,9,Baja,5,True,145.33,Eficiente,109.0
2026-07-18,Perú,Arequipa,12.6,Casa,5,16,Media,7,True,474.37,Ineficiente,355.78
2026-07-16,Colombia,Bucaramanga,22.6,Departamento,3,9,Media,5,True,197.45,Eficiente,148.09
2026-07-15,México,Ciudad de México,18.9,Casa,5,11,Media,5,False,353.18,Moderado,264.88
2026-10-12,Perú,Lima,21.9,Local,10,16,Baja,1,False,417.68,Moderado,313.26
2026-01-06,México,Ciudad de México,14.0,Departamento,3,11,Media,10,True,307.97,Moderado,230.98
2026-07-08,México,Guadalajara,23.9,Local,3,18,Baja,6,True,727.6,Ineficiente,545.7
2026-09-27,Colombia,Bucaramanga,22.5,Local,20,28,Baja,4,True,1285.31,Ineficiente,963.98
2026-07-26,México,Guadalajara,23.3,Casa,5,12,Alta,14,False,559.78,Ineficiente,419.84
2026-12-17,Colombia,Bogotá,13.3,Casa,4,14,Media,8,True,345.92,Moderado,259.44
2026-03-20,México,Monterrey,22.5,Departamento,2,11,Baja,6,True,190.71,Eficiente,143.03
2026-08-26,México,Mérida,30.8,Departamento,1,5,Media,8,False,144.37,Eficiente,108.28
2026-04-04,Perú,Piura,27.2,Local,2,18,Baja,4,True,320.84,Moderado,240.63
2026-12-05,México,Monterrey,15.2,Casa,7,7,Media,5,False,217.36,Eficiente,163.02
2026-02-09,Perú,Piura,28.8,Departamento,1,9,Media,4,True,250.8,Moderado,188.1
2026-12-06,Perú,Puno,11.8,Local,10,19,Baja,2,True,970.37,Ineficiente,727.78
2026-08-02,México,Tijuana,23.8,Casa,5,11,Baja,1,True,211.69,Eficiente,158.77
2026-02-16,Perú,Arequipa,16.2,Casa,4,13,Alta,12,True,383.16,Moderado,287.37
2026-08-21,Perú,Lima,17.1,Departamento,2,6,Media,5,True,161.0,Eficiente,120.75
2026-08-11,Colombia,Cali,23.4,Casa,10,7,Media,8,True,268.21,Moderado,201.16
2026-02-17,Colombia,Barranquilla,27.2,Casa,5,12,Baja,5,True,313.42,Moderado,235.06
2026-09-21,Perú,Cusco,12.3,Casa,1,12,Media,9,False,203.34,Eficiente,152.5
2026-12-22,México,Guadalajara,19.2,Departamento,3,6,Media,10,False,166.25,Eficiente,124.69
2026-06-11,Colombia,Cali,23.2,Casa,3,10,Baja,3,True,293.82,Moderado,220.36
2026-12-08,Colombia,Barranquilla,28.0,Casa,4,10,Media,8,True,315.77,Moderado,236.83
2026-05-16,Colombia,Barranquilla,29.4,Local,2,16,Alta,15,True,883.83,Ineficiente,662.87
2026-12-01,Colombia,Cali,24.3,Departamento,3,11,Media,9,False,153.13,Eficiente,114.85
2026-04-03,Colombia,Barranquilla,29.7,Casa,4,11,Alta,8,False,292.85,Moderado,219.64
2026-05-04,México,Ciudad de México,18.4,Casa,6,6,Alta,12,True,369.09,Moderado,276.82
2026-05-29,Colombia,Bucaramanga,23.4,Local,10,19,Media,4,True,788.45,Ineficiente,591.34
2026-07-15,México,Ciudad de México,17.5,Casa,8,7,Media,8,True,274.66,Moderado,206.0
2026-01-31,México,Tijuana,14.8,Casa,4,14,Alta,8,False,280.4,Moderado,210.3
2026-01-14,Perú,Piura,27.2,Departamento,3,6,Media,7,True,212.02,Eficiente,159.02
2026-02-20,Colombia,Cali,24.0,Casa,6,12,Media,6,True,284.33,Moderado,213.25
2026-01-23,Perú,Puno,11.7,Casa,5,16,Alta,12,True,374.85,Moderado,281.14
2026-08-01,México,Guadalajara,23.8,Casa,3,10,Media,10,True,314.4,Moderado,235.8
2026-08-20,México,Mérida,30.4,Casa,4,14,Media,8,False,437.7,Moderado,328.28
2026-10-12,Colombia,Medellín,21.6,Casa,5,9,Media,7,True,284.68,Moderado,213.51
2026-02-24,México,Ciudad de México,13.3,Departamento,3,11,Media,4,False,280.22,Moderado,210.17
2026-07-24,Colombia,Barranquilla,28.0,Casa,1,21,Alta,11,True,441.72,Moderado,331.29
2026-03-12,México,Guadalajara,21.8,Casa,3,9,Alta,10,False,277.87,Moderado,208.4
2026-10-30,México,Mérida,29.1,Departamento,4,9,Alta,8,True,315.78,Moderado,236.83
2026-01-02,México,Ciudad de México,13.3,Casa,6,13,Baja,4,True,279.52,Moderado,209.64
2026-12-09,México,Mérida,24.3,Casa,7,16,Media,4,True,311.95,Moderado,233.96
2026-12-25,México,Guadalajara,19.8,Local,1,21,Alta,12,True,671.2,Ineficiente,503.4
2026-06-29,Perú,Cusco,10.7,Casa,2,8,Baja,6,True,292.38,Moderado,219.28
2026-05-25,Colombia,Bogotá,14.5,Casa,2,16,Alta,13,True,471.23,Ineficiente,353.42
2026-02-16,Perú,Cusco,13.9,Local,3,14,Media,10,True,811.85,Ineficiente,608.89
2026-03-26,México,Mérida,26.5,Departamento,2,12,Media,8,True,251.46,Moderado,188.6
2026-11-08,Colombia,Bogotá,14.7,Departamento,2,5,Media,5,False,108.32,Eficiente,81.24
2026-05-14,México,Mérida,29.8,Casa,1,16,Media,10,True,197.45,Eficiente,148.09
2026-08-26,México,Mérida,31.2,Casa,8,9,Media,10,True,415.61,Moderado,311.71
2026-11-25,México,Mérida,26.5,Casa,4,10,Media,6,False,185.05,Eficiente,138.79
2026-04-20,México,Ciudad de México,17.7,Local,8,13,Media,9,True,1079.72,Ineficiente,809.79
2026-06-23,Perú,Arequipa,13.9,Casa,2,14,Media,4,True,208.5,Eficiente,156.38
2026-07-03,Colombia,Bogotá,12.7,Departamento,4,6,Baja,2,True,194.12,Eficiente,145.59
2026-08-06,Colombia,Cali,23.3,Casa,4,13,Baja,1,True,137.64,Eficiente,103.23
2026-10-08,México,Tijuana,21.3,Departamento,3,9,Media,4,True,172.84,Eficiente,129.63
2026-12-03,Perú,Lima,25.1,Casa,6,13,Alta,14,False,403.06,Moderado,302.3
2026-11-29,Perú,Lima,22.8,Local,20,17,Media,4,True,754.62,Ineficiente,565.96
2026-08-27,Colombia,Bogotá,13.5,Casa,5,10,Baja,1,True,262.74,Moderado,197.06
2026-01-19,Colombia,Barranquilla,28.5,Departamento,5,9,Baja,6,False,139.18,Eficiente,104.38
2026-07-05,Colombia,Barranquilla,28.3,Departamento,3,7,Alta,11,True,259.23,Moderado,194.42
2026-10-19,Colombia,Cali,23.0,Departamento,3,11,Media,10,False,207.33,Eficiente,155.5
2026-12-05,México,Guadalajara,19.6,Departamento,3,12,Media,9,True,258.85,Moderado,194.14
2026-12-21,México,Mérida,24.1,Departamento,2,7,Media,4,True,208.74,Eficiente,156.56
2026-01-02,Colombia,Bogotá,13.2,Departamento,2,9,Alta,9,False,239.55,Eficiente,179.66
2026-04-20,Colombia,Medellín,22.5,Local,3,18,Media,4,True,617.36,Ineficiente,463.02
2026-10-09,Perú,Piura,24.1,Casa,6,7,Baja,1,True,191.65,Eficiente,143.74
2026-08-26,Perú,Lima,18.6,Departamento,2,9,Alta,12,True,310.64,Moderado,232.98
2026-04-01,Colombia,Bucaramanga,22.5,Local,5,20,Baja,5,True,798.55,Ineficiente,598.91
2026-06-05,Colombia,Bogotá,12.4,Local,3,21,Baja,3,True,410.44,Moderado,307.83
2026-06-21,Perú,Piura,23.4,Local,8,32,Baja,2,True,1040.57,Ineficiente,780.43
2026-09-29,México,Guadalajara,23.4,Casa,5,10,Media,7,True,293.57,Moderado,220.18
2026-07-24,México,Tijuana,23.8,Casa,6,10,Media,6,False,248.8,Eficiente,186.6
2026-05-11,México,Tijuana,19.1,Casa,1,22,Baja,6,True,275.64,Moderado,206.73
2026-08-05,Colombia,Medellín,21.4,Casa,6,17,Alta,14,True,669.97,Ineficiente,502.48
2026-01-19,Colombia,Medellín,21.5,Casa,7,13,Alta,10,True,385.4,Moderado,289.05
2026-11-08,Perú,Puno,11.1,Casa,3,5,Media,6,True,240.82,Eficiente,180.62
2026-12-23,Perú,Cusco,13.1,Casa,1,13,Alta,11,True,378.57,Moderado,283.93
2026-06-09,Colombia,Bucaramanga,21.1,Local,8,31,Media,9,True,710.44,Ineficiente,532.83
2026-10-13,Perú,Cusco,13.2,Casa,5,11,Baja,1,True,284.62,Moderado,213.46
2026-06-11,Colombia,Cali,23.8,Casa,4,13,Baja,4,True,158.47,Eficiente,118.85
2026-05-14,México,Mérida,31.0,Local,10,24,Alta,11,True,2116.84,Ineficiente,1587.63
2026-05-30,Colombia,Medellín,21.6,Casa,6,20,Alta,10,True,625.87,Ineficiente,469.4
2026-06-04,Colombia,Barranquilla,28.5,Casa,7,18,Media,8,False,350.1,Moderado,262.58
2026-10-15,México,Guadalajara,22.9,Local,1,18,Media,8,True,766.74,Ineficiente,575.06
2026-01-17,Perú,Cusco,14.4,Casa,2,8,Media,10,True,318.94,Moderado,239.2
2026-12-03,México,Ciudad de México,13.8,Casa,6,5,Media,10,True,201.1,Eficiente,150.82
2026-01-11,México,Tijuana,13.7,Departamento,8,9,Media,7,False,162.35,Eficiente,121.76
2026-06-07,Colombia,Medellín,20.9,Casa,5,7,Media,8,False,325.12,Moderado,243.84
2026-08-25,Perú,Arequipa,14.6,Casa,1,15,Baja,1,True,196.67,Eficiente,147.5
2026-06-24,México,Mérida,31.5,Casa,5,10,Baja,6,True,293.73,Moderado,220.3
2026-02-17,Perú,Piura,29.9,Departamento,4,7,Alta,13,True,359.95,Moderado,269.96
2026-05-03,Colombia,Medellín,21.1,Departamento,3,6,Media,8,False,211.1,Eficiente,158.32
2026-08-02,Colombia,Barranquilla,28.8,Casa,6,16,Media,8,False,543.37,Ineficiente,407.53
2026-09-11,México,Monterrey,28.7,Casa,6,11,Alta,8,True,459.52,Ineficiente,344.64
2026-06-18,México,Monterrey,31.0,Departamento,4,14,Media,4,True,266.33,Moderado,199.75
2026-05-27,Colombia,Medellín,22.7,Casa,7,15,Baja,3,True,244.37,Eficiente,183.28
2026-07-27,México,Guadalajara,23.6,Local,8,28,Alta,14,True,997.69,Ineficiente,748.27
2026-03-12,Colombia,Cali,23.6,Departamento,2,10,Media,4,False,161.22,Eficiente,120.92
2026-08-19,Perú,Lima,17.6,Casa,4,8,Media,6,True,387.31,Moderado,290.48
2026-05-03,México,Mérida,30.2,Casa,5,9,Media,9,False,415.5,Moderado,311.62
2026-07-21,México,Mérida,30.8,Casa,4,11,Alta,15,True,371.29,Moderado,278.47
2026-05-14,Colombia,Bogotá,14.2,Casa,4,20,Alta,12,True,517.4,Ineficiente,388.05
2026-09-09,México,Tijuana,23.7,Casa,6,10,Alta,10,True,287.03,Moderado,215.27
2026-08-31,Colombia,Cali,23.9,Departamento,2,12,Baja,1,True,111.29,Eficiente,83.47
2026-01-15,Colombia,Cali,23.5,Casa,10,11,Baja,6,True,370.69,Moderado,278.02
2026-01-11,Colombia,Bogotá,13.5,Local,5,19,Baja,1,True,579.04,Ineficiente,434.28
2026-10-21,Perú,Cusco,12.4,Departamento,4,6,Media,4,False,129.54,Eficiente,97.16
2026-05-11,Perú,Arequipa,15.8,Casa,4,13,Media,4,True,290.86,Moderado,218.14
2026-09-17,Colombia,Barranquilla,29.0,Casa,2,7,Media,9,True,279.04,Moderado,209.28
2026-10-28,México,Guadalajara,23.2,Casa,5,14,Media,5,False,341.93,Moderado,256.45
2026-11-15,Colombia,Medellín,22.4,Casa,3,10,Baja,4,True,291.07,Moderado,218.3
2026-03-19,México,Mérida,27.0,Casa,3,16,Alta,10,True,297.74,Moderado,223.3
2026-03-10,Colombia,Cali,24.8,Departamento,3,8,Media,8,True,191.87,Eficiente,143.9
2026-10-28,Perú,Cusco,12.0,Casa,4,12,Alta,8,True,459.33,Ineficiente,344.5
2026-04-18,Colombia,Barranquilla,29.3,Casa,1,6,Alta,15,False,409.18,Moderado,306.88
2026-03-07,Perú,Piura,28.5,Local,15,18,Media,5,True,848.2,Ineficiente,636.15
2026-03-18,México,Ciudad de México,16.1,Departamento,4,7,Alta,8,True,308.87,Moderado,231.65
2026-05-02,México,Tijuana,19.3,Casa,5,18,Media,5,True,322.14,Moderado,241.6
2026-04-20,Perú,Puno,10.4,Casa,3,16,Media,10,False,432.25,Moderado,324.19
2026-08-03,México,Tijuana,24.3,Casa,6,11,Alta,13,True,394.94,Moderado,296.2
2026-04-16,Colombia,Bucaramanga,23.9,Casa,2,16,Alta,13,True,351.39,Moderado,263.54
2026-08-19,México,Tijuana,23.3,Departamento,4,6,Media,10,True,237.98,Eficiente,178.48
2026-10-23,Colombia,Bogotá,13.0,Casa,4,6,Baja,5,False,226.41,Eficiente,169.81
2026-09-16,México,Ciudad de México,18.3,Casa,3,15,Alta,13,True,426.13,Moderado,319.6
2026-12-26,México,Mérida,25.1,Local,3,14,Baja,5,True,603.31,Ineficiente,452.48
2026-05-25,Colombia,Bucaramanga,22.2,Local,3,23,Alta,11,True,1107.83,Ineficiente,830.87
2026-06-28,México,Mérida,30.4,Casa,1,9,Alta,9,True,385.48,Moderado,289.11
2026-08-27,México,Mérida,31.5,Local,5,21,Media,7,True,1014.03,Ineficiente,760.52
2026-05-13,Colombia,Bogotá,14.9,Departamento,4,9,Media,7,False,341.37,Moderado,256.03
2026-07-09,México,Monterrey,31.0,Departamento,3,4,Baja,4,False,215.14,Eficiente,161.35
2026-10-21,Colombia,Cali,23.5,Local,15,21,Alta,12,True,994.33,Ineficiente,745.75
2026-12-28,Perú,Cusco,13.1,Casa,3,15,Alta,10,True,302.39,Moderado,226.79
2026-02-21,Colombia,Barranquilla,28.9,Departamento,3,10,Baja,5,True,269.11,Moderado,201.83
2026-05-09,Colombia,Medellín,22.4,Casa,5,8,Media,6,True,322.27,Moderado,241.7
2026-10-04,Colombia,Barranquilla,28.6,Casa,7,14,Media,5,True,348.69,Moderado,261.52
2026-01-25,México,Ciudad de México,13.0,Casa,2,8,Alta,15,False,406.71,Moderado,305.03
2026-08-28,México,Mérida,30.2,Departamento,5,10,Media,10,True,320.0,Moderado,240.0
2026-11-17,Colombia,Medellín,22.4,Departamento,8,8,Alta,12,True,293.24,Moderado,219.93
2026-09-12,Perú,Puno,10.1,Departamento,5,6,Alta,10,True,303.73,Moderado,227.8
2026-09-30,Colombia,Cali,22.7,Departamento,5,12,Media,4,True,233.94,Eficiente,175.46
2026-11-24,Perú,Lima,23.7,Casa,4,12,Alta,13,False,484.94,Ineficiente,363.7
2026-03-13,México,Mérida,26.1,Departamento,3,13,Media,4,True,138.31,Eficiente,103.73
2026-02-08,Colombia,Medellín,22.8,Departamento,2,9,Media,5,False,147.27,Eficiente,110.45
2026-01-14,Perú,Puno,12.6,Departamento,2,8,Baja,5,False,216.88,Eficiente,162.66
2026-09-23,Colombia,Bogotá,13.7,Casa,4,15,Media,4,False,354.21,Moderado,265.66
2026-09-19,Perú,Puno,9.3,Local,5,25,Media,5,True,807.85,Ineficiente,605.89
2026-06-24,México,Tijuana,21.3,Departamento,2,9,Alta,11,False,344.99,Moderado,258.74
2026-09-25,México,Ciudad de México,18.2,Casa,3,8,Baja,3,True,159.57,Eficiente,119.68
2026-06-08,Perú,Puno,8.7,Departamento,4,7,Media,10,False,225.59,Eficiente,169.19
2026-06-16,Perú,Cusco,11.2,Casa,3,16,Alta,15,True,344.94,Moderado,258.7
2026-03-23,México,Mérida,26.6,Casa,7,8,Media,4,False,228.96,Eficiente,171.72
2026-01-03,México,Ciudad de México,13.3,Departamento,2,5,Media,9,True,167.67,Eficiente,125.75
2026-01-05,Colombia,Bucaramanga,23.1,Departamento,1,6,Media,5,False,200.64,Eficiente,150.48
2026-01-26,Colombia,Cali,24.5,Local,20,16,Alta,13,True,1027.18,Ineficiente,770.38
2026-06-27,Colombia,Medellín,20.5,Local,8,14,Media,10,True,789.93,Ineficiente,592.45
2026-07-07,México,Monterrey,31.6,Casa,2,17,Alta,13,False,343.06,Moderado,257.3
2026-10-20,Perú,Lima,21.7,Departamento,2,10,Alta,11,False,248.34,Eficiente,186.26
2026-09-07,México,Monterrey,29.1,Local,8,24,Media,10,True,934.57,Ineficiente,700.93
2026-04-03,México,Ciudad de México,18.7,Departamento,2,6,Baja,5,False,165.53,Eficiente,124.15
2026-12-13,Colombia,Bucaramanga,22.8,Casa,4,12,Alta,14,True,478.9,Ineficiente,359.17
2026-07-09,México,Monterrey,32.9,Casa,3,13,Media,6,True,317.38,Moderado,238.04
2026-01-06,México,Guadalajara,19.9,Local,15,23,Media,5,False,930.34,Ineficiente,697.76
2026-08-14,Perú,Piura,23.2,Departamento,3,3,Baja,4,True,107.16,Eficiente,80.37
2026-11-13,Perú,Puno,12.7,Casa,5,13,Media,4,True,315.08,Moderado,236.31
2026-07-06,Colombia,Cali,23.7,Casa,5,20,Alta,8,True,423.79,Moderado,317.84
2026-04-26,México,Tijuana,17.7,Casa,2,9,Media,7,False,268.73,Moderado,201.55
2026-11-21,México,Monterrey,19.6,Casa,5,15,Baja,5,True,252.68,Moderado,189.51
2026-09-01,México,Monterrey,28.9,Departamento,3,8,Media,6,False,353.1,Moderado,264.83
2026-05-30,Colombia,Bucaramanga,22.4,Departamento,2,5,Media,8,True,190.47,Eficiente,142.85
2026-10-19,México,Guadalajara,23.0,Departamento,2,6,Media,8,True,180.14,Eficiente,135.1
2026-06-24,Colombia,Bucaramanga,22.5,Casa,5,9,Media,7,True,330.26,Moderado,247.7
2026-09-14,México,Monterrey,28.7,Casa,7,13,Alta,15,True,861.27,Ineficiente,645.95
2026-05-07,Colombia,Bogotá,13.8,Casa,6,13,Baja,1,False,249.5,Eficiente,187.12
2026-06-29,Colombia,Cali,23.3,Casa,10,8,Baja,5,False,326.01,Moderado,244.51
2026-10-06,Perú,Piura,24.0,Departamento,1,7,Baja,2,False,121.34,Eficiente,91.0
2026-02-24,Colombia,Bogotá,14.5,Local,5,19,Alta,15,False,1362.54,Ineficiente,1021.9
2026-11-27,México,Ciudad de México,15.4,Local,5,16,Alta,13,False,920.92,Ineficiente,690.69
2026-03-17,México,Ciudad de México,15.8,Departamento,4,10,Media,8,True,136.29,Eficiente,102.22
2026-03-20,Colombia,Bogotá,14.7,Departamento,2,8,Baja,4,True,111.05,Eficiente,83.29
2026-11-03,Colombia,Cali,24.1,Casa,6,10,Media,6,True,345.22,Moderado,258.92
2026-06-13,Colombia,Cali,22.9,Casa,6,11,Media,9,True,267.79,Moderado,200.84
2026-04-25,Colombia,Bogotá,14.6,Casa,4,16,Baja,5,True,172.55,Eficiente,129.41
2026-12-09,Perú,Lima,25.5,Casa,5,8,Alta,9,True,261.9,Moderado,196.42
2026-07-27,México,Guadalajara,24.0,Casa,6,17,Media,10,False,252.05,Moderado,189.04
2026-12-15,México,Guadalajara,18.2,Casa,5,11,Alta,14,True,488.37,Ineficiente,366.28
2026-07-04,Colombia,Bucaramanga,21.6,Departamento,3,9,Alta,13,False,255.75,Moderado,191.81
2026-09-10,Perú,Lima,18.6,Casa,4,13,Media,10,True,384.56,Moderado,288.42
2026-02-03,Colombia,Bucaramanga,22.2,Casa,7,17,Baja,4,True,378.89,Moderado,284.17
2026-05-12,Perú,Puno,10.9,Departamento,2,9,Media,8,False,223.68,Eficiente,167.76
2026-12-06,Colombia,Bogotá,14.2,Local,10,20,Baja,4,True,759.25,Ineficiente,569.44
2026-06-22,México,Mérida,30.6,Casa,7,18,Alta,12,True,657.29,Ineficiente,492.97
2026-11-17,México,Guadalajara,21.3,Casa,4,13,Media,10,True,390.89,Moderado,293.17
2026-08-18,México,Tijuana,24.9,Casa,2,8,Media,5,True,277.41,Moderado,208.06
2026-05-09,Colombia,Bucaramanga,22.3,Departamento,1,7,Media,9,True,197.46,Eficiente,148.1
2026-10-19,México,Tijuana,21.7,Local,3,17,Alta,15,False,1308.65,Ineficiente,981.49
2026-06-27,México,Ciudad de México,18.8,Casa,2,19,Media,6,True,380.35,Moderado,285.26
2026-10-06,México,Guadalajara,22.9,Departamento,4,6,Alta,10,True,229.03,Eficiente,171.77
2026-12-30,Colombia,Bucaramanga,23.4,Departamento,2,6,Alta,15,False,378.26,Moderado,283.7
2026-12-31,México,Monterrey,16.8,Casa,6,13,Alta,9,True,385.91,Moderado,289.43
2026-01-19,México,Tijuana,14.0,Casa,1,13,Baja,1,True,202.05,Eficiente,151.54
2026-11-16,Colombia,Bucaramanga,23.4,Departamento,3,4,Baja,1,True,143.6,Eficiente,107.7
2026-06-03,México,Guadalajara,24.1,Departamento,2,10,Media,8,True,282.31,Moderado,211.73
2026-05-30,México,Mérida,29.4,Departamento,3,8,Alta,8,True,288.47,Moderado,216.35
2026-03-22,Colombia,Medellín,21.2,Departamento,2,5,Media,10,True,175.57,Eficiente,131.68
2026-08-11,Colombia,Bucaramanga,22.2,Casa,4,15,Alta,11,True,419.1,Moderado,314.33
2026-07-18,Colombia,Bucaramanga,22.7,Departamento,3,9,Media,5,True,168.9,Eficiente,126.68
2026-02-11,México,Guadalajara,19.8,Departamento,1,10,Media,5,True,135.95,Eficiente,101.96
2026-11-15,México,Guadalajara,20.7,Departamento,2,6,Baja,4,True,119.96,Eficiente,89.97
2026-07-29,México,Monterrey,32.9,Departamento,5,12,Baja,2,False,166.39,Eficiente,124.79
2026-07-11,México,Mérida,30.0,Local,2,27,Baja,3,True,919.93,Ineficiente,689.95
2026-05-19,Perú,Lima,21.3,Casa,6,9,Media,8,True,314.5,Moderado,235.88
2026-07-21,Colombia,Bogotá,12.4,Local,5,27,Baja,5,True,493.13,Ineficiente,369.85
2026-12-25,México,Monterrey,15.2,Departamento,2,7,Media,6,True,162.54,Eficiente,121.9
2026-10-04,Perú,Cusco,13.5,Casa,6,12,Alta,10,False,378.61,Moderado,283.96
2026-05-20,Perú,Arequipa,15.0,Casa,7,7,Media,9,True,427.29,Moderado,320.47
2026-06-25,Perú,Arequipa,13.7,Casa,3,15,Media,10,True,386.99,Moderado,290.24
2026-01-12,Perú,Piura,28.2,Casa,2,12,Media,6,True,472.76,Ineficiente,354.57
2026-02-05,Colombia,Bucaramanga,22.5,Departamento,2,6,Media,9,True,273.6,Moderado,205.2
2026-05-07,Colombia,Bucaramanga,23.4,Casa,3,8,Baja,4,False,179.07,Eficiente,134.3
2026-12-07,Perú,Arequipa,17.6,Local,2,20,Media,9,True,741.63,Ineficiente,556.22
2026-12-06,Perú,Arequipa,16.5,Casa,6,8,Baja,3,False,232.37,Eficiente,174.28
2026-04-26,México,Guadalajara,24.0,Casa,3,8,Baja,5,True,177.71,Eficiente,133.28
2026-07-12,México,Guadalajara,23.4,Casa,5,9,Media,4,True,270.39,Moderado,202.79
2026-09-30,México,Monterrey,28.4,Departamento,3,5,Baja,5,True,90.82,Eficiente,68.11
2026-05-09,Colombia,Bogotá,14.8,Casa,5,15,Alta,14,True,495.78,Ineficiente,371.84
2026-10-16,Perú,Puno,11.3,Departamento,8,6,Media,6,True,256.45,Moderado,192.34
2026-12-21,México,Monterrey,16.4,Local,8,10,Baja,6,False,652.9,Ineficiente,489.67
2026-09-10,México,Tijuana,22.9,Casa,8,8,Media,6,True,260.37,Moderado,195.28
2026-02-17,Perú,Cusco,14.1,Departamento,1,10,Baja,2,False,151.23,Eficiente,113.42
2026-10-17,México,Ciudad de México,17.3,Casa,5,8,Baja,1,True,162.54,Eficiente,121.9
2026-07-08,Perú,Lima,18.2,Local,8,14,Media,7,True,389.17,Moderado,291.88
2026-03-08,México,Guadalajara,22.7,Departamento,4,7,Media,6,True,241.85,Eficiente,181.39
2026-03-26,Perú,Lima,26.6,Casa,3,13,Media,6,True,328.92,Moderado,246.69
2026-06-12,México,Guadalajara,24.6,Casa,5,10,Baja,6,True,236.44,Eficiente,177.33
2026-01-15,Colombia,Medellín,21.5,Casa,2,17,Baja,3,False,292.98,Moderado,219.74
2026-07-11,México,Monterrey,32.9,Departamento,1,12,Alta,13,False,288.9,Moderado,216.68
2026-10-11,Colombia,Bucaramanga,22.2,Casa,6,6,Media,10,False,273.11,Moderado,204.83
2026-03-26,México,Mérida,27.6,Casa,5,13,Baja,1,True,177.33,Eficiente,133.0
2026-12-07,México,Tijuana,15.7,Casa,4,11,Baja,2,False,206.53,Eficiente,154.9
2026-10-14,México,Guadalajara,22.3,Departamento,3,9,Alta,11,True,271.78,Moderado,203.83
2026-06-26,México,Mérida,31.0,Departamento,3,8,Alta,11,True,286.24,Moderado,214.68
2026-06-09,Perú,Puno,7.8,Casa,5,9,Baja,1,True,136.3,Eficiente,102.22
2026-07-13,México,Monterrey,32.7,Departamento,2,9,Media,8,True,243.72,Eficiente,182.79
2026-07-03,México,Tijuana,23.3,Local,8,26,Alta,10,True,766.07,Ineficiente,574.55
2026-02-11,México,Monterrey,18.2,Departamento,6,5,Media,4,True,149.83,Eficiente,112.37
2026-10-28,Colombia,Barranquilla,28.0,Casa,7,13,Baja,5,True,219.49,Eficiente,164.62
2026-12-17,Colombia,Bucaramanga,22.6,Casa,5,16,Baja,4,True,391.21,Moderado,293.41
2026-05-03,Perú,Arequipa,15.1,Casa,1,12,Media,5,False,282.4,Moderado,211.8
2026-05-24,Colombia,Medellín,22.6,Casa,2,19,Alta,15,True,668.11,Ineficiente,501.08
2026-12-04,Perú,Cusco,14.4,Casa,4,8,Media,7,True,216.25,Eficiente,162.19
2026-10-12,Colombia,Bucaramanga,22.5,Departamento,1,10,Media,9,True,228.18,Eficiente,171.14
2026-03-21,México,Ciudad de México,15.4,Departamento,1,7,Alta,14,False,400.05,Moderado,300.04
2026-05-27,Colombia,Cali,24.9,Local,3,15,Baja,5,True,474.31,Ineficiente,355.73
2026-08-15,México,Ciudad de México,17.0,Casa,5,17,Media,7,True,373.28,Moderado,279.96
2026-08-04,México,Tijuana,24.7,Local,10,17,Baja,6,True,888.4,Ineficiente,666.3
2026-07-31,México,Monterrey,31.6,Departamento,3,7,Media,9,False,195.76,Eficiente,146.82
2026-04-27,Colombia,Bucaramanga,22.4,Casa,2,10,Baja,6,False,203.91,Eficiente,152.93
2026-03-21,México,Monterrey,22.4,Casa,3,19,Baja,3,True,272.4,Moderado,204.3
2026-08-26,México,Tijuana,24.4,Casa,8,9,Media,5,False,333.08,Moderado,249.81
2026-11-19,Perú,Cusco,13.1,Local,5,18,Alta,9,False,721.59,Ineficiente,541.19
2026-02-19,México,Ciudad de México,14.3,Departamento,4,6,Media,7,False,295.96,Moderado,221.97
2026-04-22,México,Monterrey,25.4,Departamento,3,12,Media,9,False,305.29,Moderado,228.97
2026-11-13,Perú,Arequipa,16.7,Casa,5,11,Media,9,True,292.26,Moderado,219.2
2026-01-03,México,Monterrey,15.6,Casa,5,12,Alta,9,True,391.89,Moderado,293.92
2026-11-25,Colombia,Medellín,21.2,Departamento,3,10,Media,9,True,153.1,Eficiente,114.82
2026-11-28,México,Monterrey,20.9,Departamento,2,6,Baja,6,False,199.51,Eficiente,149.63
2026-08-18,Colombia,Cali,23.6,Local,15,28,Media,4,True,859.87,Ineficiente,644.9
2026-10-04,Perú,Lima,20.1,Local,8,23,Baja,5,True,937.98,Ineficiente,703.48
2026-01-11,México,Guadalajara,19.4,Local,15,13,Baja,1,True,476.02,Ineficiente,357.02
2026-06-24,Perú,Puno,8.2,Local,8,17,Alta,8,False,666.16,Ineficiente,499.62
2026-10-03,Perú,Cusco,12.6,Departamento,2,6,Media,9,False,311.55,Moderado,233.66
2026-08-30,Perú,Cusco,11.2,Casa,3,8,Alta,9,False,249.45,Eficiente,187.09
2026-01-04,Colombia,Cali,23.9,Casa,2,13,Media,6,True,309.91,Moderado,232.43
2026-05-21,Perú,Puno,10.0,Casa,5,17,Alta,12,True,340.79,Moderado,255.59
2026-06-14,Perú,Piura,24.3,Departamento,1,7,Media,10,True,149.22,Eficiente,111.92
2026-09-24,Colombia,Medellín,20.1,Departamento,1,11,Media,9,False,203.92,Eficiente,152.94
2026-08-06,Colombia,Barranquilla,28.8,Local,3,28,Baja,5,True,384.47,Moderado,288.35
2026-07-31,México,Guadalajara,23.5,Departamento,3,13,Media,5,True,166.72,Eficiente,125.04
2026-03-23,México,Mérida,26.9,Casa,3,12,Baja,2,False,132.3,Eficiente,99.22
2026-12-11,México,Tijuana,14.9,Casa,3,10,Alta,8,True,441.92,Moderado,331.44
2026-09-06,México,Guadalajara,24.4,Departamento,1,9,Media,10,True,158.83,Eficiente,119.12
2026-04-09,México,Tijuana,16.2,Departamento,3,7,Media,6,True,172.11,Eficiente,129.08
2026-11-25,Perú,Arequipa,16.7,Casa,6,10,Baja,5,True,263.13,Moderado,197.35
2026-10-04,México,Tijuana,21.8,Casa,7,18,Alta,11,False,769.31,Ineficiente,576.98
2026-04-25,México,Monterrey,25.0,Casa,10,4,Media,4,True,199.82,Eficiente,149.86
2026-11-13,México,Guadalajara,21.7,Casa,4,15,Media,4,True,342.59,Moderado,256.94
2026-01-16,Colombia,Barranquilla,27.6,Departamento,5,7,Media,5,True,227.16,Eficiente,170.37
2026-07-07,Perú,Cusco,9.7,Departamento,4,6,Media,10,True,164.04,Eficiente,123.03
2026-07-12,Colombia,Medellín,21.7,Departamento,2,7,Media,9,False,200.85,Eficiente,150.64
2026-12-26,Colombia,Bogotá,13.3,Departamento,3,13,Baja,3,False,165.43,Eficiente,124.07
2026-12-23,Colombia,Barranquilla,27.9,Departamento,2,11,Baja,2,False,203.51,Eficiente,152.63
2026-08-31,Colombia,Barranquilla,29.6,Local,5,24,Media,7,True,706.71,Ineficiente,530.03
2026-10-09,Colombia,Cali,23.2,Departamento,3,8,Baja,5,False,134.7,Eficiente,101.02
2026-10-21,México,Monterrey,25.5,Local,8,13,Media,9,True,822.39,Ineficiente,616.79
2026-11-09,Colombia,Barranquilla,28.8,Departamento,4,6,Media,6,True,314.4,Moderado,235.8
2026-04-04,Colombia,Barranquilla,29.4,Casa,7,9,Alta,14,True,541.26,Ineficiente,405.94
2026-01-26,México,Monterrey,15.0,Casa,4,17,Media,4,True,263.74,Moderado,197.8
2026-02-02,México,Monterrey,18.5,Casa,2,16,Media,5,True,318.58,Moderado,238.94
2026-01-12,Colombia,Medellín,23.0,Departamento,1,6,Media,10,False,103.23,Eficiente,77.42
2026-07-16,México,Tijuana,23.7,Casa,2,20,Baja,5,True,265.08,Moderado,198.81
2026-02-05,México,Guadalajara,19.6,Casa,3,17,Alta,12,False,457.51,Ineficiente,343.13
2026-02-10,México,Guadalajara,19.2,Local,15,17,Alta,13,True,713.49,Ineficiente,535.12
2026-08-20,México,Mérida,31.4,Casa,5,19,Media,6,True,541.94,Ineficiente,406.46
2026-10-02,Perú,Arequipa,16.2,Casa,6,10,Media,6,True,291.18,Moderado,218.38
2026-05-11,Perú,Arequipa,14.4,Casa,5,23,Baja,3,True,252.69,Moderado,189.52
2026-08-03,Colombia,Cali,22.8,Casa,5,13,Media,10,True,387.28,Moderado,290.46
2026-03-19,México,Monterrey,21.6,Departamento,1,12,Baja,3,True,100.2,Eficiente,75.15
2026-07-09,Perú,Puno,8.0,Casa,7,17,Media,5,True,429.35,Moderado,322.01
2026-06-07,Perú,Arequipa,13.2,Casa,2,17,Alta,11,False,450.57,Ineficiente,337.93
2026-11-01,México,Ciudad de México,15.6,Casa,6,13,Media,10,True,337.63,Moderado,253.22
2026-12-25,Colombia,Barranquilla,28.5,Casa,6,11,Media,5,False,324.22,Moderado,243.17
2026-03-02,México,Mérida,26.1,Casa,5,7,Media,7,True,304.64,Moderado,228.48
2026-07-20,Perú,Piura,22.1,Casa,7,9,Alta,8,True,309.04,Moderado,231.78
2026-06-17,Colombia,Bogotá,13.9,Casa,3,16,Media,6,True,390.74,Moderado,293.06
2026-09-11,Colombia,Medellín,21.3,Departamento,5,7,Alta,11,True,430.79,Moderado,323.09
2026-11-26,Perú,Lima,22.5,Casa,4,13,Media,4,True,331.01,Moderado,248.26
2026-03-08,Colombia,Medellín,22.4,Departamento,6,4,Baja,2,True,158.15,Eficiente,118.61
2026-12-23,Perú,Arequipa,17.8,Casa,6,19,Baja,5,True,206.67,Eficiente,155.0
2026-03-22,Perú,Puno,12.6,Casa,3,20,Media,5,True,469.9,Ineficiente,352.42
2026-06-19,Perú,Arequipa,13.2,Casa,5,8,Media,8,True,276.94,Moderado,207.7
2026-09-01,México,Guadalajara,24.9,Departamento,1,13,Media,6,True,152.44,Eficiente,114.33
2026-01-27,México,Monterrey,14.7,Departamento,1,5,Baja,5,False,103.63,Eficiente,77.72
2026-04-05,Colombia,Bucaramanga,22.1,Casa,3,8,Media,5,True,205.67,Eficiente,154.25
2026-11-05,México,Mérida,26.3,Departamento,3,5,Media,10,False,233.7,Eficiente,175.27
2026-04-22,Perú,Piura,28.1,Departamento,3,5,Baja,5,False,235.62,Eficiente,176.72
2026-05-13,Perú,Puno,9.2,Casa,3,18,Baja,2,True,264.55,Moderado,198.41
2026-05-09,Perú,Puno,11.0,Casa,2,18,Baja,3,True,285.34,Moderado,214.0
2026-01-04,Colombia,Medellín,21.2,Local,8,19,Alta,12,True,952.28,Ineficiente,714.21
2026-03-17,México,Ciudad de México,15.6,Departamento,2,8,Media,4,True,141.1,Eficiente,105.82
2026-06-12,México,Mérida,30.8,Casa,5,18,Alta,10,True,569.78,Ineficiente,427.34
2026-02-27,México,Mérida,24.4,Departamento,5,11,Baja,2,False,103.77,Eficiente,77.83
2026-12-14,Perú,Arequipa,17.4,Local,1,24,Media,5,True,377.33,Moderado,283.0
2026-08-02,México,Mérida,30.6,Casa,3,9,Alta,8,False,550.84,Ineficiente,413.13
2026-08-26,México,Mérida,31.7,Casa,3,20,Alta,14,True,381.75,Moderado,286.31
2026-11-03,Perú,Lima,23.4,Departamento,1,10,Media,6,True,193.61,Eficiente,145.21
2026-12-08,Perú,Piura,27.6,Casa,2,11,Media,10,True,222.17,Eficiente,166.63
2026-11-02,Colombia,Medellín,21.9,Local,2,22,Media,6,True,441.39,Moderado,331.04
2026-12-09,Perú,Arequipa,17.7,Casa,3,13,Media,4,True,196.46,Eficiente,147.34
2026-03-06,Colombia,Medellín,22.1,Casa,5,13,Media,7,True,265.51,Moderado,199.13
2026-08-18,México,Mérida,30.3,Casa,5,11,Baja,2,False,180.51,Eficiente,135.38
2026-06-08,México,Mérida,30.2,Casa,2,14,Baja,6,True,346.82,Moderado,260.12
2026-06-14,Perú,Lima,21.0,Casa,5,10,Media,4,True,262.0,Moderado,196.5
2026-05-04,Colombia,Bucaramanga,23.2,Local,2,30,Media,9,False,1062.68,Ineficiente,797.01
2026-05-20,Colombia,Barranquilla,29.4,Casa,3,10,Alta,8,True,501.49,Ineficiente,376.12
2026-05-28,México,Tijuana,18.9,Casa,3,10,Baja,5,False,207.21,Eficiente,155.41
2026-03-05,Perú,Piura,28.6,Departamento,3,8,Media,8,False,203.99,Eficiente,152.99
2026-09-09,México,Mérida,30.4,Departamento,6,7,Baja,4,True,269.0,Moderado,201.75
2026-07-18,Colombia,Bogotá,13.1,Casa,6,5,Media,8,False,369.6,Moderado,277.2
2026-11-14,Colombia,Barranquilla,28.8,Casa,3,12,Media,8,True,451.7,Ineficiente,338.78
2026-11-18,México,Mérida,27.5,Departamento,2,11,Alta,9,True,376.58,Moderado,282.44
2026-07-05,México,Ciudad de México,17.2,Casa,6,15,Baja,3,False,309.0,Moderado,231.75
2026-12-01,México,Mérida,24.6,Departamento,2,6,Media,10,False,151.55,Eficiente,113.66
2026-01-24,México,Mérida,23.1,Casa,2,18,Alta,12,True,417.71,Moderado,313.28
2026-11-25,Perú,Lima,23.6,Departamento,2,9,Media,6,False,276.14,Moderado,207.1
2026-07-17,Perú,Piura,22.1,Casa,1,9,Alta,8,False,248.46,Eficiente,186.34
2026-08-30,México,Ciudad de México,18.0,Local,3,13,Media,9,True,463.04,Ineficiente,347.28
2026-04-20,Colombia,Medellín,21.6,Casa,2,7,Alta,9,True,280.06,Moderado,210.04
2026-07-14,México,Guadalajara,23.3,Departamento,4,8,Baja,1,True,191.0,Eficiente,143.25
2026-03-19,México,Monterrey,21.0,Local,10,30,Alta,9,True,938.16,Ineficiente,703.62
2026-04-03,México,Mérida,29.9,Departamento,4,6,Media,10,False,274.07,Moderado,205.55
2026-12-11,Perú,Arequipa,16.6,Casa,4,13,Baja,2,False,286.54,Moderado,214.91
2026-11-10,México,Ciudad de México,15.0,Casa,5,9,Alta,14,True,533.42,Ineficiente,400.06
2026-01-22,Colombia,Medellín,21.9,Casa,4,13,Media,4,True,280.97,Moderado,210.73
2026-04-30,Perú,Arequipa,15.3,Casa,4,17,Alta,12,False,655.16,Ineficiente,491.37
2026-10-05,México,Ciudad de México,16.5,Casa,4,6,Media,7,False,328.45,Moderado,246.34
2026-03-05,Perú,Arequipa,17.4,Local,10,13,Alta,12,True,799.23,Ineficiente,599.42
2026-03-17,México,Guadalajara,21.3,Casa,2,9,Media,4,True,213.27,Eficiente,159.95
2026-06-23,Perú,Lima,20.9,Casa,3,8,Media,6,True,294.64,Moderado,220.98
2026-08-11,México,Guadalajara,23.7,Casa,4,19,Media,5,False,315.46,Moderado,236.59
2026-12-25,Perú,Piura,27.9,Casa,5,12,Media,4,False,211.93,Eficiente,158.95
2026-02-14,Colombia,Bogotá,14.9,Departamento,3,13,Media,9,True,265.63,Moderado,199.22
2026-01-27,México,Tijuana,14.6,Casa,2,16,Media,10,True,383.32,Moderado,287.49
2026-06-02,Perú,Piura,23.2,Casa,4,10,Alta,13,False,291.53,Moderado,218.65
2026-12-13,México,Monterrey,15.1,Departamento,1,8,Media,4,True,104.47,Eficiente,78.35
2026-12-10,México,Guadalajara,19.3,Casa,4,15,Media,7,True,266.81,Moderado,200.11
2026-08-28,Colombia,Barranquilla,28.4,Local,20,16,Baja,1,True,797.71,Ineficiente,598.28
2026-07-30,Colombia,Medellín,20.3,Casa,2,14,Media,7,False,251.81,Moderado,188.86
2026-05-25,México,Guadalajara,26.8,Local,5,35,Baja,5,True,615.19,Ineficiente,461.39
2026-08-31,México,Tijuana,23.6,Local,8,16,Alta,11,True,985.52,Ineficiente,739.14
2026-08-05,México,Guadalajara,24.8,Departamento,1,7,Alta,10,True,232.59,Eficiente,174.44
2026-05-04,México,Ciudad de México,18.5,Departamento,3,10,Media,8,True,325.32,Moderado,243.99
2026-10-03,Colombia,Barranquilla,28.9,Casa,4,13,Media,8,True,304.62,Moderado,228.46
2026-12-12,México,Guadalajara,19.4,Casa,2,21,Media,5,False,430.8,Moderado,323.1
2026-11-04,Colombia,Bogotá,14.1,Local,2,13,Media,7,True,741.14,Ineficiente,555.86
2026-12-04,México,Guadalajara,19.8,Casa,4,7,Media,8,True,308.26,Moderado,231.2
2026-10-03,México,Tijuana,21.4,Casa,8,20,Media,10,True,351.83,Moderado,263.87
2026-08-21,México,Tijuana,23.5,Casa,8,12,Baja,5,True,192.44,Eficiente,144.33
2026-06-10,Perú,Piura,24.5,Casa,3,16,Media,6,True,457.87,Ineficiente,343.4
2026-11-19,Perú,Piura,26.7,Casa,4,14,Media,10,True,239.19,Eficiente,179.39
2026-05-23,México,Monterrey,28.5,Casa,7,15,Baja,1,False,253.76,Moderado,190.32
2026-12-23,Perú,Lima,25.1,Casa,6,14,Media,4,True,229.2,Eficiente,171.9
2026-07-26,Colombia,Barranquilla,29.7,Casa,6,20,Media,7,True,712.15,Ineficiente,534.11
2026-06-12,Colombia,Cali,22.0,Casa,5,21,Baja,5,True,435.77,Moderado,326.83
2026-09-21,México,Monterrey,29.7,Casa,8,15,Baja,4,True,246.05,Eficiente,184.54
2026-06-02,México,Tijuana,20.0,Departamento,1,8,Media,10,False,167.35,Eficiente,125.51
2026-09-26,México,Ciudad de México,18.7,Local,2,15,Media,9,True,433.09,Moderado,324.82
2026-05-17,Colombia,Barranquilla,28.4,Departamento,2,11,Alta,10,True,321.26,Moderado,240.94
2026-07-15,Colombia,Bogotá,13.0,Casa,1,7,Alta,8,False,360.18,Moderado,270.14
2026-02-17,Colombia,Medellín,21.8,Departamento,2,10,Baja,1,False,149.15,Eficiente,111.86
2026-01-07,Perú,Lima,26.4,Departamento,3,10,Alta,15,True,244.69,Eficiente,183.52
2026-12-12,Colombia,Barranquilla,28.3,Local,8,16,Alta,12,True,1647.19,Ineficiente,1235.39
2026-12-26,México,Tijuana,15.4,Casa,7,12,Baja,2,True,266.11,Moderado,199.58
2026-05-01,México,Mérida,30.5,Casa,8,14,Media,6,True,504.83,Ineficiente,378.62
2026-12-31,Colombia,Barranquilla,27.1,Casa,8,15,Media,9,True,506.9,Ineficiente,380.17
2026-07-22,México,Tijuana,23.0,Departamento,5,7,Alta,12,True,336.6,Moderado,252.45
2026-06-17,México,Monterrey,31.1,Departamento,3,6,Alta,14,True,347.66,Moderado,260.74
2026-04-20,Colombia,Medellín,22.4,Casa,7,14,Baja,6,False,267.97,Moderado,200.98
2026-01-02,Perú,Arequipa,17.4,Departamento,4,8,Alta,15,True,291.41,Moderado,218.56
2026-10-28,México,Ciudad de México,16.8,Departamento,2,13,Alta,15,True,339.12,Moderado,254.34
2026-08-03,Perú,Cusco,10.2,Departamento,6,7,Alta,9,True,261.34,Moderado,196.0
2026-07-09,Colombia,Bogotá,13.2,Departamento,3,12,Media,5,False,194.42,Eficiente,145.82
2026-05-28,México,Ciudad de México,18.5,Departamento,2,4,Baja,1,False,120.25,Eficiente,90.19
2026-09-01,Colombia,Barranquilla,29.7,Departamento,1,10,Media,5,False,292.59,Moderado,219.44
2026-06-16,Perú,Piura,23.2,Casa,4,9,Media,9,True,298.22,Moderado,223.67
2026-07-25,Perú,Lima,17.5,Casa,4,14,Baja,4,False,342.78,Moderado,257.08
2026-07-04,Perú,Piura,23.0,Departamento,3,7,Media,4,True,232.7,Eficiente,174.52
2026-05-06,México,Tijuana,18.5,Casa,2,17,Media,4,True,353.66,Moderado,265.24
2026-12-04,Colombia,Bogotá,13.6,Casa,10,11,Media,9,True,368.93,Moderado,276.7
2026-10-03,México,Tijuana,21.1,Casa,1,15,Media,10,True,312.06,Moderado,234.04
2026-08-24,México,Guadalajara,24.6,Local,5,16,Media,9,True,578.05,Ineficiente,433.54
2026-02-13,México,Monterrey,17.1,Casa,4,10,Baja,4,True,182.22,Eficiente,136.66
2026-02-15,México,Mérida,25.2,Casa,6,9,Media,6,True,310.19,Moderado,232.64
2026-01-02,Perú,Lima,26.6,Casa,8,5,Alta,11,True,526.94,Ineficiente,395.21
2026-03-12,México,Tijuana,15.4,Casa,5,15,Baja,4,True,276.85,Moderado,207.64
2026-08-06,México,Mérida,30.4,Departamento,1,6,Baja,2,True,127.52,Eficiente,95.64
2026-08-06,Colombia,Cali,22.4,Casa,6,9,Media,8,True,347.72,Moderado,260.79
2026-08-14,Perú,Lima,18.1,Local,3,26,Media,10,True,738.86,Ineficiente,554.14
2026-09-15,Perú,Lima,19.5,Local,10,11,Baja,2,True,498.29,Ineficiente,373.72
2026-03-28,México,Mérida,27.2,Casa,8,11,Baja,5,True,260.37,Moderado,195.28
2026-09-20,Perú,Cusco,11.5,Departamento,1,13,Media,10,False,227.2,Eficiente,170.4
2026-12-12,México,Monterrey,16.5,Local,10,13,Alta,8,True,1096.71,Ineficiente,822.53
2026-03-07,Perú,Cusco,14.2,Casa,5,17,Alta,14,True,493.41,Ineficiente,370.06
2026-03-26,México,Guadalajara,21.8,Departamento,2,11,Baja,5,True,137.71,Eficiente,103.28
2026-04-29,Perú,Lima,24.7,Casa,8,5,Alta,10,False,318.99,Moderado,239.24
2026-11-10,México,Monterrey,20.9,Casa,3,17,Alta,10,True,382.15,Moderado,286.61
2026-07-12,Colombia,Medellín,21.6,Casa,6,7,Media,10,True,438.57,Moderado,328.93
2026-04-28,México,Mérida,28.8,Casa,4,11,Media,5,True,290.65,Moderado,217.99
2026-10-21,Perú,Cusco,13.1,Casa,3,12,Media,5,True,242.26,Eficiente,181.7
2026-03-11,Colombia,Barranquilla,29.8,Local,2,14,Media,6,True,477.33,Ineficiente,358.0
2026-03-05,México,Guadalajara,22.3,Departamento,2,11,Alta,9,True,233.25,Eficiente,174.94
2026-09-15,Colombia,Bucaramanga,22.6,Departamento,3,9,Media,9,True,134.86,Eficiente,101.15
2026-09-28,México,Monterrey,29.3,Casa,5,9,Baja,6,True,204.1,Eficiente,153.07
2026-07-19,Colombia,Bogotá,12.8,Casa,3,15,Media,7,True,314.7,Moderado,236.02
2026-06-04,Perú,Lima,20.1,Departamento,2,8,Alta,14,True,207.68,Eficiente,155.76
2026-11-05,Perú,Cusco,13.4,Departamento,2,8,Media,6,False,213.07,Eficiente,159.8
2026-08-30,Colombia,Barranquilla,29.9,Departamento,8,6,Alta,10,False,275.18,Moderado,206.38
2026-03-10,Colombia,Bucaramanga,22.5,Casa,5,7,Alta,15,True,404.15,Moderado,303.11
2026-07-25,Colombia,Medellín,20.2,Departamento,1,6,Alta,11,True,275.38,Moderado,206.54
2026-10-22,Perú,Piura,24.1,Local,10,14,Baja,5,True,945.62,Ineficiente,709.22
2026-10-25,México,Ciudad de México,16.9,Casa,7,17,Baja,6,True,278.73,Moderado,209.05
2026-08-30,México,Mérida,31.0,Casa,5,8,Media,6,True,168.9,Eficiente,126.68
2026-07-26,Colombia,Bogotá,12.6,Local,3,22,Baja,2,True,448.7,Moderado,336.52
2026-08-06,Perú,Lima,18.7,Departamento,4,10,Baja,5,True,242.7,Eficiente,182.02
2026-11-29,Colombia,Barranquilla,28.7,Departamento,1,6,Baja,2,True,183.11,Eficiente,137.33
2026-11-25,México,Tijuana,17.2,Casa,6,15,Media,6,True,352.57,Moderado,264.43
2026-10-26,Perú,Puno,10.9,Departamento,2,9,Baja,2,True,186.36,Eficiente,139.77
2026-05-27,México,Ciudad de México,19.1,Casa,5,15,Alta,12,True,614.95,Ineficiente,461.21
2026-06-01,México,Monterrey,31.3,Casa,4,15,Alta,8,True,491.32,Ineficiente,368.49
2026-11-05,México,Guadalajara,20.3,Casa,7,9,Media,7,True,488.41,Ineficiente,366.31
2026-04-14,México,Tijuana,17.4,Departamento,2,9,Baja,3,False,112.22,Eficiente,84.16
2026-01-16,Perú,Lima,26.3,Departamento,2,4,Alta,10,True,235.21,Eficiente,176.41
2026-10-24,Perú,Lima,21.6,Casa,7,10,Alta,14,True,396.5,Moderado,297.38
2026-09-23,Colombia,Bucaramanga,21.4,Casa,2,14,Alta,10,True,197.55,Eficiente,148.16
2026-08-02,México,Tijuana,24.3,Departamento,3,11,Media,4,False,252.1,Moderado,189.08
2026-05-25,Perú,Puno,9.3,Casa,6,22,Alta,15,True,790.9,Ineficiente,593.17
2026-07-02,Colombia,Medellín,20.5,Casa,5,14,Alta,8,True,278.32,Moderado,208.74
2026-12-02,México,Monterrey,16.0,Casa,5,10,Alta,12,True,412.92,Moderado,309.69
2026-01-09,Perú,Cusco,13.6,Departamento,2,10,Baja,4,False,123.42,Eficiente,92.56
2026-08-07,México,Tijuana,23.6,Departamento,2,12,Media,6,True,264.89,Moderado,198.67
2026-09-17,México,Monterrey,29.2,Departamento,3,11,Alta,12,False,326.86,Moderado,245.14
2026-12-29,Perú,Puno,11.4,Departamento,3,6,Baja,6,False,181.01,Eficiente,135.76
2026-12-17,Perú,Cusco,14.5,Departamento,2,4,Media,10,True,213.03,Eficiente,159.77
2026-01-22,México,Tijuana,14.8,Local,2,14,Baja,2,True,440.12,Moderado,330.09
2026-08-13,México,Ciudad de México,18.1,Departamento,1,8,Alta,10,False,253.78,Moderado,190.34
2026-10-30,Colombia,Barranquilla,28.7,Casa,4,17,Media,7,True,380.58,Moderado,285.44
2026-05-22,México,Monterrey,28.6,Casa,2,9,Media,10,True,373.25,Moderado,279.94
2026-03-24,Perú,Lima,27.9,Departamento,3,10,Media,7,True,237.41,Eficiente,178.06
2026-03-18,Colombia,Bucaramanga,22.3,Casa,5,15,Baja,2,False,282.84,Moderado,212.13
2026-07-20,México,Mérida,31.4,Casa,8,16,Media,6,True,398.48,Moderado,298.86
2026-03-10,México,Tijuana,16.8,Casa,2,23,Media,7,True,550.39,Ineficiente,412.79
2026-07-13,México,Monterrey,31.8,Casa,6,5,Alta,10,True,511.9,Ineficiente,383.92
2026-08-05,Colombia,Medellín,21.7,Casa,5,9,Alta,15,True,573.24,Ineficiente,429.93
2026-02-07,México,Ciudad de México,13.2,Departamento,4,5,Baja,4,True,197.2,Eficiente,147.9
2026-10-06,Colombia,Medellín,21.0,Casa,2,16,Baja,4,True,290.08,Moderado,217.56
2026-07-02,Colombia,Medellín,20.7,Casa,2,12,Media,6,True,335.69,Moderado,251.77
2026-07-28,Colombia,Barranquilla,30.0,Casa,2,14,Alta,14,False,618.88,Ineficiente,464.16
2026-08-24,Colombia,Barranquilla,29.1,Casa,1,18,Media,8,False,352.1,Moderado,264.08
2026-06-19,Perú,Cusco,10.5,Departamento,4,6,Media,7,False,211.18,Eficiente,158.38
2026-03-05,Colombia,Cali,23.6,Casa,5,6,Baja,1,True,225.73,Eficiente,169.3
2026-05-06,México,Ciudad de México,18.1,Casa,2,10,Media,5,True,271.5,Moderado,203.62
2026-10-20,México,Monterrey,26.0,Departamento,2,9,Media,10,False,207.59,Eficiente,155.69
2026-01-06,Colombia,Bogotá,13.8,Departamento,5,5,Alta,9,False,175.62,Eficiente,131.72
2026-08-27,Colombia,Cali,22.1,Casa,2,12,Media,10,False,240.42,Eficiente,180.32
2026-02-27,México,Ciudad de México,14.3,Casa,6,12,Media,8,True,477.3,Ineficiente,357.98
2026-12-09,Colombia,Cali,23.6,Casa,5,18,Media,9,False,302.41,Moderado,226.81
2026-08-15,Perú,Cusco,10.0,Local,8,20,Alta,15,False,1020.46,Ineficiente,765.34
2026-08-27,Colombia,Medellín,21.0,Casa,3,9,Alta,8,True,270.65,Moderado,202.99
2026-07-16,Perú,Puno,7.4,Departamento,5,4,Media,9,False,221.78,Eficiente,166.34
2026-11-20,México,Tijuana,18.8,Casa,8,19,Media,4,True,413.36,Moderado,310.02
2026-07-25,México,Guadalajara,25.0,Casa,4,9,Baja,1,True,209.69,Eficiente,157.27
2026-01-29,Perú,Arequipa,17.8,Casa,3,10,Alta,11,True,518.93,Ineficiente,389.2
2026-05-30,México,Tijuana,19.0,Casa,2,13,Baja,2,False,233.66,Eficiente,175.24
2026-09-18,Colombia,Bucaramanga,22.0,Casa,3,8,Baja,2,False,272.31,Moderado,204.23
2026-03-09,México,Mérida,27.1,Casa,3,10,Alta,15,True,456.14,Ineficiente,342.1
2026-04-02,Perú,Puno,11.6,Casa,3,23,Baja,2,False,239.67,Eficiente,179.75
2026-03-17,Perú,Lima,27.0,Local,3,27,Media,10,False,1286.41,Ineficiente,964.81
2026-03-01,Colombia,Bucaramanga,23.5,Local,5,19,Media,4,True,511.21,Ineficiente,383.41
2026-04-11,México,Tijuana,17.7,Casa,5,23,Alta,9,True,633.77,Ineficiente,475.33
2026-04-03,Perú,Cusco,13.4,Casa,4,9,Baja,6,True,223.27,Eficiente,167.45
2026-06-10,Perú,Cusco,10.4,Departamento,5,5,Baja,2,True,166.83,Eficiente,125.12
2026-09-03,México,Monterrey,28.6,Casa,5,18,Media,10,True,406.1,Moderado,304.58
2026-10-14,México,Tijuana,21.9,Casa,4,20,Baja,2,False,229.56,Eficiente,172.17
2026-08-23,México,Ciudad de México,17.6,Casa,6,23,Media,5,True,328.04,Moderado,246.03
2026-08-20,Perú,Arequipa,13.3,Departamento,3,11,Alta,9,False,258.0,Moderado,193.5
2026-09-13,México,Monterrey,28.1,Departamento,2,7,Alta,9,True,394.95,Moderado,296.21
2026-09-21,Colombia,Medellín,21.1,Departamento,1,7,Alta,8,True,154.5,Eficiente,115.88
2026-09-19,México,Guadalajara,23.6,Departamento,4,9,Media,9,False,259.56,Moderado,194.67
2026-12-27,México,Tijuana,14.5,Casa,4,17,Alta,15,False,444.23,Moderado,333.17
2026-10-28,Colombia,Bogotá,13.5,Casa,5,21,Baja,2,True,428.01,Moderado,321.01
2026-12-11,Colombia,Barranquilla,28.8,Casa,3,14,Alta,12,True,340.36,Moderado,255.27
2026-07-05,Colombia,Cali,22.5,Casa,7,10,Alta,9,False,293.22,Moderado,219.92
2026-05-11,México,Monterrey,29.6,Departamento,4,6,Media,5,False,274.98,Moderado,206.24
2026-09-10,México,Ciudad de México,18.7,Local,3,12,Alta,8,True,760.31,Ineficiente,570.23
2026-12-29,Colombia,Medellín,21.6,Departamento,2,14,Media,8,True,331.0,Moderado,248.25
2026-09-01,Perú,Cusco,12.3,Local,3,14,Media,7,False,680.24,Ineficiente,510.18
2026-05-09,México,Mérida,29.8,Casa,4,12,Baja,5,True,332.97,Moderado,249.73
2026-01-17,México,Mérida,23.2,Casa,6,10,Media,5,False,359.14,Moderado,269.36
2026-07-13,Colombia,Bucaramanga,21.4,Casa,4,15,Baja,4,True,162.91,Eficiente,122.18
2026-10-28,México,Monterrey,25.6,Local,5,15,Media,10,False,799.28,Ineficiente,599.46
2026-10-18,Perú,Puno,11.6,Departamento,3,10,Media,6,True,201.91,Eficiente,151.43
2026-11-17,México,Guadalajara,21.1,Casa,6,7,Media,8,True,325.72,Moderado,244.29
2026-06-11,México,Monterrey,30.3,Casa,1,11,Baja,6,False,272.64,Moderado,204.48
2026-06-26,México,Guadalajara,24.3,Local,15,16,Media,9,False,654.92,Ineficiente,491.19
2026-03-07,Perú,Cusco,13.0,Departamento,3,9,Alta,12,True,134.9,Eficiente,101.18
2026-11-05,Colombia,Bogotá,14.4,Casa,4,15,Alta,15,False,415.26,Moderado,311.44
2026-11-27,Colombia,Barranquilla,28.0,Departamento,8,11,Alta,11,False,434.02,Moderado,325.52
2026-06-02,Colombia,Bucaramanga,22.3,Casa,4,11,Baja,4,True,252.31,Moderado,189.23
2026-09-03,México,Monterrey,28.5,Departamento,3,13,Media,4,True,273.25,Moderado,204.94
2026-08-02,Colombia,Medellín,20.2,Casa,6,17,Baja,5,False,273.83,Moderado,205.37
2026-12-08,Colombia,Medellín,21.5,Local,1,12,Baja,2,True,411.99,Moderado,308.99
2026-02-22,México,Tijuana,15.4,Departamento,3,10,Alta,11,False,343.32,Moderado,257.49
2026-01-25,Perú,Piura,28.7,Casa,4,9,Alta,13,True,338.3,Moderado,253.73
2026-06-08,Colombia,Medellín,20.8,Casa,5,12,Alta,10,True,484.44,Ineficiente,363.33
2026-10-17,Colombia,Cali,24.0,Local,3,15,Media,4,True,697.64,Ineficiente,523.23
2026-04-26,Perú,Cusco,12.0,Casa,8,12,Alta,15,True,688.68,Ineficiente,516.51
2026-03-05,Colombia,Barranquilla,28.7,Departamento,4,7,Alta,8,True,326.73,Moderado,245.05
2026-01-08,México,Ciudad de México,13.7,Casa,3,14,Media,5,True,275.91,Moderado,206.93
2026-07-07,Colombia,Barranquilla,28.3,Casa,3,12,Baja,4,True,223.77,Eficiente,167.83
2026-09-03,México,Ciudad de México,17.9,Local,3,33,Media,6,True,1052.16,Ineficiente,789.12
2026-03-29,México,Monterrey,21.0,Casa,4,10,Alta,14,False,379.54,Moderado,284.66
2026-01-06,México,Monterrey,15.7,Departamento,2,9,Alta,13,True,401.64,Moderado,301.23
2026-08-04,México,Tijuana,23.8,Casa,5,14,Media,5,True,353.44,Moderado,265.08
2026-10-26,Perú,Arequipa,16.8,Casa,10,17,Media,9,True,450.3,Ineficiente,337.72
2026-03-25,México,Guadalajara,21.8,Departamento,3,11,Media,6,False,162.99,Eficiente,122.24
2026-10-10,Perú,Cusco,12.2,Departamento,3,3,Alta,9,False,254.52,Moderado,190.89
2026-05-24,México,Monterrey,29.4,Departamento,2,7,Alta,10,True,255.13,Moderado,191.35
2026-08-27,México,Ciudad de México,18.4,Casa,6,20,Baja,4,True,268.4,Moderado,201.3
2026-10-15,México,Ciudad de México,17.7,Departamento,2,6,Media,4,False,95.35,Eficiente,71.51
2026-04-04,México,Monterrey,26.9,Departamento,2,11,Alta,12,False,208.31,Eficiente,156.23
2026-08-16,México,Mérida,30.9,Departamento,2,10,Baja,4,True,211.54,Eficiente,158.66
2026-12-12,Perú,Arequipa,16.6,Casa,2,11,Alta,9,True,338.84,Moderado,254.13
2026-02-06,Perú,Arequipa,17.8,Casa,3,11,Media,8,True,272.72,Moderado,204.54
2026-03-27,México,Monterrey,22.5,Departamento,1,10,Media,10,True,270.53,Moderado,202.9
2026-06-10,México,Tijuana,21.9,Departamento,2,9,Media,6,False,141.65,Eficiente,106.24
2026-08-18,Colombia,Medellín,21.9,Casa,8,12,Alta,10,True,607.07,Ineficiente,455.3
2026-07-29,México,Tijuana,23.3,Departamento,2,7,Alta,12,False,229.49,Eficiente,172.12
2026-10-17,Perú,Cusco,12.5,Casa,5,13,Alta,13,True,568.58,Ineficiente,426.44
2026-10-10,México,Tijuana,21.8,Casa,8,6,Baja,2,True,181.61,Eficiente,136.21
2026-10-28,Perú,Lima,21.8,Casa,5,20,Baja,2,False,262.73,Moderado,197.05
2026-03-04,México,Ciudad de México,16.7,Local,3,28,Media,7,False,850.97,Ineficiente,638.23
2026-12-29,Perú,Lima,25.7,Departamento,3,7,Baja,1,True,93.66,Eficiente,70.24
2026-05-12,Colombia,Medellín,21.7,Local,3,17,Baja,6,True,646.36,Ineficiente,484.77
2026-12-26,México,Guadalajara,19.0,Local,10,23,Alta,14,True,1696.62,Ineficiente,1272.46
2026-12-19,Colombia,Bogotá,14.6,Casa,4,11,Alta,14,True,572.37,Ineficiente,429.28
2026-09-27,México,Guadalajara,24.5,Departamento,2,7,Media,8,True,209.63,Eficiente,157.22
2026-12-17,México,Ciudad de México,14.3,Local,10,22,Media,4,True,594.94,Ineficiente,446.21
2026-03-25,Colombia,Medellín,21.6,Casa,3,8,Alta,12,True,251.75,Moderado,188.81
2026-06-03,México,Ciudad de México,19.3,Departamento,3,8,Alta,13,True,287.49,Moderado,215.62
2026-11-08,México,Guadalajara,21.2,Local,8,13,Media,8,True,606.6,Ineficiente,454.95
2026-04-14,México,Monterrey,25.6,Casa,5,21,Media,5,True,376.84,Moderado,282.63
2026-10-01,Colombia,Cali,23.2,Departamento,3,9,Baja,5,False,219.69,Eficiente,164.77
2026-02-14,Colombia,Cali,23.9,Casa,6,6,Alta,12,False,426.93,Moderado,320.2
2026-05-08,Perú,Piura,25.3,Casa,4,16,Alta,15,True,591.48,Ineficiente,443.61
2026-11-26,Colombia,Barranquilla,29.6,Casa,3,9,Baja,2,True,289.48,Moderado,217.11
2026-03-28,México,Tijuana,16.9,Local,20,17,Media,10,True,1257.86,Ineficiente,943.4
2026-06-18,México,Mérida,30.5,Casa,6,17,Media,4,True,359.43,Moderado,269.57
2026-02-19,México,Ciudad de México,14.8,Casa,4,13,Alta,11,True,568.44,Ineficiente,426.33
2026-08-11,México,Tijuana,24.4,Departamento,4,11,Alta,9,True,310.6,Moderado,232.95
2026-12-30,México,Ciudad de México,14.8,Casa,1,6,Alta,9,True,205.68,Eficiente,154.26
2026-10-18,México,Tijuana,21.9,Casa,4,18,Media,8,True,482.23,Ineficiente,361.67
2026-03-17,Colombia,Bogotá,13.8,Departamento,3,9,Baja,1,True,155.46,Eficiente,116.6
2026-11-16,Colombia,Bogotá,14.7,Casa,2,12,Media,7,True,307.64,Moderado,230.73
2026-07-02,México,Mérida,30.3,Casa,3,18,Baja,2,True,328.24,Moderado,246.18
2026-03-07,Perú,Arequipa,17.2,Departamento,3,6,Alta,13,False,244.7,Eficiente,183.52
2026-03-03,México,Guadalajara,22.1,Casa,4,18,Media,10,False,398.64,Moderado,298.98
2026-08-09,Perú,Lima,18.9,Casa,5,7,Baja,3,False,186.39,Eficiente,139.79
2026-08-14,México,Guadalajara,24.3,Local,8,18,Media,9,True,673.76,Ineficiente,505.32
2026-06-04,México,Tijuana,20.7,Departamento,1,12,Alta,12,True,232.45,Eficiente,174.34
2026-09-07,México,Monterrey,28.3,Departamento,3,10,Media,4,True,279.49,Moderado,209.62
2026-01-01,Colombia,Cali,23.3,Casa,6,17,Alta,10,False,655.62,Ineficiente,491.72
2026-04-06,Colombia,Bogotá,13.3,Departamento,1,8,Media,4,True,137.81,Eficiente,103.36
2026-11-20,Perú,Cusco,13.4,Casa,7,10,Media,7,False,400.72,Moderado,300.54
2026-04-08,México,Ciudad de México,18.5,Casa,4,14,Media,7,False,340.73,Moderado,255.55
2026-07-09,México,Ciudad de México,18.2,Casa,3,14,Media,9,True,215.16,Eficiente,161.37
2026-08-09,Perú,Puno,8.2,Local,15,24,Baja,1,True,921.32,Ineficiente,690.99
2026-05-23,Colombia,Medellín,22.4,Casa,3,12,Alta,15,True,356.81,Moderado,267.61
2026-09-30,México,Guadalajara,23.3,Casa,5,19,Baja,4,False,260.79,Moderado,195.59
2026-12-06,Colombia,Bucaramanga,22.6,Casa,5,15,Baja,2,False,313.82,Moderado,235.36
2026-08-03,Colombia,Cali,22.7,Departamento,2,10,Alta,9,False,214.08,Eficiente,160.56
2026-12-19,México,Mérida,24.8,Local,8,16,Baja,6,False,607.22,Ineficiente,455.42
2026-07-15,México,Monterrey,31.2,Departamento,2,6,Alta,11,True,365.11,Moderado,273.83
2026-02-12,Perú,Lima,27.3,Casa,5,10,Alta,13,True,429.04,Moderado,321.78
2026-12-13,Perú,Arequipa,17.4,Local,2,15,Media,10,True,575.05,Ineficiente,431.29
2026-08-08,México,Tijuana,25.0,Casa,4,16,Alta,13,True,597.6,Ineficiente,448.2
2026-04-02,México,Ciudad de México,18.1,Casa,2,10,Media,8,False,364.06,Moderado,273.04
2026-08-15,México,Monterrey,31.5,Departamento,1,11,Baja,4,True,236.13,Eficiente,177.1
2026-07-09,Perú,Arequipa,13.5,Casa,6,11,Alta,12,False,553.41,Ineficiente,415.06
2026-05-25,México,Tijuana,19.5,Casa,3,16,Media,6,True,223.78,Eficiente,167.84
2026-11-18,México,Ciudad de México,15.4,Casa,8,5,Alta,13,True,506.17,Ineficiente,379.63
2026-11-13,México,Monterrey,20.2,Departamento,2,4,Media,9,True,288.66,Moderado,216.5
2026-06-09,Perú,Piura,23.8,Departamento,3,12,Alta,11,True,289.84,Moderado,217.38
2026-03-10,México,Monterrey,22.0,Casa,4,16,Media,10,True,328.41,Moderado,246.31
2026-08-03,México,Monterrey,31.1,Local,5,28,Baja,6,True,867.31,Ineficiente,650.48
2026-01-19,México,Ciudad de México,12.8,Departamento,1,6,Baja,5,False,194.63,Eficiente,145.97
2026-04-06,México,Mérida,28.3,Local,10,21,Alta,14,True,1485.94,Ineficiente,1114.46
2026-09-30,Colombia,Cali,23.6,Casa,3,5,Media,6,False,228.09,Eficiente,171.07
2026-04-26,México,Guadalajara,24.2,Departamento,1,5,Baja,6,True,117.05,Eficiente,87.79
2026-10-20,México,Tijuana,21.4,Departamento,5,7,Media,7,True,154.64,Eficiente,115.98
2026-03-03,México,Monterrey,23.0,Local,8,23,Media,7,True,651.03,Ineficiente,488.27
2026-11-30,Perú,Piura,27.4,Casa,5,11,Media,5,True,305.67,Moderado,229.25
2026-11-25,Colombia,Barranquilla,29.5,Departamento,5,6,Media,7,True,200.56,Eficiente,150.42
2026-04-01,Perú,Lima,24.3,Departamento,1,12,Media,8,True,199.37,Eficiente,149.53
2026-09-01,México,Ciudad de México,18.6,Casa,3,20,Alta,14,False,568.71,Ineficiente,426.53
2026-08-19,Perú,Lima,17.2,Casa,4,11,Media,5,True,222.45,Eficiente,166.84
2026-10-08,México,Tijuana,20.4,Local,5,16,Baja,1,True,417.9,Moderado,313.42
2026-03-19,Colombia,Barranquilla,28.3,Casa,2,12,Alta,8,True,344.36,Moderado,258.27
2026-09-14,Perú,Cusco,12.8,Casa,4,8,Alta,9,True,454.49,Ineficiente,340.87
2026-03-30,México,Mérida,27.4,Casa,3,7,Alta,9,True,326.67,Moderado,245.0
2026-09-12,Perú,Puno,9.4,Casa,3,17,Media,4,True,316.16,Moderado,237.12
2026-02-21,Colombia,Bucaramanga,23.0,Departamento,3,8,Media,6,True,241.28,Eficiente,180.96
2026-06-02,México,Guadalajara,24.6,Departamento,2,9,Alta,12,False,436.7,Moderado,327.52
2026-02-15,México,Ciudad de México,14.7,Casa,4,9,Baja,6,True,232.12,Eficiente,174.09
2026-04-17,Perú,Piura,28.4,Casa,4,10,Alta,9,False,321.01,Moderado,240.76
2026-10-11,México,Mérida,28.2,Casa,3,23,Baja,4,True,385.47,Moderado,289.1
2026-03-18,México,Mérida,27.2,Casa,6,14,Media,6,True,398.37,Moderado,298.78
2026-11-04,México,Guadalajara,20.4,Casa,3,15,Alta,11,True,433.8,Moderado,325.35
2026-10-23,México,Monterrey,24.3,Casa,2,15,Baja,5,True,186.9,Eficiente,140.18
2026-09-05,Colombia,Bucaramanga,22.7,Departamento,1,7,Media,10,True,278.85,Moderado,209.14
2026-06-18,México,Ciudad de México,18.6,Casa,3,17,Baja,4,True,176.93,Eficiente,132.7
2026-04-14,México,Tijuana,16.2,Casa,8,7,Media,4,False,302.17,Moderado,226.63
2026-11-04,Colombia,Medellín,21.3,Local,5,11,Media,8,True,885.31,Ineficiente,663.98
2026-04-06,Colombia,Bogotá,14.7,Local,8,25,Baja,1,True,560.14,Ineficiente,420.1
2026-06-10,México,Mérida,31.5,Casa,4,21,Media,10,False,687.04,Ineficiente,515.28
2026-10-18,México,Mérida,28.5,Departamento,1,8,Alta,9,False,322.14,Moderado,241.6
2026-11-11,Perú,Lima,23.8,Casa,4,17,Media,5,True,340.71,Moderado,255.53
2026-06-09,México,Monterrey,30.3,Departamento,4,6,Media,5,True,238.7,Eficiente,179.02
2026-06-16,México,Mérida,31.6,Casa,4,18,Baja,4,False,302.79,Moderado,227.09
2026-06-12,Perú,Puno,8.9,Casa,7,19,Media,6,False,394.73,Moderado,296.05
2026-02-11,Colombia,Medellín,23.0,Departamento,2,11,Alta,15,True,268.57,Moderado,201.43
2026-02-14,México,Guadalajara,20.7,Casa,2,16,Media,7,True,286.63,Moderado,214.97
2026-05-19,México,Monterrey,28.6,Departamento,3,5,Media,7,False,161.15,Eficiente,120.86
2026-01-30,México,Guadalajara,18.2,Casa,4,5,Alta,10,True,316.66,Moderado,237.5
2026-03-15,México,Guadalajara,21.1,Casa,5,19,Baja,4,False,250.41,Moderado,187.81
2026-12-24,México,Tijuana,14.6,Casa,5,13,Alta,13,True,468.76,Ineficiente,351.57
2026-01-04,México,Mérida,24.5,Local,15,27,Media,5,True,1352.1,Ineficiente,1014.08
2026-12-18,México,Mérida,25.9,Casa,6,24,Alta,10,True,604.3,Ineficiente,453.22
2026-12-01,Colombia,Barranquilla,28.0,Casa,6,12,Baja,6,True,376.91,Moderado,282.68
2026-07-19,Colombia,Cali,23.4,Casa,6,18,Alta,15,True,619.12,Ineficiente,464.34
2026-03-05,Perú,Piura,28.4,Departamento,2,10,Baja,4,True,146.31,Eficiente,109.73
2026-09-15,Colombia,Bucaramanga,22.1,Casa,4,18,Alta,12,False,604.21,Ineficiente,453.16
2026-05-12,México,Guadalajara,26.2,Local,15,15,Alta,15,True,1429.59,Ineficiente,1072.19
2026-05-25,México,Tijuana,19.9,Casa,2,18,Media,8,True,269.37,Moderado,202.03
2026-02-02,México,Guadalajara,20.4,Local,1,21,Media,8,False,780.39,Ineficiente,585.29
2026-12-12,Perú,Puno,12.8,Casa,3,16,Media,7,True,310.79,Moderado,233.09
2026-08-05,Perú,Puno,8.5,Departamento,5,10,Media,5,True,204.83,Eficiente,153.62
2026-05-30,México,Mérida,30.2,Casa,6,6,Media,9,False,270.34,Moderado,202.76
2026-11-26,Perú,Arequipa,16.7,Local,10,20,Alta,8,True,986.64,Ineficiente,739.98
2026-01-24,Colombia,Medellín,22.4,Departamento,4,8,Baja,4,True,162.16,Eficiente,121.62
2026-11-16,México,Tijuana,18.3,Departamento,3,5,Media,7,True,98.67,Eficiente,74.0
2026-03-07,Colombia,Medellín,22.4,Casa,1,9,Media,8,True,180.76,Eficiente,135.57
2026-05-09,México,Mérida,29.4,Casa,2,12,Media,10,True,409.53,Moderado,307.15
2026-04-08,Perú,Lima,25.7,Departamento,3,8,Baja,1,False,185.39,Eficiente,139.04
2026-10-19,Colombia,Bogotá,13.4,Casa,6,8,Baja,2,True,190.26,Eficiente,142.7
2026-12-26,Perú,Puno,11.3,Departamento,1,6,Alta,9,True,202.61,Eficiente,151.96
2026-02-08,Perú,Lima,27.4,Casa,6,13,Alta,15,True,560.34,Ineficiente,420.26
2026-08-10,México,Ciudad de México,17.2,Casa,2,6,Alta,9,True,382.18,Moderado,286.64
2026-09-13,México,Guadalajara,24.8,Departamento,2,10,Media,6,True,261.02,Moderado,195.76
2026-02-12,Perú,Cusco,14.7,Departamento,4,8,Media,6,True,144.89,Eficiente,108.67
2026-07-06,Colombia,Bucaramanga,21.6,Local,1,16,Media,9,True,451.66,Ineficiente,338.74
2026-05-20,México,Mérida,30.4,Casa,5,22,Alta,10,True,597.02,Ineficiente,447.76
2026-04-02,Colombia,Bogotá,14.8,Local,5,17,Baja,3,False,458.5,Ineficiente,343.88
2026-01-09,México,Mérida,24.1,Local,2,20,Alta,13,True,921.64,Ineficiente,691.23
2026-07-05,Colombia,Bogotá,12.2,Casa,7,14,Baja,3,True,232.84,Eficiente,174.63
2026-05-30,Colombia,Bogotá,13.8,Local,10,28,Alta,9,False,1218.95,Ineficiente,914.21
2026-03-07,Colombia,Barranquilla,29.0,Departamento,2,9,Media,5,False,201.26,Eficiente,150.94
2026-05-16,México,Tijuana,18.2,Departamento,2,12,Alta,8,False,201.01,Eficiente,150.76
2026-03-31,Colombia,Bucaramanga,22.3,Casa,5,18,Baja,3,True,375.36,Moderado,281.52
2026-01-15,México,Tijuana,13.9,Casa,1,9,Alta,9,True,191.74,Eficiente,143.8
2026-09-21,México,Mérida,29.7,Local,15,22,Baja,3,True,702.22,Ineficiente,526.66
2026-10-16,Perú,Lima,20.8,Departamento,1,9,Baja,2,False,136.78,Eficiente,102.58
2026-02-22,Colombia,Bogotá,14.6,Casa,5,9,Baja,6,True,377.51,Moderado,283.13
2026-01-20,México,Ciudad de México,12.2,Casa,6,20,Alta,13,True,557.75,Ineficiente,418.31
2026-10-05,México,Guadalajara,22.5,Casa,3,14,Media,6,False,285.77,Moderado,214.33
2026-08-07,Colombia,Bucaramanga,22.6,Departamento,1,10,Media,7,True,163.48,Eficiente,122.61
2026-08-01,Perú,Lima,17.4,Departamento,3,7,Media,6,False,227.17,Eficiente,170.38
2026-11-02,México,Monterrey,20.0,Departamento,2,7,Alta,14,False,246.06,Eficiente,184.54
2026-04-26,México,Ciudad de México,17.0,Casa,3,11,Media,8,False,299.28,Moderado,224.46
2026-12-08,México,Mérida,25.7,Casa,5,11,Baja,4,True,261.16,Moderado,195.87
2026-11-21,Colombia,Barranquilla,28.9,Departamento,2,7,Media,6,False,204.81,Eficiente,153.61
2026-08-19,México,Tijuana,23.1,Local,10,17,Baja,2,True,570.42,Ineficiente,427.81
2026-01-12,México,Guadalajara,18.8,Casa,8,18,Alta,9,True,462.26,Ineficiente,346.7
2026-03-08,Perú,Piura,29.1,Casa,5,16,Media,4,True,407.31,Moderado,305.48
2026-08-18,Colombia,Barranquilla,29.9,Departamento,6,5,Baja,5,True,244.58,Eficiente,183.44
2026-11-02,Colombia,Cali,24.6,Departamento,3,8,Alta,13,False,269.52,Moderado,202.14
2026-11-20,Colombia,Medellín,21.4,Departamento,3,7,Baja,6,False,240.98,Eficiente,180.74
2026-04-06,Colombia,Cali,24.3,Casa,1,11,Baja,4,False,303.55,Moderado,227.66
2026-04-26,Perú,Cusco,13.3,Departamento,4,9,Media,8,False,141.95,Eficiente,106.46
2026-11-23,México,Mérida,27.4,Casa,4,11,Media,9,False,309.11,Moderado,231.83
2026-08-26,Colombia,Cali,23.0,Local,8,13,Alta,9,True,1128.56,Ineficiente,846.42
2026-06-29,México,Monterrey,30.7,Casa,2,14,Baja,3,False,171.23,Eficiente,128.42
2026-10-29,México,Mérida,29.4,Casa,8,20,Media,10,True,599.68,Ineficiente,449.76
2026-03-31,Perú,Piura,28.3,Departamento,2,11,Media,5,False,177.08,Eficiente,132.81
2026-09-20,México,Mérida,30.0,Departamento,1,6,Baja,3,True,198.39,Eficiente,148.79
2026-07-18,Colombia,Cali,23.1,Casa,1,17,Alta,14,True,528.47,Ineficiente,396.35
2026-09-28,Colombia,Bucaramanga,22.0,Casa,4,15,Media,7,True,294.52,Moderado,220.89
2026-01-11,México,Monterrey,14.2,Local,15,22,Media,8,True,1551.17,Ineficiente,1163.38
2026-03-20,Colombia,Bogotá,14.4,Casa,4,15,Media,9,False,293.29,Moderado,219.97
2026-11-02,México,Tijuana,18.3,Casa,4,11,Alta,10,True,409.32,Moderado,306.99
2026-11-23,Colombia,Barranquilla,29.4,Local,20,18,Media,7,True,1384.3,Ineficiente,1038.22
2026-12-04,México,Mérida,25.1,Local,5,11,Baja,3,True,647.03,Ineficiente,485.27
2026-02-02,Colombia,Cali,23.1,Local,15,18,Baja,4,True,981.09,Ineficiente,735.82
2026-01-13,Perú,Lima,26.9,Departamento,3,4,Media,7,False,105.51,Eficiente,79.13
2026-05-01,Perú,Lima,22.6,Departamento,1,8,Media,9,False,178.81,Eficiente,134.11
2026-10-18,Perú,Puno,12.0,Departamento,2,9,Baja,2,True,145.04,Eficiente,108.78
2026-07-27,México,Monterrey,31.4,Departamento,6,8,Media,6,True,222.6,Eficiente,166.95
2026-01-01,México,Mérida,24.2,Casa,3,6,Media,5,True,274.44,Moderado,205.83
2026-12-21,Perú,Lima,24.8,Casa,8,16,Baja,2,True,234.52,Eficiente,175.89
2026-01-24,México,Mérida,24.3,Casa,2,6,Media,4,True,256.46,Moderado,192.34
2026-06-26,Perú,Lima,19.5,Departamento,1,7,Media,10,True,172.16,Eficiente,129.12
2026-12-07,México,Monterrey,16.9,Casa,7,12,Media,8,False,489.72,Ineficiente,367.29
2026-08-25,México,Tijuana,24.7,Departamento,1,8,Alta,10,False,224.04,Eficiente,168.03
2026-08-20,México,Ciudad de México,17.0,Casa,4,12,Alta,9,True,331.86,Moderado,248.9
2026-05-17,Colombia,Barranquilla,29.7,Casa,6,16,Baja,5,False,300.46,Moderado,225.34
2026-03-06,México,Tijuana,16.6,Casa,3,12,Media,4,True,398.2,Moderado,298.65
2026-12-31,Colombia,Bucaramanga,23.1,Casa,8,13,Baja,6,True,315.87,Moderado,236.9
2026-10-07,México,Tijuana,20.2,Departamento,3,7,Media,9,False,210.11,Eficiente,157.58
2026-09-21,Perú,Puno,10.1,Casa,5,9,Media,6,True,425.61,Moderado,319.21
2026-01-08,Colombia,Bucaramanga,22.6,Casa,4,6,Baja,4,True,229.07,Eficiente,171.8
2026-02-18,México,Monterrey,18.9,Casa,8,13,Alta,8,True,451.38,Ineficiente,338.54
2026-05-07,Colombia,Barranquilla,28.5,Local,10,13,Alta,14,True,1189.84,Ineficiente,892.38
2026-07-12,Perú,Arequipa,12.7,Departamento,3,6,Media,9,True,206.73,Eficiente,155.05
2026-03-03,Colombia,Cali,24.5,Casa,4,13,Alta,11,True,335.18,Moderado,251.38
2026-09-24,Colombia,Barranquilla,29.2,Local,5,25,Media,6,True,856.81,Ineficiente,642.61
2026-01-24,Colombia,Bucaramanga,23.1,Departamento,2,7,Alta,13,False,333.69,Moderado,250.27
2026-03-10,México,Monterrey,21.7,Departamento,2,5,Baja,3,False,135.48,Eficiente,101.61
2026-05-16,México,Mérida,29.7,Casa,10,11,Media,9,True,476.0,Ineficiente,357.0
2026-03-31,México,Guadalajara,22.6,Casa,5,5,Media,7,False,328.11,Moderado,246.08
2026-03-08,México,Ciudad de México,15.3,Casa,2,11,Baja,2,True,154.89,Eficiente,116.17
2026-07-11,Perú,Piura,23.5,Local,15,14,Media,7,False,717.76,Ineficiente,538.32
2026-10-10,México,Tijuana,20.4,Casa,4,10,Baja,2,True,176.08,Eficiente,132.06
2026-09-20,Colombia,Medellín,20.8,Casa,2,15,Alta,9,True,524.84,Ineficiente,393.63
2026-03-26,Colombia,Medellín,22.8,Departamento,4,9,Media,7,True,200.0,Eficiente,150.0
2026-06-12,México,Guadalajara,26.0,Casa,1,9,Alta,12,True,405.1,Moderado,303.83
2026-02-25,Colombia,Barranquilla,28.1,Casa,3,19,Media,6,False,307.04,Moderado,230.28
2026-10-17,México,Ciudad de México,16.1,Casa,8,13,Media,8,False,394.85,Moderado,296.14
2026-08-26,Perú,Piura,22.6,Departamento,2,4,Media,7,True,136.01,Eficiente,102.01
2026-06-01,Colombia,Bucaramanga,22.1,Departamento,8,13,Media,4,True,176.12,Eficiente,132.09
2026-11-09,México,Monterrey,20.9,Casa,7,8,Baja,4,True,318.53,Moderado,238.9
2026-05-19,México,Monterrey,29.0,Casa,5,10,Media,5,True,402.94,Moderado,302.2
2026-03-28,Colombia,Bogotá,13.4,Casa,3,9,Alta,9,True,275.76,Moderado,206.82
2026-09-26,México,Monterrey,30.0,Casa,6,10,Alta,14,True,546.65,Ineficiente,409.99
2026-07-27,Colombia,Barranquilla,29.6,Departamento,1,8,Baja,6,False,216.0,Eficiente,162.0
2026-06-21,Colombia,Medellín,21.5,Casa,4,10,Media,7,True,200.48,Eficiente,150.36
2026-12-26,Perú,Piura,28.7,Departamento,2,8,Media,6,False,333.53,Moderado,250.15
2026-01-11,Colombia,Barranquilla,27.9,Casa,8,12,Media,4,True,223.07,Eficiente,167.3
2026-05-10,Colombia,Medellín,21.5,Local,15,17,Alta,9,True,1736.84,Ineficiente,1302.63
2026-01-12,Colombia,Medellín,21.8,Departamento,4,11,Baja,2,True,190.53,Eficiente,142.9
2026-03-31,Perú,Arequipa,16.3,Departamento,3,5,Baja,2,True,129.61,Eficiente,97.21
2026-01-29,Colombia,Bogotá,14.2,Departamento,1,5,Baja,5,True,129.59,Eficiente,97.19
2026-11-17,Colombia,Bucaramanga,22.5,Local,10,22,Media,10,True,903.32,Ineficiente,677.49
2026-11-08,Perú,Lima,23.8,Local,3,13,Baja,5,False,307.77,Moderado,230.83
2026-06-26,México,Tijuana,22.0,Casa,1,8,Baja,3,True,263.91,Moderado,197.93
2026-09-05,Colombia,Barranquilla,29.5,Casa,7,9,Media,6,True,248.26,Eficiente,186.2
2026-12-03,Colombia,Cali,23.6,Departamento,3,8,Baja,4,False,115.47,Eficiente,86.6
2026-10-25,México,Monterrey,25.7,Casa,10,16,Media,10,True,479.76,Ineficiente,359.82
2026-06-15,México,Monterrey,30.9,Departamento,4,10,Alta,13,False,305.08,Moderado,228.81
2026-09-03,Perú,Piura,24.0,Departamento,2,8,Media,10,False,239.9,Eficiente,179.92
2026-07-06,Perú,Arequipa,12.6,Casa,4,13,Media,4,True,228.28,Eficiente,171.21
2026-01-08,México,Monterrey,14.9,Local,5,26,Baja,5,True,394.55,Moderado,295.91
2026-12-03,México,Mérida,25.1,Casa,2,12,Alta,10,True,394.65,Moderado,295.99
2026-03-24,Colombia,Bucaramanga,23.7,Departamento,4,4,Baja,1,True,104.87,Eficiente,78.65
2026-04-17,Colombia,Medellín,21.5,Casa,5,15,Alta,15,True,629.51,Ineficiente,472.13
2026-07-06,México,Guadalajara,24.2,Local,8,26,Baja,1,True,940.71,Ineficiente,705.53
2026-11-02,México,Mérida,26.7,Casa,2,13,Media,8,False,285.4,Moderado,214.05
2026-11-28,México,Mérida,27.8,Casa,8,9,Alta,15,True,645.19,Ineficiente,483.89
2026-12-18,Colombia,Medellín,21.0,Casa,6,13,Media,8,True,308.83,Moderado,231.62
2026-12-27,Perú,Lima,25.3,Casa,4,15,Media,9,False,530.62,Ineficiente,397.96
2026-04-10,México,Mérida,28.4,Departamento,1,10,Baja,5,False,166.0,Eficiente,124.5
2026-05-08,México,Guadalajara,26.2,Casa,3,9,Baja,6,True,240.81,Eficiente,180.61
2026-03-14,Colombia,Bogotá,14.5,Casa,2,12,Media,6,False,162.8,Eficiente,122.1
2026-10-20,México,Tijuana,20.7,Local,10,14,Alta,14,True,1070.66,Ineficiente,803.0
2026-10-09,México,Tijuana,20.9,Departamento,1,9,Media,7,True,196.66,Eficiente,147.5
2026-02-01,Perú,Arequipa,16.9,Local,5,28,Media,5,True,1010.41,Ineficiente,757.81
2026-05-31,México,Mérida,31.0,Local,3,23,Media,10,True,918.12,Ineficiente,688.59
2026-02-25,Colombia,Bucaramanga,23.7,Departamento,1,7,Media,7,True,209.18,Eficiente,156.88
2026-02-09,Perú,Cusco,14.3,Casa,6,8,Baja,2,False,226.48,Eficiente,169.86
2026-04-16,Colombia,Medellín,21.5,Local,3,29,Media,9,True,1324.16,Ineficiente,993.12
2026-02-05,Colombia,Cali,24.1,Departamento,4,8,Alta,12,True,341.86,Moderado,256.4
2026-08-11,Colombia,Bogotá,13.5,Casa,5,15,Baja,3,True,205.28,Eficiente,153.96
2026-09-01,México,Mérida,30.1,Casa,6,12,Media,5,True,435.87,Moderado,326.9
2026-03-02,Colombia,Medellín,22.0,Casa,2,8,Alta,9,True,416.46,Moderado,312.34
2026-09-07,México,Ciudad de México,18.1,Casa,4,17,Baja,3,True,265.92,Moderado,199.44
2026-02-28,Perú,Cusco,13.8,Departamento,3,14,Baja,1,False,229.94,Eficiente,172.46
2026-04-24,Perú,Cusco,12.8,Casa,3,10,Alta,10,True,233.32,Eficiente,174.99
2026-04-23,Perú,Arequipa,15.7,Casa,4,6,Media,6,True,264.09,Moderado,198.07
2026-06-12,Colombia,Bogotá,12.6,Local,20,21,Media,6,True,1112.76,Ineficiente,834.57
2026-10-06,México,Tijuana,21.0,Departamento,3,13,Baja,6,True,211.63,Eficiente,158.72
2026-03-19,Perú,Cusco,13.4,Departamento,2,9,Baja,1,False,208.01,Eficiente,156.01
2026-05-04,Colombia,Barranquilla,29.2,Casa,4,12,Alta,8,True,408.42,Moderado,306.32
2026-10-30,México,Monterrey,24.6,Local,5,29,Baja,2,True,531.23,Ineficiente,398.42
2026-11-24,México,Monterrey,19.9,Casa,2,10,Baja,4,False,231.35,Eficiente,173.51
2026-06-22,Colombia,Medellín,20.9,Departamento,3,8,Media,7,True,198.25,Eficiente,148.69
2026-04-25,México,Ciudad de México,18.9,Casa,6,12,Baja,2,True,229.68,Eficiente,172.26
2026-02-25,Colombia,Barranquilla,28.9,Casa,2,6,Alta,9,True,475.85,Ineficiente,356.89
2026-03-22,Perú,Lima,26.4,Casa,6,6,Media,10,True,259.79,Moderado,194.84
2026-10-01,México,Tijuana,20.8,Departamento,2,9,Baja,5,False,94.59,Eficiente,70.94
2026-11-07,Perú,Arequipa,17.7,Casa,4,22,Media,8,False,314.87,Moderado,236.15
2026-04-29,México,Mérida,28.7,Casa,5,14,Media,6,False,393.34,Moderado,295.0
2026-11-01,México,Tijuana,18.8,Local,2,26,Baja,5,True,335.26,Moderado,251.44
2026-05-23,Colombia,Bucaramanga,22.4,Local,3,23,Media,7,False,539.67,Ineficiente,404.75
2026-05-16,Colombia,Cali,24.0,Departamento,1,7,Media,9,False,176.06,Eficiente,132.05
2026-12-02,Colombia,Medellín,23.0,Casa,3,17,Baja,6,True,317.45,Moderado,238.09
2026-03-11,Colombia,Barranquilla,29.1,Local,8,25,Media,5,True,810.66,Ineficiente,608.0
2026-12-21,Colombia,Bogotá,14.7,Casa,6,9,Baja,2,True,336.74,Moderado,252.56
2026-01-21,México,Tijuana,14.6,Departamento,2,12,Media,10,True,345.66,Moderado,259.24
2026-12-29,Colombia,Bucaramanga,22.5,Casa,3,13,Alta,12,False,457.58,Ineficiente,343.18
2026-11-02,México,Mérida,26.8,Casa,5,8,Media,10,True,370.2,Moderado,277.65
2026-12-31,Colombia,Cali,23.6,Departamento,1,7,Baja,6,False,168.47,Eficiente,126.35
2026-05-01,Perú,Cusco,12.6,Departamento,3,8,Media,9,False,255.74,Moderado,191.8
2026-03-06,México,Mérida,26.5,Casa,6,12,Baja,6,True,347.4,Moderado,260.55
2026-11-08,Colombia,Bogotá,13.6,Departamento,3,9,Alta,8,True,266.02,Moderado,199.52
2026-08-26,Perú,Piura,22.2,Departamento,3,10,Alta,11,True,324.3,Moderado,243.23
2026-09-16,Colombia,Barranquilla,29.5,Casa,4,11,Media,10,False,438.73,Moderado,329.05
2026-03-20,Perú,Arequipa,17.7,Departamento,3,6,Media,5,False,202.88,Eficiente,152.16
2026-12-22,México,Ciudad de México,13.9,Departamento,1,8,Baja,2,False,115.02,Eficiente,86.26
2026-08-28,Colombia,Barranquilla,28.0,Casa,4,15,Baja,3,False,307.45,Moderado,230.59
2026-09-25,Perú,Lima,18.6,Casa,5,17,Media,6,False,406.65,Moderado,304.99
2026-06-09,México,Tijuana,20.6,Departamento,5,13,Media,6,False,148.48,Eficiente,111.36
2026-06-15,Perú,Cusco,10.5,Casa,5,19,Baja,6,False,343.51,Moderado,257.63
2026-10-23,Perú,Piura,24.7,Casa,2,11,Baja,4,False,155.8,Eficiente,116.85
2026-08-17,México,Guadalajara,24.4,Casa,5,10,Alta,14,True,253.42,Moderado,190.06
2026-08-25,México,Ciudad de México,18.3,Casa,5,10,Alta,14,True,564.59,Ineficiente,423.44
2026-02-10,México,Tijuana,14.7,Casa,4,14,Media,9,True,489.32,Ineficiente,366.99
2026-03-02,México,Tijuana,16.8,Casa,4,14,Baja,3,True,345.89,Moderado,259.42
2026-04-24,México,Monterrey,25.5,Casa,6,12,Alta,8,True,554.65,Ineficiente,415.99
2026-10-30,México,Guadalajara,23.8,Casa,8,8,Alta,15,True,434.64,Moderado,325.98
2026-07-03,México,Guadalajara,23.1,Departamento,2,5,Media,10,True,204.79,Eficiente,153.59
2026-10-09,Colombia,Bucaramanga,22.4,Casa,1,12,Alta,11,True,511.81,Ineficiente,383.86
2026-03-07,México,Ciudad de México,15.3,Casa,5,15,Alta,13,True,387.53,Moderado,290.65
2026-07-05,México,Guadalajara,24.3,Departamento,3,8,Alta,13,False,336.56,Moderado,252.42
2026-02-24,Perú,Piura,28.4,Departamento,2,8,Alta,14,False,316.24,Moderado,237.18
2026-06-04,Colombia,Bogotá,12.6,Casa,4,20,Alta,12,False,682.96,Ineficiente,512.22
2026-12-04,México,Monterrey,15.9,Casa,3,13,Alta,15,True,484.97,Ineficiente,363.73
2026-09-29,México,Ciudad de México,17.3,Departamento,1,6,Alta,10,True,185.56,Eficiente,139.17
2026-02-02,México,Mérida,24.8,Casa,1,10,Media,5,False,200.89,Eficiente,150.67
2026-07-31,Perú,Puno,8.6,Departamento,1,9,Alta,13,True,256.3,Moderado,192.23
2026-04-11,México,Monterrey,26.6,Casa,2,19,Alta,13,True,425.26,Moderado,318.94
2026-06-17,México,Ciudad de México,19.4,Departamento,2,9,Media,10,True,215.01,Eficiente,161.26
2026-05-04,México,Tijuana,19.3,Casa,5,7,Media,6,True,200.36,Eficiente,150.27
2026-05-31,México,Mérida,29.9,Casa,3,7,Alta,11,False,285.07,Moderado,213.8
2026-08-19,México,Mérida,31.4,Departamento,3,5,Alta,8,False,239.29,Eficiente,179.47
2026-04-30,México,Tijuana,17.2,Casa,5,17,Media,8,False,369.16,Moderado,276.87
2026-11-03,México,Ciudad de México,15.8,Casa,6,15,Baja,6,True,264.2,Moderado,198.15
2026-09-16,México,Tijuana,23.7,Departamento,2,8,Media,6,True,138.1,Eficiente,103.57
2026-01-31,Perú,Arequipa,17.5,Casa,8,10,Media,7,True,372.15,Moderado,279.11
2026-10-13,México,Tijuana,22.0,Casa,4,12,Baja,2,True,232.59,Eficiente,174.44
2026-11-14,México,Ciudad de México,15.6,Casa,7,9,Media,8,True,427.18,Moderado,320.38
2026-06-05,México,Tijuana,20.8,Local,8,27,Media,9,True,768.89,Ineficiente,576.67
2026-02-14,Perú,Cusco,13.9,Casa,5,18,Media,8,True,389.64,Moderado,292.23
2026-08-10,Perú,Lima,17.5,Casa,5,13,Baja,6,True,238.16,Eficiente,178.62
2026-08-13,Colombia,Barranquilla,28.2,Casa,8,21,Alta,11,False,947.39,Ineficiente,710.54
2026-04-24,México,Ciudad de México,17.7,Local,10,23,Media,5,True,858.75,Ineficiente,644.06
2026-02-22,Colombia,Bucaramanga,22.8,Casa,1,8,Alta,15,True,357.42,Moderado,268.06
2026-03-27,México,Ciudad de México,16.0,Casa,7,13,Alta,11,True,589.29,Ineficiente,441.97
2026-01-18,México,Monterrey,14.3,Casa,10,9,Alta,15,False,414.4,Moderado,310.8
2026-05-20,Perú,Lima,21.0,Casa,3,6,Media,8,True,370.78,Moderado,278.08
2026-03-12,Colombia,Cali,23.7,Casa,5,15,Media,5,True,392.52,Moderado,294.39
2026-06-25,México,Ciudad de México,18.6,Departamento,3,7,Baja,5,True,145.74,Eficiente,109.3
2026-04-23,Perú,Cusco,13.3,Casa,7,7,Baja,6,True,184.48,Eficiente,138.36
2026-02-25,Colombia,Bogotá,14.1,Departamento,3,7,Alta,14,True,294.77,Moderado,221.08
2026-01-25,Perú,Cusco,13.9,Local,3,12,Media,5,False,390.55,Moderado,292.91
2026-06-13,Colombia,Bucaramanga,21.2,Casa,8,12,Alta,15,True,568.01,Ineficiente,426.01
2026-03-07,México,Guadalajara,21.7,Departamento,1,14,Baja,6,True,194.54,Eficiente,145.9
2026-06-15,México,Guadalajara,25.4,Casa,7,8,Media,6,True,197.23,Eficiente,147.92
2026-08-21,México,Ciudad de México,17.4,Local,3,14,Media,5,True,602.39,Ineficiente,451.79
2026-02-18,Colombia,Bucaramanga,23.6,Casa,5,11,Media,5,True,377.91,Moderado,283.43
2026-12-01,Perú,Lima,25.5,Local,5,16,Baja,3,True,671.73,Ineficiente,503.8
2026-01-09,México,Guadalajara,19.3,Casa,2,21,Alta,15,True,472.67,Ineficiente,354.5
2026-03-29,México,Mérida,26.4,Casa,4,11,Media,8,True,309.67,Moderado,232.25
2026-09-07,Colombia,Bogotá,13.8,Local,10,19,Media,7,True,1205.64,Ineficiente,904.23
2026-07-27,Perú,Puno,7.7,Casa,4,10,Alta,8,True,292.79,Moderado,219.59
2026-02-18,Colombia,Medellín,21.1,Casa,6,20,Baja,2,True,255.29,Moderado,191.47
2026-07-05,México,Monterrey,31.7,Casa,3,20,Alta,12,True,539.83,Ineficiente,404.87
2026-10-27,México,Ciudad de México,17.2,Casa,4,9,Baja,3,True,203.33,Eficiente,152.5
2026-02-11,Perú,Lima,28.0,Casa,6,7,Media,6,True,422.19,Moderado,316.64
2026-08-28,México,Guadalajara,23.4,Departamento,3,10,Media,9,True,191.89,Eficiente,143.92
2026-11-30,Colombia,Bucaramanga,23.4,Casa,5,11,Baja,6,True,264.15,Moderado,198.11
2026-06-26,México,Monterrey,32.0,Departamento,4,13,Alta,15,True,313.25,Moderado,234.94
2026-09-30,Colombia,Bucaramanga,22.1,Departamento,1,5,Alta,8,True,189.47,Eficiente,142.1
2026-07-25,México,Monterrey,33.0,Casa,3,17,Media,6,False,431.31,Moderado,323.48
2026-12-12,Colombia,Bogotá,13.1,Departamento,2,6,Media,7,True,134.14,Eficiente,100.6
2026-04-04,México,Ciudad de México,18.0,Local,2,19,Alta,15,True,907.46,Ineficiente,680.6
2026-10-18,México,Guadalajara,23.0,Casa,3,11,Alta,12,True,525.29,Ineficiente,393.97
2026-06-20,México,Tijuana,20.3,Casa,5,12,Media,4,True,298.43,Moderado,223.82
2026-11-07,México,Ciudad de México,15.1,Casa,7,17,Alta,11,True,448.44,Moderado,336.33
2026-11-30,Colombia,Bogotá,13.6,Casa,1,18,Alta,14,True,407.51,Moderado,305.63
2026-09-22,Colombia,Barranquilla,28.1,Departamento,2,8,Media,7,True,118.82,Eficiente,89.12
2026-03-09,México,Ciudad de México,16.2,Departamento,3,9,Baja,5,True,124.61,Eficiente,93.46
2026-08-12,México,Guadalajara,24.6,Departamento,2,11,Media,10,False,180.55,Eficiente,135.41
2026-11-22,Perú,Cusco,14.5,Departamento,3,10,Baja,3,False,145.28,Eficiente,108.96
2026-08-19,México,Guadalajara,24.8,Departamento,1,7,Media,10,True,330.95,Moderado,248.21
2026-04-05,México,Tijuana,16.3,Local,5,18,Media,8,True,496.49,Ineficiente,372.37
2026-11-06,México,Ciudad de México,15.6,Local,1,16,Media,10,True,388.17,Moderado,291.13
2026-11-08,Perú,Lima,22.2,Casa,2,12,Media,7,True,350.68,Moderado,263.01
2026-04-03,México,Mérida,29.1,Casa,7,20,Baja,5,True,288.05,Moderado,216.04
2026-02-11,México,Ciudad de México,13.7,Casa,3,8,Alta,11,True,257.77,Moderado,193.33
2026-06-17,Colombia,Barranquilla,28.5,Departamento,3,11,Baja,2,False,111.34,Eficiente,83.5
2026-08-22,México,Tijuana,24.5,Local,2,10,Alta,15,True,919.1,Ineficiente,689.32
2026-08-23,México,Mérida,31.7,Casa,10,15,Media,8,True,317.88,Moderado,238.41
2026-01-01,Perú,Lima,26.2,Casa,8,14,Baja,5,True,347.53,Moderado,260.65
2026-04-14,México,Mérida,29.2,Local,2,13,Baja,5,False,424.05,Moderado,318.04
2026-04-27,México,Ciudad de México,17.0,Departamento,2,8,Media,10,False,195.09,Eficiente,146.32
2026-07-17,Colombia,Medellín,20.2,Departamento,2,8,Baja,3,True,138.84,Eficiente,104.13
2026-10-29,México,Monterrey,24.1,Local,5,13,Baja,2,True,463.14,Ineficiente,347.36
2026-09-23,Perú,Cusco,12.8,Casa,5,10,Media,10,True,308.72,Moderado,231.54
2026-07-24,México,Mérida,31.0,Casa,5,18,Media,5,True,452.34,Ineficiente,339.26
2026-08-05,Colombia,Medellín,20.5,Departamento,3,5,Media,10,False,209.05,Eficiente,156.79
2026-12-05,México,Ciudad de México,14.1,Casa,6,11,Alta,13,False,463.74,Ineficiente,347.8
2026-06-05,Colombia,Barranquilla,29.1,Departamento,2,13,Media,7,False,177.99,Eficiente,133.49
2026-06-05,Perú,Arequipa,13.7,Casa,6,12,Media,4,True,288.14,Moderado,216.1
2026-09-30,México,Mérida,29.9,Casa,6,14,Media,5,True,354.23,Moderado,265.67
2026-02-10,Perú,Cusco,13.5,Departamento,1,6,Alta,14,False,211.37,Eficiente,158.53
2026-06-08,México,Ciudad de México,19.8,Casa,6,11,Media,8,True,402.17,Moderado,301.63
2026-04-30,Colombia,Bucaramanga,22.8,Casa,4,10,Media,9,True,295.87,Moderado,221.9
2026-04-25,Colombia,Bogotá,14.5,Departamento,3,12,Baja,5,True,251.89,Moderado,188.92
2026-05-06,México,Guadalajara,25.3,Casa,4,12,Baja,3,True,217.8,Eficiente,163.35
2026-12-19,Perú,Arequipa,17.8,Casa,8,20,Media,10,True,404.45,Moderado,303.34
2026-07-03,Colombia,Medellín,20.2,Casa,6,14,Baja,4,True,225.27,Eficiente,168.95
2026-09-07,México,Tijuana,22.9,Local,8,31,Media,9,True,773.09,Ineficiente,579.82
2026-08-03,Perú,Piura,22.8,Local,5,15,Media,8,False,373.95,Moderado,280.46
2026-02-03,Colombia,Bucaramanga,22.5,Casa,5,18,Media,9,True,249.69,Eficiente,187.27
2026-09-24,Colombia,Barranquilla,29.8,Departamento,3,9,Media,4,False,169.43,Eficiente,127.07
2026-09-20,Perú,Arequipa,15.3,Local,1,15,Media,9,True,632.63,Ineficiente,474.47
2026-07-23,Perú,Puno,7.3,Departamento,3,5,Baja,1,True,120.4,Eficiente,90.3
2026-02-14,México,Monterrey,18.5,Casa,3,20,Baja,2,True,255.35,Moderado,191.51
2026-03-22,Colombia,Cali,23.6,Departamento,2,9,Media,6,True,241.44,Eficiente,181.08
2026-10-02,Colombia,Cali,23.4,Local,15,27,Alta,14,True,1590.49,Ineficiente,1192.87
2026-08-09,Perú,Puno,8.3,Casa,5,10,Media,9,True,230.8,Eficiente,173.1
2026-01-24,Colombia,Medellín,22.2,Departamento,4,5,Media,4,True,182.91,Eficiente,137.18
2026-04-30,México,Mérida,29.6,Casa,4,19,Alta,10,True,445.67,Moderado,334.25
2026-06-11,Perú,Piura,24.0,Casa,4,17,Alta,15,True,525.8,Ineficiente,394.35
2026-04-13,México,Guadalajara,23.8,Casa,7,8,Media,5,True,377.08,Moderado,282.81
2026-10-15,Colombia,Bucaramanga,23.4,Casa,2,8,Baja,5,True,190.87,Eficiente,143.15
2026-11-30,Colombia,Bucaramanga,23.7,Casa,4,8,Media,4,True,243.33,Eficiente,182.5
2026-11-16,México,Ciudad de México,15.2,Casa,2,8,Media,4,True,227.37,Eficiente,170.53
2026-06-15,Colombia,Bogotá,12.0,Departamento,6,9,Alta,11,True,175.54,Eficiente,131.66
2026-09-20,México,Tijuana,23.2,Local,10,33,Baja,5,True,940.59,Ineficiente,705.44
2026-01-03,Colombia,Cali,23.7,Casa,3,6,Media,10,True,277.2,Moderado,207.9
2026-12-14,Colombia,Cali,24.9,Departamento,3,7,Alta,13,False,237.44,Eficiente,178.08
2026-04-10,Colombia,Medellín,22.3,Casa,7,23,Baja,4,True,495.82,Ineficiente,371.86
2026-03-15,México,Tijuana,16.9,Local,5,17,Media,8,True,693.32,Ineficiente,519.99
2026-12-10,México,Guadalajara,18.3,Casa,1,18,Media,10,True,403.85,Moderado,302.89
2026-08-24,Colombia,Bucaramanga,22.9,Departamento,2,11,Media,5,True,160.46,Eficiente,120.34
2026-05-20,México,Ciudad de México,18.9,Casa,4,9,Media,5,True,330.25,Moderado,247.69
2026-02-13,México,Tijuana,14.2,Casa,3,14,Media,9,True,438.7,Moderado,329.02
2026-04-30,Colombia,Bogotá,14.1,Casa,8,12,Media,10,True,265.54,Moderado,199.16
2026-06-20,Perú,Puno,8.5,Departamento,2,4,Media,4,False,129.1,Eficiente,96.82
2026-07-09,Colombia,Bucaramanga,22.0,Departamento,2,9,Media,5,True,280.76,Moderado,210.57
2026-06-09,Perú,Puno,8.9,Local,5,16,Alta,13,True,720.4,Ineficiente,540.3
2026-11-21,Colombia,Bucaramanga,23.2,Local,5,19,Baja,1,True,575.8,Ineficiente,431.85
2026-07-23,Colombia,Bogotá,12.8,Casa,3,19,Baja,5,False,209.14,Eficiente,156.85
2026-09-27,México,Ciudad de México,18.6,Local,5,22,Media,5,True,425.4,Moderado,319.05
2026-01-18,Colombia,Barranquilla,27.9,Local,1,21,Media,4,False,503.15,Ineficiente,377.36
2026-02-10,Perú,Piura,29.4,Casa,4,13,Alta,9,False,453.89,Ineficiente,340.42
2026-04-25,México,Monterrey,26.5,Casa,5,11,Media,4,True,348.96,Moderado,261.72
2026-09-18,Perú,Arequipa,15.7,Departamento,4,8,Alta,11,False,194.53,Eficiente,145.9
2026-04-05,México,Mérida,28.9,Departamento,1,6,Baja,3,True,100.25,Eficiente,75.19
2026-05-26,México,Mérida,30.9,Casa,6,22,Alta,11,False,504.33,Ineficiente,378.25
2026-10-08,Colombia,Bucaramanga,22.2,Departamento,2,6,Baja,2,False,130.63,Eficiente,97.97
2026-08-19,México,Mérida,31.9,Casa,4,12,Media,7,False,459.78,Ineficiente,344.84
2026-04-12,México,Tijuana,17.0,Departamento,6,4,Media,5,True,194.11,Eficiente,145.58
2026-03-14,Perú,Arequipa,17.1,Departamento,2,5,Media,4,False,144.21,Eficiente,108.16
2026-05-20,Colombia,Medellín,22.1,Local,10,19,Alta,13,True,1497.62,Ineficiente,1123.21
2026-02-27,México,Mérida,24.8,Casa,5,20,Alta,12,False,458.04,Ineficiente,343.53
2026-01-25,Colombia,Bogotá,14.8,Casa,2,8,Baja,4,False,251.62,Moderado,188.72
2026-10-18,México,Mérida,29.2,Departamento,5,4,Media,8,True,200.06,Eficiente,150.05
2026-08-22,México,Ciudad de México,17.8,Casa,6,9,Alta,9,False,387.19,Moderado,290.39
2026-05-14,Perú,Lima,22.0,Departamento,2,5,Baja,4,True,162.11,Eficiente,121.58
2026-06-12,México,Ciudad de México,18.1,Casa,6,5,Alta,14,False,514.86,Ineficiente,386.14
2026-08-23,Colombia,Medellín,20.4,Casa,5,15,Baja,4,False,257.39,Moderado,193.04
2026-02-10,Colombia,Barranquilla,28.2,Departamento,4,7,Media,10,False,150.27,Eficiente,112.7
2026-04-29,Perú,Puno,10.3,Departamento,3,8,Media,8,False,214.0,Eficiente,160.5
2026-07-02,México,Monterrey,31.1,Local,2,26,Media,8,True,766.4,Ineficiente,574.8
2026-04-26,Colombia,Bucaramanga,23.4,Casa,5,9,Alta,11,False,472.45,Ineficiente,354.34
2026-04-29,Colombia,Bucaramanga,23.7,Local,3,22,Alta,15,True,977.91,Ineficiente,733.43
2026-06-22,Colombia,Cali,23.2,Casa,6,11,Alta,10,True,351.09,Moderado,263.32
2026-07-05,México,Guadalajara,23.4,Casa,3,17,Alta,12,True,476.4,Ineficiente,357.3
2026-09-17,México,Ciudad de México,17.0,Departamento,2,8,Baja,2,True,140.07,Eficiente,105.05
2026-08-30,Perú,Piura,23.9,Casa,5,11,Media,4,True,230.13,Eficiente,172.6
2026-06-14,Perú,Cusco,11.2,Casa,6,11,Baja,4,True,235.19,Eficiente,176.39
2026-04-02,México,Mérida,29.7,Casa,6,13,Media,9,True,418.84,Moderado,314.13
2026-11-13,México,Monterrey,20.6,Casa,5,11,Baja,4,True,282.21,Moderado,211.66
2026-04-10,Colombia,Bucaramanga,23.0,Local,15,24,Alta,12,True,1554.62,Ineficiente,1165.96
2026-08-29,México,Tijuana,23.3,Casa,5,21,Alta,15,True,593.91,Ineficiente,445.43
2026-03-12,Perú,Puno,11.7,Local,8,12,Baja,3,True,512.19,Ineficiente,384.14
2026-02-10,México,Mérida,25.3,Casa,7,16,Baja,5,True,362.98,Moderado,272.24
2026-02-12,Perú,Puno,11.5,Casa,8,14,Media,8,True,340.77,Moderado,255.58
2026-06-02,Colombia,Cali,23.6,Local,15,30,Media,9,True,1857.21,Ineficiente,1392.91
2026-12-02,Perú,Piura,27.1,Casa,3,10,Media,8,True,236.85,Eficiente,177.64
2026-09-18,México,Monterrey,29.6,Casa,3,17,Media,7,True,238.31,Eficiente,178.73
2026-04-10,México,Tijuana,17.6,Casa,7,11,Media,9,False,301.45,Moderado,226.09
2026-04-08,Perú,Lima,25.9,Casa,4,14,Alta,15,False,461.4,Ineficiente,346.05
2026-11-14,México,Mérida,26.2,Casa,5,15,Baja,2,False,271.46,Moderado,203.59
2026-01-02,México,Mérida,24.4,Local,2,18,Baja,6,True,293.96,Moderado,220.47
2026-04-20,México,Monterrey,26.9,Local,5,24,Alta,10,False,798.53,Ineficiente,598.9
2026-03-31,Perú,Piura,28.0,Departamento,3,9,Baja,4,True,181.68,Eficiente,136.26
2026-09-24,Colombia,Barranquilla,29.5,Casa,1,21,Alta,12,True,413.02,Moderado,309.76
2026-12-02,México,Ciudad de México,13.1,Departamento,1,11,Baja,1,True,165.72,Eficiente,124.29
2026-12-01,México,Monterrey,15.7,Casa,5,17,Media,5,True,270.03,Moderado,202.52
2026-12-11,Colombia,Bucaramanga,23.2,Departamento,2,12,Media,6,False,186.51,Eficiente,139.88
2026-10-16,México,Tijuana,21.9,Casa,5,18,Media,5,True,384.18,Moderado,288.14
2026-09-11,México,Tijuana,22.5,Casa,5,16,Media,4,True,310.87,Moderado,233.15
2026-10-01,Colombia,Bogotá,13.1,Casa,4,10,Alta,11,True,430.26,Moderado,322.7
2026-01-17,Perú,Puno,11.7,Casa,7,14,Alta,11,True,755.78,Ineficiente,566.84
2026-11-16,Perú,Puno,11.6,Casa,2,15,Baja,2,False,254.77,Moderado,191.08
2026-02-22,Colombia,Medellín,21.1,Casa,4,10,Alta,13,True,499.31,Ineficiente,374.48
2026-04-18,Perú,Cusco,12.6,Departamento,4,8,Media,6,True,218.96,Eficiente,164.22
2026-11-28,Colombia,Cali,23.1,Local,8,10,Alta,9,True,631.09,Ineficiente,473.32
2026-09-12,México,Tijuana,23.1,Casa,3,15,Media,7,True,286.87,Moderado,215.15
2026-05-05,Perú,Arequipa,14.4,Casa,4,10,Baja,3,False,142.96,Eficiente,107.22
2026-08-02,Colombia,Barranquilla,28.1,Casa,2,22,Alta,14,False,606.05,Ineficiente,454.54
2026-11-07,México,Ciudad de México,15.7,Casa,5,13,Media,8,True,251.47,Moderado,188.6
2026-08-05,México,Tijuana,24.5,Departamento,6,5,Baja,1,False,185.12,Eficiente,138.84
2026-07-22,México,Tijuana,23.7,Departamento,4,12,Media,7,True,208.26,Eficiente,156.2
2026-01-23,México,Mérida,24.7,Casa,3,16,Baja,5,True,288.34,Moderado,216.26
2026-06-09,México,Ciudad de México,19.8,Departamento,3,8,Alta,14,True,257.8,Moderado,193.35
2026-01-30,Colombia,Medellín,21.2,Casa,4,16,Baja,6,True,231.77,Eficiente,173.83
2026-06-12,Colombia,Barranquilla,28.7,Local,8,9,Media,5,True,450.19,Ineficiente,337.64
2026-12-20,Colombia,Bucaramanga,23.5,Casa,1,19,Media,5,True,247.41,Eficiente,185.56
2026-04-13,México,Ciudad de México,18.9,Departamento,4,10,Alta,9,False,242.25,Eficiente,181.69
2026-01-15,Colombia,Cali,24.9,Casa,7,7,Media,4,True,296.03,Moderado,222.02
2026-01-26,Colombia,Bucaramanga,22.6,Casa,5,15,Media,7,False,363.46,Moderado,272.59
2026-03-26,Colombia,Medellín,22.5,Casa,3,13,Baja,1,False,208.84,Eficiente,156.63
2026-07-17,México,Monterrey,32.2,Local,5,19,Media,5,True,701.78,Ineficiente,526.34
2026-09-09,México,Guadalajara,24.1,Local,15,17,Media,8,True,1475.37,Ineficiente,1106.53
2026-08-24,Perú,Lima,18.4,Departamento,5,11,Media,6,False,315.86,Moderado,236.9
2026-05-02,México,Tijuana,18.1,Local,10,20,Media,5,True,1290.43,Ineficiente,967.82
2026-12-25,Perú,Arequipa,16.5,Casa,5,7,Baja,3,True,203.85,Eficiente,152.89
2026-08-16,Perú,Lima,18.4,Departamento,3,7,Media,5,True,128.3,Eficiente,96.22
2026-01-01,México,Ciudad de México,13.6,Departamento,3,9,Baja,1,False,88.31,Eficiente,66.23
2026-03-07,Perú,Arequipa,17.7,Departamento,3,7,Media,10,True,309.38,Moderado,232.04
2026-10-09,México,Guadalajara,23.8,Casa,6,9,Media,6,True,183.86,Eficiente,137.9
2026-12-10,Colombia,Bucaramanga,23.2,Casa,5,15,Baja,2,True,271.77,Moderado,203.83
2026-06-26,México,Mérida,31.7,Casa,4,16,Baja,5,True,241.69,Eficiente,181.27
2026-03-05,Colombia,Bucaramanga,23.7,Casa,6,10,Media,5,True,350.25,Moderado,262.69
2026-05-16,México,Guadalajara,25.5,Departamento,5,13,Media,4,False,160.32,Eficiente,120.24
2026-01-19,Colombia,Medellín,21.4,Casa,2,11,Media,9,False,232.64,Eficiente,174.48
2026-01-06,Colombia,Medellín,21.8,Casa,5,24,Media,4,True,416.12,Moderado,312.09
2026-03-09,Colombia,Bucaramanga,23.0,Departamento,1,8,Alta,13,False,348.32,Moderado,261.24
2026-03-10,México,Ciudad de México,16.0,Local,3,17,Alta,14,False,755.03,Ineficiente,566.27
2026-11-17,Perú,Cusco,13.9,Casa,3,13,Baja,4,True,236.05,Eficiente,177.04
2026-05-18,México,Mérida,30.9,Casa,4,11,Media,5,False,358.05,Moderado,268.54
2026-10-13,México,Monterrey,24.3,Departamento,2,6,Media,6,False,143.74,Eficiente,107.8
2026-10-29,México,Guadalajara,22.4,Casa,5,15,Media,5,False,409.18,Moderado,306.88
2026-07-06,México,Monterrey,31.4,Casa,3,8,Media,5,True,310.7,Moderado,233.02
2026-05-08,México,Guadalajara,25.8,Local,10,16,Media,5,True,833.5,Ineficiente,625.12
2026-12-16,Colombia,Medellín,21.5,Departamento,6,4,Baja,6,False,150.98,Eficiente,113.23
2026-01-23,Perú,Arequipa,17.7,Casa,5,9,Media,7,True,378.34,Moderado,283.76
2026-04-25,México,Monterrey,25.8,Casa,6,11,Media,7,True,337.28,Moderado,252.96
2026-09-23,México,Mérida,29.5,Casa,5,24,Baja,6,True,333.45,Moderado,250.09
2026-01-08,México,Mérida,25.0,Casa,2,16,Alta,11,True,266.2,Moderado,199.65
2026-11-06,Perú,Puno,12.9,Casa,6,13,Media,8,True,319.24,Moderado,239.43
2026-04-09,Perú,Arequipa,16.0,Departamento,3,8,Alta,11,False,198.33,Eficiente,148.75
2026-07-29,México,Ciudad de México,18.6,Casa,3,11,Baja,5,True,273.98,Moderado,205.48
2026-02-26,Colombia,Medellín,21.4,Casa,5,14,Baja,4,False,388.45,Moderado,291.34
2026-06-16,Colombia,Barranquilla,28.5,Local,1,13,Media,6,True,347.4,Moderado,260.55
2026-11-19,Colombia,Bogotá,13.2,Local,8,33,Baja,6,True,795.54,Ineficiente,596.66
2026-01-03,Perú,Cusco,14.2,Departamento,4,9,Alta,15,False,250.17,Moderado,187.63
2026-03-01,Perú,Lima,27.9,Departamento,4,12,Media,6,True,260.0,Moderado,195.0
2026-01-08,Colombia,Bucaramanga,23.5,Casa,1,20,Alta,13,False,405.5,Moderado,304.12
2026-02-12,Colombia,Cali,24.8,Casa,10,22,Media,10,True,588.93,Ineficiente,441.7
2026-04-10,Colombia,Cali,23.9,Local,5,22,Media,7,True,878.12,Ineficiente,658.59
2026-11-16,Colombia,Bogotá,13.8,Departamento,3,12,Baja,2,False,231.46,Eficiente,173.6
2026-09-02,Perú,Lima,19.0,Casa,5,17,Baja,1,True,308.46,Moderado,231.34
2026-06-22,México,Ciudad de México,18.4,Departamento,1,5,Baja,2,False,150.59,Eficiente,112.94
2026-11-02,México,Tijuana,17.5,Departamento,3,8,Baja,2,True,120.95,Eficiente,90.71
2026-07-22,Colombia,Medellín,20.2,Casa,1,9,Media,5,True,264.94,Moderado,198.7
2026-01-17,Colombia,Bucaramanga,23.1,Local,20,25,Baja,2,True,868.92,Ineficiente,651.69
2026-03-13,México,Mérida,26.3,Local,5,18,Media,10,True,689.61,Ineficiente,517.21
2026-01-17,Colombia,Bucaramanga,22.9,Casa,6,10,Alta,11,True,492.91,Ineficiente,369.68
2026-08-12,México,Ciudad de México,18.0,Departamento,2,6,Media,6,False,137.98,Eficiente,103.48
2026-08-31,México,Tijuana,24.7,Local,3,16,Alta,12,True,780.22,Ineficiente,585.16
2026-11-23,México,Ciudad de México,15.8,Departamento,2,7,Alta,12,True,168.98,Eficiente,126.73
2026-11-12,México,Monterrey,20.2,Departamento,5,9,Media,4,False,191.74,Eficiente,143.8
2026-07-22,México,Mérida,31.5,Casa,6,11,Alta,12,False,325.9,Moderado,244.42
2026-07-29,México,Guadalajara,23.6,Casa,1,15,Media,10,True,241.03,Eficiente,180.77
2026-02-22,Colombia,Barranquilla,27.3,Casa,10,13,Alta,12,False,832.09,Ineficiente,624.07
2026-06-27,Perú,Lima,20.8,Departamento,3,10,Media,10,True,301.31,Moderado,225.98
2026-03-09,México,Guadalajara,23.0,Local,3,14,Alta,11,True,546.5,Ineficiente,409.88
2026-12-19,México,Tijuana,15.8,Casa,3,16,Media,7,True,304.09,Moderado,228.07
2026-08-23,Perú,Piura,23.0,Local,5,12,Alta,13,True,1280.51,Ineficiente,960.38
2026-06-21,Perú,Lima,20.9,Casa,4,13,Baja,3,True,310.48,Moderado,232.86
2026-10-02,México,Tijuana,20.9,Casa,5,11,Media,5,True,279.24,Moderado,209.43
2026-06-05,México,Monterrey,31.4,Casa,2,12,Baja,4,True,224.49,Eficiente,168.37
2026-07-04,Colombia,Bogotá,12.1,Casa,6,16,Alta,8,True,273.44,Moderado,205.08
2026-02-12,México,Tijuana,15.2,Local,1,17,Media,8,True,330.03,Moderado,247.52
2026-11-11,México,Ciudad de México,14.7,Departamento,5,7,Media,10,True,252.24,Moderado,189.18
2026-07-26,México,Ciudad de México,18.7,Casa,7,16,Baja,5,True,189.15,Eficiente,141.86
2026-03-17,México,Ciudad de México,16.3,Casa,5,11,Baja,2,True,148.12,Eficiente,111.09
2026-04-29,México,Tijuana,17.2,Casa,5,15,Media,5,False,308.44,Moderado,231.33
2026-07-27,Colombia,Bogotá,12.2,Casa,7,12,Alta,14,False,319.25,Moderado,239.44
2026-12-07,México,Guadalajara,19.1,Local,3,21,Baja,2,True,477.6,Ineficiente,358.2
2026-04-13,Colombia,Bucaramanga,22.1,Local,5,23,Alta,15,True,1483.45,Ineficiente,1112.59
2026-03-04,Colombia,Barranquilla,29.5,Departamento,2,8,Media,4,False,170.89,Eficiente,128.17
2026-08-20,Perú,Cusco,10.6,Local,15,12,Baja,2,True,489.8,Ineficiente,367.35
2026-06-11,Colombia,Bogotá,13.4,Departamento,3,11,Media,8,True,237.67,Eficiente,178.25
2026-09-06,Perú,Lima,18.0,Casa,7,6,Baja,1,True,226.87,Eficiente,170.15
2026-02-08,Perú,Cusco,14.5,Casa,5,12,Media,8,True,315.18,Moderado,236.38
2026-07-21,Perú,Piura,22.4,Casa,4,9,Baja,4,True,152.22,Eficiente,114.16
2026-06-07,Colombia,Cali,23.9,Local,2,25,Media,5,True,541.07,Ineficiente,405.8
2026-11-12,México,Tijuana,17.8,Casa,2,10,Media,7,False,370.49,Moderado,277.87
2026-09-10,Colombia,Barranquilla,29.6,Departamento,4,12,Baja,5,True,177.07,Eficiente,132.8
2026-03-19,Perú,Lima,27.0,Departamento,1,9,Alta,9,False,300.28,Moderado,225.21
2026-07-25,Colombia,Medellín,21.9,Casa,5,14,Media,6,False,418.42,Moderado,313.82
2026-07-21,México,Monterrey,32.4,Departamento,4,7,Alta,13,True,393.51,Moderado,295.13
2026-06-20,Perú,Lima,19.3,Local,10,17,Alta,15,True,1241.98,Ineficiente,931.48
2026-11-20,México,Ciudad de México,14.2,Casa,4,17,Alta,13,True,478.31,Ineficiente,358.73
2026-03-16,Colombia,Medellín,22.5,Casa,1,16,Alta,15,True,301.21,Moderado,225.91
2026-04-16,Perú,Puno,10.2,Departamento,4,13,Alta,14,False,509.89,Ineficiente,382.42
2026-03-14,México,Monterrey,21.4,Casa,1,7,Alta,9,False,292.08,Moderado,219.06
2026-07-30,Perú,Arequipa,13.5,Casa,6,8,Baja,5,False,281.21,Moderado,210.91
2026-07-11,Colombia,Barranquilla,28.8,Casa,2,19,Media,9,True,350.74,Moderado,263.06
2026-05-28,Colombia,Cali,25.0,Casa,7,15,Baja,4,True,344.66,Moderado,258.5
2026-04-12,Colombia,Bucaramanga,23.9,Casa,6,16,Baja,5,True,355.33,Moderado,266.5
2026-08-04,Perú,Arequipa,14.9,Casa,6,17,Media,10,True,447.05,Moderado,335.29
2026-02-15,Colombia,Bucaramanga,23.2,Casa,2,14,Baja,6,True,193.2,Eficiente,144.9
